Crop_Name,Suitable_Season,State,Average_Cost_Per_Acre,Seed_Cost,Fertilizer_Cost,Labour_Cost,Irrigation_Cost,Machinery_Cost,Other_Cost,Total_Cost,Cost_Unit,Source,Last_Updated
rice,Kharif,West Bengal,26020,1800,4800,11200,2720,3800,1700,26020,INR/Acre,"CACP Cost of Cultivation Scheme (DES, MoA&FW)",2024-2025
rice,Kharif,Punjab,30064,1800,4800,14000,3584,4180,1700,30064,INR/Acre,"CACP Cost of Cultivation Scheme (DES, MoA&FW)",2024-2025
rice,Kharif,Uttar Pradesh,25482,1800,4800,10304,3200,3678,1700,25482,INR/Acre,"CACP Cost of Cultivation Scheme (DES, MoA&FW)",2024-2025
rice,Kharif,Andhra Pradesh,27932,1800,4800,12320,3360,3952,1700,27932,INR/Acre,"CACP Cost of Cultivation Scheme (DES, MoA&FW)",2024-2025
rice,Kharif,Telangana,27932,1800,4800,12320,3360,3952,1700,27932,INR/Acre,"CACP Cost of Cultivation Scheme (DES, MoA&FW)",2024-2025
rice,Kharif,Tamil Nadu,28346,1800,4800,12544,3520,3982,1700,28346,INR/Acre,"CACP Cost of Cultivation Scheme (DES, MoA&FW)",2024-2025
rice,Kharif,Odisha,24590,1800,4800,9856,2816,3618,1700,24590,INR/Acre,"CACP Cost of Cultivation Scheme (DES, MoA&FW)",2024-2025
rice,Kharif,Bihar,24654,1800,4800,9856,2880,3618,1700,24654,INR/Acre,"CACP Cost of Cultivation Scheme (DES, MoA&FW)",2024-2025
rice,Kharif,Assam,25670,1800,4800,10976,2624,3770,1700,25670,INR/Acre,"CACP Cost of Cultivation Scheme (DES, MoA&FW)",2024-2025
rice,Kharif,Chhattisgarh,25228,1800,4800,10080,3200,3648,1700,25228,INR/Acre,"CACP Cost of Cultivation Scheme (DES, MoA&FW)",2024-2025
rice,Kharif,Haryana,29682,1800,4800,13664,3584,4134,1700,29682,INR/Acre,"CACP Cost of Cultivation Scheme (DES, MoA&FW)",2024-2025
rice,Kharif,Kerala,30472,1800,4800,15120,2720,4332,1700,30472,INR/Acre,"CACP Cost of Cultivation Scheme (DES, MoA&FW)",2024-2025
rice,Kharif,Karnataka,27932,1800,4800,12320,3360,3952,1700,27932,INR/Acre,"CACP Cost of Cultivation Scheme (DES, MoA&FW)",2024-2025
rice,Kharif,Maharashtra,27774,1800,4800,12096,3456,3922,1700,27774,INR/Acre,"CACP Cost of Cultivation Scheme (DES, MoA&FW)",2024-2025
rice,Kharif,Tripura,25482,1800,4800,10304,3200,3678,1700,25482,INR/Acre,"CACP Cost of Cultivation Scheme (DES, MoA&FW)",2024-2025
rice,Kharif,Jharkhand,24974,1800,4800,9856,3200,3618,1700,24974,INR/Acre,"CACP Cost of Cultivation Scheme (DES, MoA&FW)",2024-2025
rice,Kharif,Meghalaya,25228,1800,4800,10080,3200,3648,1700,25228,INR/Acre,"CACP Cost of Cultivation Scheme (DES, MoA&FW)",2024-2025
rice,Kharif,Manipur,25228,1800,4800,10080,3200,3648,1700,25228,INR/Acre,"CACP Cost of Cultivation Scheme (DES, MoA&FW)",2024-2025
rice,Kharif,Nagaland,25228,1800,4800,10080,3200,3648,1700,25228,INR/Acre,"CACP Cost of Cultivation Scheme (DES, MoA&FW)",2024-2025
rice,Kharif,Mizoram,25228,1800,4800,10080,3200,3648,1700,25228,INR/Acre,"CACP Cost of Cultivation Scheme (DES, MoA&FW)",2024-2025
rice,Kharif,Arunachal Pradesh,25228,1800,4800,10080,3200,3648,1700,25228,INR/Acre,"CACP Cost of Cultivation Scheme (DES, MoA&FW)",2024-2025
rice,Kharif,Goa,29044,1800,4800,13440,3200,4104,1700,29044,INR/Acre,"CACP Cost of Cultivation Scheme (DES, MoA&FW)",2024-2025
rice,Kharif,Puducherry,28790,1800,4800,13216,3200,4074,1700,28790,INR/Acre,"CACP Cost of Cultivation Scheme (DES, MoA&FW)",2024-2025
rice,Kharif,Gujarat,27743,1800,4800,11872,3680,3891,1700,27743,INR/Acre,"CACP Cost of Cultivation Scheme (DES, MoA&FW)",2024-2025
wheat,Rabi,Uttar Pradesh,22158,2544,4452,6900,2800,3872,1590,22158,INR/Acre,"CACP Cost of Cultivation Scheme (DES, MoA&FW)",2024-2025
wheat,Rabi,Madhya Pradesh,22158,2544,4452,6900,2800,3872,1590,22158,INR/Acre,"CACP Cost of Cultivation Scheme (DES, MoA&FW)",2024-2025
wheat,Rabi,Punjab,25497,2544,4452,9375,3136,4400,1590,25497,INR/Acre,"CACP Cost of Cultivation Scheme (DES, MoA&FW)",2024-2025
wheat,Rabi,Haryana,25224,2544,4452,9150,3136,4352,1590,25224,INR/Acre,"CACP Cost of Cultivation Scheme (DES, MoA&FW)",2024-2025
wheat,Rabi,Rajasthan,23390,2544,4452,7500,3304,4000,1590,23390,INR/Acre,"CACP Cost of Cultivation Scheme (DES, MoA&FW)",2024-2025
wheat,Rabi,Bihar,21514,2544,4452,6600,2520,3808,1590,21514,INR/Acre,"CACP Cost of Cultivation Scheme (DES, MoA&FW)",2024-2025
wheat,Rabi,Gujarat,23852,2544,4452,7950,3220,4096,1590,23852,INR/Acre,"CACP Cost of Cultivation Scheme (DES, MoA&FW)",2024-2025
wheat,Rabi,Maharashtra,23838,2544,4452,8100,3024,4128,1590,23838,INR/Acre,"CACP Cost of Cultivation Scheme (DES, MoA&FW)",2024-2025
wheat,Rabi,Uttarakhand,23341,2544,4452,7875,2800,4080,1590,23341,INR/Acre,"CACP Cost of Cultivation Scheme (DES, MoA&FW)",2024-2025
wheat,Rabi,Himachal Pradesh,24524,2544,4452,8850,2800,4288,1590,24524,INR/Acre,"CACP Cost of Cultivation Scheme (DES, MoA&FW)",2024-2025
wheat,Rabi,Jammu and Kashmir,22886,2544,4452,7500,2800,4000,1590,22886,INR/Acre,"CACP Cost of Cultivation Scheme (DES, MoA&FW)",2024-2025
wheat,Rabi,Jharkhand,21794,2544,4452,6600,2800,3808,1590,21794,INR/Acre,"CACP Cost of Cultivation Scheme (DES, MoA&FW)",2024-2025
wheat,Rabi,West Bengal,22466,2544,4452,7500,2380,4000,1590,22466,INR/Acre,"CACP Cost of Cultivation Scheme (DES, MoA&FW)",2024-2025
maize,Kharif,Karnataka,19330,2500,3800,6820,1890,3120,1200,19330,INR/Acre,"CACP Cost of Cultivation Scheme (DES, MoA&FW)",2024-2025
maize,Kharif,Madhya Pradesh,17908,2500,3800,5704,1800,2904,1200,17908,INR/Acre,"CACP Cost of Cultivation Scheme (DES, MoA&FW)",2024-2025
maize,Kharif,Maharashtra,19236,2500,3800,6696,1944,3096,1200,19236,INR/Acre,"CACP Cost of Cultivation Scheme (DES, MoA&FW)",2024-2025
maize,Kharif,Bihar,17432,2500,3800,5456,1620,2856,1200,17432,INR/Acre,"CACP Cost of Cultivation Scheme (DES, MoA&FW)",2024-2025
maize,Kharif,Rajasthan,18824,2500,3800,6200,2124,3000,1200,18824,INR/Acre,"CACP Cost of Cultivation Scheme (DES, MoA&FW)",2024-2025
maize,Kharif,Uttar Pradesh,17908,2500,3800,5704,1800,2904,1200,17908,INR/Acre,"CACP Cost of Cultivation Scheme (DES, MoA&FW)",2024-2025
maize,Kharif,Gujarat,19214,2500,3800,6572,2070,3072,1200,19214,INR/Acre,"CACP Cost of Cultivation Scheme (DES, MoA&FW)",2024-2025
maize,Kharif,Telangana,19330,2500,3800,6820,1890,3120,1200,19330,INR/Acre,"CACP Cost of Cultivation Scheme (DES, MoA&FW)",2024-2025
maize,Kharif,Andhra Pradesh,19330,2500,3800,6820,1890,3120,1200,19330,INR/Acre,"CACP Cost of Cultivation Scheme (DES, MoA&FW)",2024-2025
maize,Kharif,Tamil Nadu,19568,2500,3800,6944,1980,3144,1200,19568,INR/Acre,"CACP Cost of Cultivation Scheme (DES, MoA&FW)",2024-2025
maize,Kharif,Himachal Pradesh,19832,2500,3800,7316,1800,3216,1200,19832,INR/Acre,"CACP Cost of Cultivation Scheme (DES, MoA&FW)",2024-2025
maize,Kharif,Punjab,20566,2500,3800,7750,2016,3300,1200,20566,INR/Acre,"CACP Cost of Cultivation Scheme (DES, MoA&FW)",2024-2025
maize,Rabi,Bihar,17882,2650,4028,5456,1620,2856,1272,17882,INR/Acre,"CACP Cost of Cultivation Scheme (DES, MoA&FW)",2024-2025
maize,Rabi,Andhra Pradesh,19780,2650,4028,6820,1890,3120,1272,19780,INR/Acre,"CACP Cost of Cultivation Scheme (DES, MoA&FW)",2024-2025
maize,Rabi,Telangana,19780,2650,4028,6820,1890,3120,1272,19780,INR/Acre,"CACP Cost of Cultivation Scheme (DES, MoA&FW)",2024-2025
maize,Rabi,Tamil Nadu,20018,2650,4028,6944,1980,3144,1272,20018,INR/Acre,"CACP Cost of Cultivation Scheme (DES, MoA&FW)",2024-2025
maize,Rabi,Maharashtra,19686,2650,4028,6696,1944,3096,1272,19686,INR/Acre,"CACP Cost of Cultivation Scheme (DES, MoA&FW)",2024-2025
maize,Rabi,Karnataka,19780,2650,4028,6820,1890,3120,1272,19780,INR/Acre,"CACP Cost of Cultivation Scheme (DES, MoA&FW)",2024-2025
maize,Rabi,West Bengal,18680,2650,4028,6200,1530,3000,1272,18680,INR/Acre,"CACP Cost of Cultivation Scheme (DES, MoA&FW)",2024-2025
mungbean,Kharif,Rajasthan,13716,1400,2500,4800,1416,2400,1200,13716,INR/Acre,"CACP Cost of Cultivation Scheme (DES, MoA&FW)",2024-2025
mungbean,Kharif,Madhya Pradesh,13039,1400,2500,4416,1200,2323,1200,13039,INR/Acre,"CACP Cost of Cultivation Scheme (DES, MoA&FW)",2024-2025
mungbean,Kharif,Maharashtra,14057,1400,2500,5184,1296,2477,1200,14057,INR/Acre,"CACP Cost of Cultivation Scheme (DES, MoA&FW)",2024-2025
mungbean,Kharif,Karnataka,14136,1400,2500,5280,1260,2496,1200,14136,INR/Acre,"CACP Cost of Cultivation Scheme (DES, MoA&FW)",2024-2025
mungbean,Kharif,Gujarat,14026,1400,2500,5088,1380,2458,1200,14026,INR/Acre,"CACP Cost of Cultivation Scheme (DES, MoA&FW)",2024-2025
mungbean,Kharif,Bihar,12689,1400,2500,4224,1080,2285,1200,12689,INR/Acre,"CACP Cost of Cultivation Scheme (DES, MoA&FW)",2024-2025
mungbean,Kharif,Uttar Pradesh,13039,1400,2500,4416,1200,2323,1200,13039,INR/Acre,"CACP Cost of Cultivation Scheme (DES, MoA&FW)",2024-2025
mungbean,Kharif,Odisha,12665,1400,2500,4224,1056,2285,1200,12665,INR/Acre,"CACP Cost of Cultivation Scheme (DES, MoA&FW)",2024-2025
mungbean,Zaid,Punjab,15763,1568,2800,6000,1411,2640,1344,15763,INR/Acre,"CACP Cost of Cultivation Scheme (DES, MoA&FW)",2024-2025
mungbean,Zaid,Haryana,15590,1568,2800,5856,1411,2611,1344,15590,INR/Acre,"CACP Cost of Cultivation Scheme (DES, MoA&FW)",2024-2025
mungbean,Zaid,Uttar Pradesh,13711,1568,2800,4416,1260,2323,1344,13711,INR/Acre,"CACP Cost of Cultivation Scheme (DES, MoA&FW)",2024-2025
mungbean,Zaid,Bihar,13355,1568,2800,4224,1134,2285,1344,13355,INR/Acre,"CACP Cost of Cultivation Scheme (DES, MoA&FW)",2024-2025
mungbean,Zaid,West Bengal,13983,1568,2800,4800,1071,2400,1344,13983,INR/Acre,"CACP Cost of Cultivation Scheme (DES, MoA&FW)",2024-2025
mungbean,Zaid,Andhra Pradesh,14811,1568,2800,5280,1323,2496,1344,14811,INR/Acre,"CACP Cost of Cultivation Scheme (DES, MoA&FW)",2024-2025
mungbean,Zaid,Telangana,14811,1568,2800,5280,1323,2496,1344,14811,INR/Acre,"CACP Cost of Cultivation Scheme (DES, MoA&FW)",2024-2025
mungbean,Zaid,Karnataka,14811,1568,2800,5280,1323,2496,1344,14811,INR/Acre,"CACP Cost of Cultivation Scheme (DES, MoA&FW)",2024-2025
onion,Kharif,Maharashtra,35528,4500,5500,15120,3780,4128,2500,35528,INR/Acre,CACP & DOGR Rajgurunagar Benchmark,2024-2025
onion,Kharif,Karnataka,35735,4500,5500,15400,3675,4160,2500,35735,INR/Acre,CACP & DOGR Rajgurunagar Benchmark,2024-2025
onion,Kharif,Gujarat,35461,4500,5500,14840,4025,4096,2500,35461,INR/Acre,CACP & DOGR Rajgurunagar Benchmark,2024-2025
onion,Kharif,Madhya Pradesh,32752,4500,5500,12880,3500,3872,2500,32752,INR/Acre,CACP & DOGR Rajgurunagar Benchmark,2024-2025
onion,Kharif,Rajasthan,34630,4500,5500,14000,4130,4000,2500,34630,INR/Acre,CACP & DOGR Rajgurunagar Benchmark,2024-2025
onion,Rabi,Maharashtra,36278,4770,5830,15120,3780,4128,2650,36278,INR/Acre,CACP & DOGR Rajgurunagar Benchmark,2024-2025
onion,Rabi,Karnataka,36485,4770,5830,15400,3675,4160,2650,36485,INR/Acre,CACP & DOGR Rajgurunagar Benchmark,2024-2025
onion,Rabi,Gujarat,36211,4770,5830,14840,4025,4096,2650,36211,INR/Acre,CACP & DOGR Rajgurunagar Benchmark,2024-2025
onion,Rabi,Madhya Pradesh,33502,4770,5830,12880,3500,3872,2650,33502,INR/Acre,CACP & DOGR Rajgurunagar Benchmark,2024-2025
onion,Rabi,Rajasthan,35380,4770,5830,14000,4130,4000,2650,35380,INR/Acre,CACP & DOGR Rajgurunagar Benchmark,2024-2025
onion,Rabi,Uttar Pradesh,33502,4770,5830,12880,3500,3872,2650,33502,INR/Acre,CACP & DOGR Rajgurunagar Benchmark,2024-2025
onion,Rabi,Bihar,32528,4770,5830,12320,3150,3808,2650,32528,INR/Acre,CACP & DOGR Rajgurunagar Benchmark,2024-2025
onion,Rabi,Tamil Nadu,36972,4770,5830,15680,3850,4192,2650,36972,INR/Acre,CACP & DOGR Rajgurunagar Benchmark,2024-2025
onion,Rabi,Haryana,38602,4770,5830,17080,3920,4352,2650,38602,INR/Acre,CACP & DOGR Rajgurunagar Benchmark,2024-2025
onion,Rabi,Punjab,39070,4770,5830,17500,3920,4400,2650,39070,INR/Acre,CACP & DOGR Rajgurunagar Benchmark,2024-2025
onion,Zaid,Maharashtra,37217,5040,6160,15120,3969,4128,2800,37217,INR/Acre,CACP & DOGR Rajgurunagar Benchmark,2024-2025
onion,Zaid,Karnataka,37419,5040,6160,15400,3859,4160,2800,37419,INR/Acre,CACP & DOGR Rajgurunagar Benchmark,2024-2025
onion,Zaid,Gujarat,37162,5040,6160,14840,4226,4096,2800,37162,INR/Acre,CACP & DOGR Rajgurunagar Benchmark,2024-2025
onion,Zaid,Tamil Nadu,37915,5040,6160,15680,4043,4192,2800,37915,INR/Acre,CACP & DOGR Rajgurunagar Benchmark,2024-2025
onion,Zaid,Andhra Pradesh,37419,5040,6160,15400,3859,4160,2800,37419,INR/Acre,CACP & DOGR Rajgurunagar Benchmark,2024-2025
potato,Kharif,Karnataka,43160,18000,6500,9350,3150,4160,2000,43160,INR/Acre,CPRI Shimla & State Ag Dept Norms,2024-2025
potato,Kharif,Himachal Pradesh,43818,18000,6500,10030,3000,4288,2000,43818,INR/Acre,CPRI Shimla & State Ag Dept Norms,2024-2025
potato,Kharif,Meghalaya,40990,18000,6500,7650,3000,3840,2000,40990,INR/Acre,CPRI Shimla & State Ag Dept Norms,2024-2025
potato,Rabi,Gujarat,44646,19080,6890,9010,3450,4096,2120,44646,INR/Acre,CPRI Shimla & State Ag Dept Norms,2024-2025
potato,Rabi,Punjab,46475,19080,6890,10625,3360,4400,2120,46475,INR/Acre,CPRI Shimla & State Ag Dept Norms,2024-2025
potato,Rabi,Haryana,46172,19080,6890,10370,3360,4352,2120,46172,INR/Acre,CPRI Shimla & State Ag Dept Norms,2024-2025
potato,Rabi,Uttar Pradesh,42782,19080,6890,7820,3000,3872,2120,42782,INR/Acre,CPRI Shimla & State Ag Dept Norms,2024-2025
potato,Rabi,Rajasthan,44130,19080,6890,8500,3540,4000,2120,44130,INR/Acre,CPRI Shimla & State Ag Dept Norms,2024-2025
potato,Rabi,West Bengal,43140,19080,6890,8500,2550,4000,2120,43140,INR/Acre,CPRI Shimla & State Ag Dept Norms,2024-2025
potato,Rabi,Bihar,42078,19080,6890,7480,2700,3808,2120,42078,INR/Acre,CPRI Shimla & State Ag Dept Norms,2024-2025
potato,Rabi,Madhya Pradesh,42782,19080,6890,7820,3000,3872,2120,42782,INR/Acre,CPRI Shimla & State Ag Dept Norms,2024-2025
potato,Rabi,Assam,42848,19080,6890,8330,2460,3968,2120,42848,INR/Acre,CPRI Shimla & State Ag Dept Norms,2024-2025
barley,Rabi,Punjab,17850,1908,3180,6500,2016,3080,1166,17850,INR/Acre,DES Directorate of Economics & Statistics,2024-2025
barley,Rabi,Haryana,17660,1908,3180,6344,2016,3046,1166,17660,INR/Acre,DES Directorate of Economics & Statistics,2024-2025
barley,Rabi,Uttar Pradesh,15548,1908,3180,4784,1800,2710,1166,15548,INR/Acre,DES Directorate of Economics & Statistics,2024-2025
barley,Rabi,Madhya Pradesh,15548,1908,3180,4784,1800,2710,1166,15548,INR/Acre,DES Directorate of Economics & Statistics,2024-2025
barley,Rabi,Rajasthan,16378,1908,3180,5200,2124,2800,1166,16378,INR/Acre,DES Directorate of Economics & Statistics,2024-2025
barley,Rabi,Bihar,15116,1908,3180,4576,1620,2666,1166,15116,INR/Acre,DES Directorate of Economics & Statistics,2024-2025
barley,Rabi,Himachal Pradesh,17192,1908,3180,6136,1800,3002,1166,17192,INR/Acre,DES Directorate of Economics & Statistics,2024-2025
barley,Rabi,Uttarakhand,16370,1908,3180,5460,1800,2856,1166,16370,INR/Acre,DES Directorate of Economics & Statistics,2024-2025
oats,Rabi,Punjab,16266,1696,2968,6000,1792,2750,1060,16266,INR/Acre,ICAR-IGFRI Cost Guidelines,2024-2025
oats,Rabi,Haryana,16092,1696,2968,5856,1792,2720,1060,16092,INR/Acre,ICAR-IGFRI Cost Guidelines,2024-2025
oats,Rabi,Uttar Pradesh,14160,1696,2968,4416,1600,2420,1060,14160,INR/Acre,ICAR-IGFRI Cost Guidelines,2024-2025
oats,Rabi,Madhya Pradesh,14160,1696,2968,4416,1600,2420,1060,14160,INR/Acre,ICAR-IGFRI Cost Guidelines,2024-2025
oats,Rabi,Rajasthan,14912,1696,2968,4800,1888,2500,1060,14912,INR/Acre,ICAR-IGFRI Cost Guidelines,2024-2025
oats,Rabi,Bihar,13768,1696,2968,4224,1440,2380,1060,13768,INR/Acre,ICAR-IGFRI Cost Guidelines,2024-2025
oats,Rabi,Himachal Pradesh,15668,1696,2968,5664,1600,2680,1060,15668,INR/Acre,ICAR-IGFRI Cost Guidelines,2024-2025
oats,Rabi,Uttarakhand,14914,1696,2968,5040,1600,2550,1060,14914,INR/Acre,ICAR-IGFRI Cost Guidelines,2024-2025
oats fodder,Rabi,Punjab,16974,1590,2862,7250,1792,2420,1060,16974,INR/Acre,ICAR-IGFRI Fodder Cost Guidelines,2024-2025
oats fodder,Rabi,Haryana,16774,1590,2862,7076,1792,2394,1060,16774,INR/Acre,ICAR-IGFRI Fodder Cost Guidelines,2024-2025
oats fodder,Rabi,Uttar Pradesh,14578,1590,2862,5336,1600,2130,1060,14578,INR/Acre,ICAR-IGFRI Fodder Cost Guidelines,2024-2025
oats fodder,Rabi,Madhya Pradesh,14578,1590,2862,5336,1600,2130,1060,14578,INR/Acre,ICAR-IGFRI Fodder Cost Guidelines,2024-2025
oats fodder,Rabi,Rajasthan,15400,1590,2862,5800,1888,2200,1060,15400,INR/Acre,ICAR-IGFRI Fodder Cost Guidelines,2024-2025
oats fodder,Rabi,Bihar,14150,1590,2862,5104,1440,2094,1060,14150,INR/Acre,ICAR-IGFRI Fodder Cost Guidelines,2024-2025
oats fodder,Rabi,Himachal Pradesh,16314,1590,2862,6844,1600,2358,1060,16314,INR/Acre,ICAR-IGFRI Fodder Cost Guidelines,2024-2025
oats fodder,Rabi,Uttarakhand,15446,1590,2862,6090,1600,2244,1060,15446,INR/Acre,ICAR-IGFRI Fodder Cost Guidelines,2024-2025
quinoa,Rabi,Punjab,19073,2332,3392,6875,2016,3080,1378,19073,INR/Acre,State Agriculture University (SAU) Norms,2024-2025
quinoa,Rabi,Haryana,18874,2332,3392,6710,2016,3046,1378,18874,INR/Acre,State Agriculture University (SAU) Norms,2024-2025
quinoa,Rabi,Uttar Pradesh,16672,2332,3392,5060,1800,2710,1378,16672,INR/Acre,State Agriculture University (SAU) Norms,2024-2025
quinoa,Rabi,Madhya Pradesh,16672,2332,3392,5060,1800,2710,1378,16672,INR/Acre,State Agriculture University (SAU) Norms,2024-2025
quinoa,Rabi,Rajasthan,17526,2332,3392,5500,2124,2800,1378,17526,INR/Acre,State Agriculture University (SAU) Norms,2024-2025
quinoa,Rabi,Bihar,16228,2332,3392,4840,1620,2666,1378,16228,INR/Acre,State Agriculture University (SAU) Norms,2024-2025
quinoa,Rabi,Himachal Pradesh,18394,2332,3392,6490,1800,3002,1378,18394,INR/Acre,State Agriculture University (SAU) Norms,2024-2025
quinoa,Rabi,Uttarakhand,17533,2332,3392,5775,1800,2856,1378,17533,INR/Acre,State Agriculture University (SAU) Norms,2024-2025
rye,Rabi,Punjab,15351,1590,2756,5625,1680,2640,1060,15351,INR/Acre,State Agriculture Dept Benchmark,2024-2025
rye,Rabi,Haryana,15187,1590,2756,5490,1680,2611,1060,15187,INR/Acre,State Agriculture Dept Benchmark,2024-2025
rye,Rabi,Uttar Pradesh,13369,1590,2756,4140,1500,2323,1060,13369,INR/Acre,State Agriculture Dept Benchmark,2024-2025
rye,Rabi,Madhya Pradesh,13369,1590,2756,4140,1500,2323,1060,13369,INR/Acre,State Agriculture Dept Benchmark,2024-2025
rye,Rabi,Rajasthan,14076,1590,2756,4500,1770,2400,1060,14076,INR/Acre,State Agriculture Dept Benchmark,2024-2025
rye,Rabi,Bihar,13001,1590,2756,3960,1350,2285,1060,13001,INR/Acre,State Agriculture Dept Benchmark,2024-2025
rye,Rabi,Himachal Pradesh,14789,1590,2756,5310,1500,2573,1060,14789,INR/Acre,State Agriculture Dept Benchmark,2024-2025
rye,Rabi,Uttarakhand,14079,1590,2756,4725,1500,2448,1060,14079,INR/Acre,State Agriculture Dept Benchmark,2024-2025
triticale,Rabi,Punjab,16588,1802,3074,6000,1792,2860,1060,16588,INR/Acre,ICAR-IWRR Package of Practices,2024-2025
triticale,Rabi,Haryana,16413,1802,3074,5856,1792,2829,1060,16413,INR/Acre,ICAR-IWRR Package of Practices,2024-2025
triticale,Rabi,Uttar Pradesh,14469,1802,3074,4416,1600,2517,1060,14469,INR/Acre,ICAR-IWRR Package of Practices,2024-2025
triticale,Rabi,Madhya Pradesh,14469,1802,3074,4416,1600,2517,1060,14469,INR/Acre,ICAR-IWRR Package of Practices,2024-2025
triticale,Rabi,Rajasthan,15224,1802,3074,4800,1888,2600,1060,15224,INR/Acre,ICAR-IWRR Package of Practices,2024-2025
triticale,Rabi,Bihar,14075,1802,3074,4224,1440,2475,1060,14075,INR/Acre,ICAR-IWRR Package of Practices,2024-2025
triticale,Rabi,Himachal Pradesh,15987,1802,3074,5664,1600,2787,1060,15987,INR/Acre,ICAR-IWRR Package of Practices,2024-2025
triticale,Rabi,Uttarakhand,15228,1802,3074,5040,1600,2652,1060,15228,INR/Acre,ICAR-IWRR Package of Practices,2024-2025
sorghum (jowar),Kharif,Maharashtra,13057,900,2200,5184,1296,2477,1000,13057,INR/Acre,"CACP Cost of Cultivation Scheme (DES, MoA&FW)",2024-2025
sorghum (jowar),Kharif,Karnataka,13136,900,2200,5280,1260,2496,1000,13136,INR/Acre,"CACP Cost of Cultivation Scheme (DES, MoA&FW)",2024-2025
sorghum (jowar),Kharif,Madhya Pradesh,12039,900,2200,4416,1200,2323,1000,12039,INR/Acre,"CACP Cost of Cultivation Scheme (DES, MoA&FW)",2024-2025
sorghum (jowar),Kharif,Rajasthan,12716,900,2200,4800,1416,2400,1000,12716,INR/Acre,"CACP Cost of Cultivation Scheme (DES, MoA&FW)",2024-2025
sorghum (jowar),Kharif,Andhra Pradesh,13136,900,2200,5280,1260,2496,1000,13136,INR/Acre,"CACP Cost of Cultivation Scheme (DES, MoA&FW)",2024-2025
sorghum (jowar),Kharif,Telangana,13136,900,2200,5280,1260,2496,1000,13136,INR/Acre,"CACP Cost of Cultivation Scheme (DES, MoA&FW)",2024-2025
sorghum (jowar),Kharif,Tamil Nadu,13311,900,2200,5376,1320,2515,1000,13311,INR/Acre,"CACP Cost of Cultivation Scheme (DES, MoA&FW)",2024-2025
sorghum (jowar),Kharif,Gujarat,13026,900,2200,5088,1380,2458,1000,13026,INR/Acre,"CACP Cost of Cultivation Scheme (DES, MoA&FW)",2024-2025
sorghum (jowar),Rabi,Maharashtra,13303,954,2332,5184,1296,2477,1060,13303,INR/Acre,"CACP Cost of Cultivation Scheme (DES, MoA&FW)",2024-2025
sorghum (jowar),Rabi,Karnataka,13382,954,2332,5280,1260,2496,1060,13382,INR/Acre,"CACP Cost of Cultivation Scheme (DES, MoA&FW)",2024-2025
sorghum (jowar),Rabi,Andhra Pradesh,13382,954,2332,5280,1260,2496,1060,13382,INR/Acre,"CACP Cost of Cultivation Scheme (DES, MoA&FW)",2024-2025
sorghum (jowar),Rabi,Telangana,13382,954,2332,5280,1260,2496,1060,13382,INR/Acre,"CACP Cost of Cultivation Scheme (DES, MoA&FW)",2024-2025
pearl millet (bajra),Kharif,Rajasthan,11680,800,2000,4500,1180,2200,1000,11680,INR/Acre,"CACP Cost of Cultivation Scheme (DES, MoA&FW)",2024-2025
pearl millet (bajra),Kharif,Uttar Pradesh,11070,800,2000,4140,1000,2130,1000,11070,INR/Acre,"CACP Cost of Cultivation Scheme (DES, MoA&FW)",2024-2025
pearl millet (bajra),Kharif,Gujarat,11973,800,2000,4770,1150,2253,1000,11973,INR/Acre,"CACP Cost of Cultivation Scheme (DES, MoA&FW)",2024-2025
pearl millet (bajra),Kharif,Haryana,12804,800,2000,5490,1120,2394,1000,12804,INR/Acre,"CACP Cost of Cultivation Scheme (DES, MoA&FW)",2024-2025
pearl millet (bajra),Kharif,Maharashtra,12010,800,2000,4860,1080,2270,1000,12010,INR/Acre,"CACP Cost of Cultivation Scheme (DES, MoA&FW)",2024-2025
pearl millet (bajra),Kharif,Madhya Pradesh,11070,800,2000,4140,1000,2130,1000,11070,INR/Acre,"CACP Cost of Cultivation Scheme (DES, MoA&FW)",2024-2025
pearl millet (bajra),Kharif,Karnataka,12088,800,2000,4950,1050,2288,1000,12088,INR/Acre,"CACP Cost of Cultivation Scheme (DES, MoA&FW)",2024-2025
pearl millet (bajra),Kharif,Tamil Nadu,12246,800,2000,5040,1100,2306,1000,12246,INR/Acre,"CACP Cost of Cultivation Scheme (DES, MoA&FW)",2024-2025
pearl millet (bajra),Zaid,Gujarat,12487,896,2240,4770,1208,2253,1120,12487,INR/Acre,"CACP Cost of Cultivation Scheme (DES, MoA&FW)",2024-2025
pearl millet (bajra),Zaid,Rajasthan,12195,896,2240,4500,1239,2200,1120,12195,INR/Acre,"CACP Cost of Cultivation Scheme (DES, MoA&FW)",2024-2025
pearl millet (bajra),Zaid,Uttar Pradesh,11576,896,2240,4140,1050,2130,1120,11576,INR/Acre,"CACP Cost of Cultivation Scheme (DES, MoA&FW)",2024-2025
pearl millet (bajra),Zaid,Haryana,13316,896,2240,5490,1176,2394,1120,13316,INR/Acre,"CACP Cost of Cultivation Scheme (DES, MoA&FW)",2024-2025
finger millet (ragi),Kharif,Karnataka,12777,850,2100,5280,1155,2392,1000,12777,INR/Acre,CACP & Karnataka State Ag Dept Norms,2024-2025
finger millet (ragi),Kharif,Tamil Nadu,12946,850,2100,5376,1210,2410,1000,12946,INR/Acre,CACP & Karnataka State Ag Dept Norms,2024-2025
finger millet (ragi),Kharif,Andhra Pradesh,12777,850,2100,5280,1155,2392,1000,12777,INR/Acre,CACP & Karnataka State Ag Dept Norms,2024-2025
finger millet (ragi),Kharif,Telangana,12777,850,2100,5280,1155,2392,1000,12777,INR/Acre,CACP & Karnataka State Ag Dept Norms,2024-2025
finger millet (ragi),Kharif,Madhya Pradesh,11692,850,2100,4416,1100,2226,1000,11692,INR/Acre,CACP & Karnataka State Ag Dept Norms,2024-2025
finger millet (ragi),Kharif,Maharashtra,12696,850,2100,5184,1188,2374,1000,12696,INR/Acre,CACP & Karnataka State Ag Dept Norms,2024-2025
finger millet (ragi),Kharif,Uttarakhand,12436,850,2100,5040,1100,2346,1000,12436,INR/Acre,CACP & Karnataka State Ag Dept Norms,2024-2025
finger millet (ragi),Kharif,Odisha,11332,850,2100,4224,968,2190,1000,11332,INR/Acre,CACP & Karnataka State Ag Dept Norms,2024-2025
finger millet (ragi),Kharif,Chhattisgarh,11578,850,2100,4320,1100,2208,1000,11578,INR/Acre,CACP & Karnataka State Ag Dept Norms,2024-2025
foxtail millet,Kharif,Karnataka,10945,700,1800,4620,945,2080,800,10945,INR/Acre,ICAR-IIMR Nutri-Millet Cost Guidelines,2024-2025
foxtail millet,Kharif,Tamil Nadu,11090,700,1800,4704,990,2096,800,11090,INR/Acre,ICAR-IIMR Nutri-Millet Cost Guidelines,2024-2025
foxtail millet,Kharif,Andhra Pradesh,10945,700,1800,4620,945,2080,800,10945,INR/Acre,ICAR-IIMR Nutri-Millet Cost Guidelines,2024-2025
foxtail millet,Kharif,Telangana,10945,700,1800,4620,945,2080,800,10945,INR/Acre,ICAR-IIMR Nutri-Millet Cost Guidelines,2024-2025
foxtail millet,Kharif,Madhya Pradesh,10000,700,1800,3864,900,1936,800,10000,INR/Acre,ICAR-IIMR Nutri-Millet Cost Guidelines,2024-2025
foxtail millet,Kharif,Maharashtra,10872,700,1800,4536,972,2064,800,10872,INR/Acre,ICAR-IIMR Nutri-Millet Cost Guidelines,2024-2025
foxtail millet,Kharif,Uttarakhand,10650,700,1800,4410,900,2040,800,10650,INR/Acre,ICAR-IIMR Nutri-Millet Cost Guidelines,2024-2025
foxtail millet,Kharif,Odisha,9692,700,1800,3696,792,1904,800,9692,INR/Acre,ICAR-IIMR Nutri-Millet Cost Guidelines,2024-2025
foxtail millet,Kharif,Chhattisgarh,9900,700,1800,3780,900,1920,800,9900,INR/Acre,ICAR-IIMR Nutri-Millet Cost Guidelines,2024-2025
kodo millet,Kharif,Karnataka,10366,650,1700,4400,840,1976,800,10366,INR/Acre,ICAR-IIMR Nutri-Millet Cost Guidelines,2024-2025
kodo millet,Kharif,Tamil Nadu,10501,650,1700,4480,880,1991,800,10501,INR/Acre,ICAR-IIMR Nutri-Millet Cost Guidelines,2024-2025
kodo millet,Kharif,Andhra Pradesh,10366,650,1700,4400,840,1976,800,10366,INR/Acre,ICAR-IIMR Nutri-Millet Cost Guidelines,2024-2025
kodo millet,Kharif,Telangana,10366,650,1700,4400,840,1976,800,10366,INR/Acre,ICAR-IIMR Nutri-Millet Cost Guidelines,2024-2025
kodo millet,Kharif,Madhya Pradesh,9469,650,1700,3680,800,1839,800,9469,INR/Acre,ICAR-IIMR Nutri-Millet Cost Guidelines,2024-2025
kodo millet,Kharif,Maharashtra,10295,650,1700,4320,864,1961,800,10295,INR/Acre,ICAR-IIMR Nutri-Millet Cost Guidelines,2024-2025
kodo millet,Kharif,Uttarakhand,10088,650,1700,4200,800,1938,800,10088,INR/Acre,ICAR-IIMR Nutri-Millet Cost Guidelines,2024-2025
kodo millet,Kharif,Odisha,9183,650,1700,3520,704,1809,800,9183,INR/Acre,ICAR-IIMR Nutri-Millet Cost Guidelines,2024-2025
kodo millet,Kharif,Chhattisgarh,9374,650,1700,3600,800,1824,800,9374,INR/Acre,ICAR-IIMR Nutri-Millet Cost Guidelines,2024-2025
little millet,Kharif,Karnataka,10366,650,1700,4400,840,1976,800,10366,INR/Acre,ICAR-IIMR Nutri-Millet Cost Guidelines,2024-2025
little millet,Kharif,Tamil Nadu,10501,650,1700,4480,880,1991,800,10501,INR/Acre,ICAR-IIMR Nutri-Millet Cost Guidelines,2024-2025
little millet,Kharif,Andhra Pradesh,10366,650,1700,4400,840,1976,800,10366,INR/Acre,ICAR-IIMR Nutri-Millet Cost Guidelines,2024-2025
little millet,Kharif,Telangana,10366,650,1700,4400,840,1976,800,10366,INR/Acre,ICAR-IIMR Nutri-Millet Cost Guidelines,2024-2025
little millet,Kharif,Madhya Pradesh,9469,650,1700,3680,800,1839,800,9469,INR/Acre,ICAR-IIMR Nutri-Millet Cost Guidelines,2024-2025
little millet,Kharif,Maharashtra,10295,650,1700,4320,864,1961,800,10295,INR/Acre,ICAR-IIMR Nutri-Millet Cost Guidelines,2024-2025
little millet,Kharif,Uttarakhand,10088,650,1700,4200,800,1938,800,10088,INR/Acre,ICAR-IIMR Nutri-Millet Cost Guidelines,2024-2025
little millet,Kharif,Odisha,9183,650,1700,3520,704,1809,800,9183,INR/Acre,ICAR-IIMR Nutri-Millet Cost Guidelines,2024-2025
little millet,Kharif,Chhattisgarh,9374,650,1700,3600,800,1824,800,9374,INR/Acre,ICAR-IIMR Nutri-Millet Cost Guidelines,2024-2025
barnyard millet,Kharif,Karnataka,10782,700,1800,4510,892,2080,800,10782,INR/Acre,ICAR-IIMR Nutri-Millet Cost Guidelines,2024-2025
barnyard millet,Kharif,Tamil Nadu,10923,700,1800,4592,935,2096,800,10923,INR/Acre,ICAR-IIMR Nutri-Millet Cost Guidelines,2024-2025
barnyard millet,Kharif,Andhra Pradesh,10782,700,1800,4510,892,2080,800,10782,INR/Acre,ICAR-IIMR Nutri-Millet Cost Guidelines,2024-2025
barnyard millet,Kharif,Telangana,10782,700,1800,4510,892,2080,800,10782,INR/Acre,ICAR-IIMR Nutri-Millet Cost Guidelines,2024-2025
barnyard millet,Kharif,Madhya Pradesh,9858,700,1800,3772,850,1936,800,9858,INR/Acre,ICAR-IIMR Nutri-Millet Cost Guidelines,2024-2025
barnyard millet,Kharif,Maharashtra,10710,700,1800,4428,918,2064,800,10710,INR/Acre,ICAR-IIMR Nutri-Millet Cost Guidelines,2024-2025
barnyard millet,Kharif,Uttarakhand,10495,700,1800,4305,850,2040,800,10495,INR/Acre,ICAR-IIMR Nutri-Millet Cost Guidelines,2024-2025
barnyard millet,Kharif,Odisha,9560,700,1800,3608,748,1904,800,9560,INR/Acre,ICAR-IIMR Nutri-Millet Cost Guidelines,2024-2025
barnyard millet,Kharif,Chhattisgarh,9760,700,1800,3690,850,1920,800,9760,INR/Acre,ICAR-IIMR Nutri-Millet Cost Guidelines,2024-2025
proso millet,Kharif,Karnataka,11145,750,1900,4620,945,2080,850,11145,INR/Acre,ICAR-IIMR Nutri-Millet Cost Guidelines,2024-2025
proso millet,Kharif,Tamil Nadu,11290,750,1900,4704,990,2096,850,11290,INR/Acre,ICAR-IIMR Nutri-Millet Cost Guidelines,2024-2025
proso millet,Kharif,Andhra Pradesh,11145,750,1900,4620,945,2080,850,11145,INR/Acre,ICAR-IIMR Nutri-Millet Cost Guidelines,2024-2025
proso millet,Kharif,Telangana,11145,750,1900,4620,945,2080,850,11145,INR/Acre,ICAR-IIMR Nutri-Millet Cost Guidelines,2024-2025
proso millet,Kharif,Madhya Pradesh,10200,750,1900,3864,900,1936,850,10200,INR/Acre,ICAR-IIMR Nutri-Millet Cost Guidelines,2024-2025
proso millet,Kharif,Maharashtra,11072,750,1900,4536,972,2064,850,11072,INR/Acre,ICAR-IIMR Nutri-Millet Cost Guidelines,2024-2025
proso millet,Kharif,Uttarakhand,10850,750,1900,4410,900,2040,850,10850,INR/Acre,ICAR-IIMR Nutri-Millet Cost Guidelines,2024-2025
proso millet,Kharif,Odisha,9892,750,1900,3696,792,1904,850,9892,INR/Acre,ICAR-IIMR Nutri-Millet Cost Guidelines,2024-2025
proso millet,Kharif,Chhattisgarh,10100,750,1900,3780,900,1920,850,10100,INR/Acre,ICAR-IIMR Nutri-Millet Cost Guidelines,2024-2025
browntop millet,Kharif,Karnataka,11355,800,1900,4730,945,2080,900,11355,INR/Acre,ICAR-IIMR Nutri-Millet Cost Guidelines,2024-2025
browntop millet,Kharif,Tamil Nadu,11502,800,1900,4816,990,2096,900,11502,INR/Acre,ICAR-IIMR Nutri-Millet Cost Guidelines,2024-2025
browntop millet,Kharif,Andhra Pradesh,11355,800,1900,4730,945,2080,900,11355,INR/Acre,ICAR-IIMR Nutri-Millet Cost Guidelines,2024-2025
browntop millet,Kharif,Telangana,11355,800,1900,4730,945,2080,900,11355,INR/Acre,ICAR-IIMR Nutri-Millet Cost Guidelines,2024-2025
browntop millet,Kharif,Madhya Pradesh,10392,800,1900,3956,900,1936,900,10392,INR/Acre,ICAR-IIMR Nutri-Millet Cost Guidelines,2024-2025
browntop millet,Kharif,Maharashtra,11280,800,1900,4644,972,2064,900,11280,INR/Acre,ICAR-IIMR Nutri-Millet Cost Guidelines,2024-2025
browntop millet,Kharif,Uttarakhand,11055,800,1900,4515,900,2040,900,11055,INR/Acre,ICAR-IIMR Nutri-Millet Cost Guidelines,2024-2025
browntop millet,Kharif,Odisha,10080,800,1900,3784,792,1904,900,10080,INR/Acre,ICAR-IIMR Nutri-Millet Cost Guidelines,2024-2025
browntop millet,Kharif,Chhattisgarh,10290,800,1900,3870,900,1920,900,10290,INR/Acre,ICAR-IIMR Nutri-Millet Cost Guidelines,2024-2025
buckwheat,Kharif,Himachal Pradesh,12411,900,2000,5310,1000,2251,950,12411,INR/Acre,GBPUAT & Hill State Ag Dept Norms,2024-2025
buckwheat,Kharif,Uttarakhand,11717,900,2000,4725,1000,2142,950,11717,INR/Acre,GBPUAT & Hill State Ag Dept Norms,2024-2025
buckwheat,Kharif,Gujarat,11920,900,2000,4770,1150,2150,950,11920,INR/Acre,GBPUAT & Hill State Ag Dept Norms,2024-2025
buckwheat,Kharif,Jammu and Kashmir,11450,900,2000,4500,1000,2100,950,11450,INR/Acre,GBPUAT & Hill State Ag Dept Norms,2024-2025
buckwheat,Kharif,Sikkim,11183,900,2000,4275,1000,2058,950,11183,INR/Acre,GBPUAT & Hill State Ag Dept Norms,2024-2025
buckwheat,Rabi,Gujarat,12151,954,2120,4770,1150,2150,1007,12151,INR/Acre,GBPUAT & Hill State Ag Dept Norms,2024-2025
buckwheat,Rabi,Maharashtra,12188,954,2120,4860,1080,2167,1007,12188,INR/Acre,GBPUAT & Hill State Ag Dept Norms,2024-2025
buckwheat,Rabi,Rajasthan,11861,954,2120,4500,1180,2100,1007,11861,INR/Acre,GBPUAT & Hill State Ag Dept Norms,2024-2025
buckwheat,Rabi,West Bengal,11531,954,2120,4500,850,2100,1007,11531,INR/Acre,GBPUAT & Hill State Ag Dept Norms,2024-2025
buckwheat,Rabi,Assam,11394,954,2120,4410,820,2083,1007,11394,INR/Acre,GBPUAT & Hill State Ag Dept Norms,2024-2025
amaranth (rajgira),Kharif,Himachal Pradesh,12579,800,2100,5428,1100,2251,900,12579,INR/Acre,SAU Package of Practices,2024-2025
amaranth (rajgira),Kharif,Uttarakhand,11872,800,2100,4830,1100,2142,900,11872,INR/Acre,SAU Package of Practices,2024-2025
amaranth (rajgira),Kharif,Gujarat,12091,800,2100,4876,1265,2150,900,12091,INR/Acre,SAU Package of Practices,2024-2025
amaranth (rajgira),Kharif,Jammu and Kashmir,11600,800,2100,4600,1100,2100,900,11600,INR/Acre,SAU Package of Practices,2024-2025
amaranth (rajgira),Kharif,Sikkim,11328,800,2100,4370,1100,2058,900,11328,INR/Acre,SAU Package of Practices,2024-2025
amaranth (rajgira),Rabi,Gujarat,12319,848,2226,4876,1265,2150,954,12319,INR/Acre,SAU Package of Practices,2024-2025
amaranth (rajgira),Rabi,Maharashtra,12351,848,2226,4968,1188,2167,954,12351,INR/Acre,SAU Package of Practices,2024-2025
amaranth (rajgira),Rabi,Rajasthan,12026,848,2226,4600,1298,2100,954,12026,INR/Acre,SAU Package of Practices,2024-2025
amaranth (rajgira),Rabi,West Bengal,11663,848,2226,4600,935,2100,954,11663,INR/Acre,SAU Package of Practices,2024-2025
amaranth (rajgira),Rabi,Assam,11521,848,2226,4508,902,2083,954,11521,INR/Acre,SAU Package of Practices,2024-2025
wild rice,Kharif,Assam,19078,2000,3500,7350,2050,2778,1400,19078,INR/Acre,SAU & KVK Cultivation Guidelines,2024-2025
wild rice,Kharif,Meghalaya,18838,2000,3500,6750,2500,2688,1400,18838,INR/Acre,SAU & KVK Cultivation Guidelines,2024-2025
wild rice,Kharif,Nagaland,18838,2000,3500,6750,2500,2688,1400,18838,INR/Acre,SAU & KVK Cultivation Guidelines,2024-2025
wild rice,Kharif,Manipur,18838,2000,3500,6750,2500,2688,1400,18838,INR/Acre,SAU & KVK Cultivation Guidelines,2024-2025
wild rice,Kharif,Karnataka,20687,2000,3500,8250,2625,2912,1400,20687,INR/Acre,SAU & KVK Cultivation Guidelines,2024-2025
wild rice,Kharif,Tamil Nadu,20984,2000,3500,8400,2750,2934,1400,20984,INR/Acre,SAU & KVK Cultivation Guidelines,2024-2025
wild rice,Kharif,Maharashtra,20590,2000,3500,8100,2700,2890,1400,20590,INR/Acre,SAU & KVK Cultivation Guidelines,2024-2025
tef,Kharif,Assam,12146,1400,2400,4116,1148,2182,900,12146,INR/Acre,KVK Farm Budget Standards,2024-2025
tef,Kharif,Meghalaya,11992,1400,2400,3780,1400,2112,900,11992,INR/Acre,KVK Farm Budget Standards,2024-2025
tef,Kharif,Nagaland,11992,1400,2400,3780,1400,2112,900,11992,INR/Acre,KVK Farm Budget Standards,2024-2025
tef,Kharif,Manipur,11992,1400,2400,3780,1400,2112,900,11992,INR/Acre,KVK Farm Budget Standards,2024-2025
tef,Kharif,Karnataka,13078,1400,2400,4620,1470,2288,900,13078,INR/Acre,KVK Farm Budget Standards,2024-2025
tef,Kharif,Tamil Nadu,13250,1400,2400,4704,1540,2306,900,13250,INR/Acre,KVK Farm Budget Standards,2024-2025
tef,Kharif,Maharashtra,13018,1400,2400,4536,1512,2270,900,13018,INR/Acre,KVK Farm Budget Standards,2024-2025
fonio,Kharif,Assam,11088,1200,2200,3920,984,1984,800,11088,INR/Acre,KVK Farm Budget Standards,2024-2025
fonio,Kharif,Meghalaya,10920,1200,2200,3600,1200,1920,800,10920,INR/Acre,KVK Farm Budget Standards,2024-2025
fonio,Kharif,Nagaland,10920,1200,2200,3600,1200,1920,800,10920,INR/Acre,KVK Farm Budget Standards,2024-2025
fonio,Kharif,Manipur,10920,1200,2200,3600,1200,1920,800,10920,INR/Acre,KVK Farm Budget Standards,2024-2025
fonio,Kharif,Karnataka,11940,1200,2200,4400,1260,2080,800,11940,INR/Acre,KVK Farm Budget Standards,2024-2025
fonio,Kharif,Tamil Nadu,12096,1200,2200,4480,1320,2096,800,12096,INR/Acre,KVK Farm Budget Standards,2024-2025
fonio,Kharif,Maharashtra,11880,1200,2200,4320,1296,2064,800,11880,INR/Acre,KVK Farm Budget Standards,2024-2025
job's tears,Kharif,Assam,11765,1300,2300,4116,1066,2083,900,11765,INR/Acre,NEH ICAR Region Cost Guidelines,2024-2025
job's tears,Kharif,Meghalaya,11596,1300,2300,3780,1300,2016,900,11596,INR/Acre,NEH ICAR Region Cost Guidelines,2024-2025
job's tears,Kharif,Nagaland,11596,1300,2300,3780,1300,2016,900,11596,INR/Acre,NEH ICAR Region Cost Guidelines,2024-2025
job's tears,Kharif,Manipur,11596,1300,2300,3780,1300,2016,900,11596,INR/Acre,NEH ICAR Region Cost Guidelines,2024-2025
job's tears,Kharif,Karnataka,12669,1300,2300,4620,1365,2184,900,12669,INR/Acre,NEH ICAR Region Cost Guidelines,2024-2025
job's tears,Kharif,Tamil Nadu,12835,1300,2300,4704,1430,2201,900,12835,INR/Acre,NEH ICAR Region Cost Guidelines,2024-2025
job's tears,Kharif,Maharashtra,12607,1300,2300,4536,1404,2167,900,12607,INR/Acre,NEH ICAR Region Cost Guidelines,2024-2025
canary grass,Kharif,Assam,11088,1200,2200,3920,984,1984,800,11088,INR/Acre,KVK Farm Budget Standards,2024-2025
canary grass,Kharif,Meghalaya,10920,1200,2200,3600,1200,1920,800,10920,INR/Acre,KVK Farm Budget Standards,2024-2025
canary grass,Kharif,Nagaland,10920,1200,2200,3600,1200,1920,800,10920,INR/Acre,KVK Farm Budget Standards,2024-2025
canary grass,Kharif,Manipur,10920,1200,2200,3600,1200,1920,800,10920,INR/Acre,KVK Farm Budget Standards,2024-2025
canary grass,Kharif,Karnataka,11940,1200,2200,4400,1260,2080,800,11940,INR/Acre,KVK Farm Budget Standards,2024-2025
canary grass,Kharif,Tamil Nadu,12096,1200,2200,4480,1320,2096,800,12096,INR/Acre,KVK Farm Budget Standards,2024-2025
canary grass,Kharif,Maharashtra,11880,1200,2200,4320,1296,2064,800,11880,INR/Acre,KVK Farm Budget Standards,2024-2025
chia,Kharif,Assam,17336,2500,3500,5880,1476,2480,1500,17336,INR/Acre,SAU High-Value Crop Cost Norms,2024-2025
chia,Kharif,Meghalaya,17100,2500,3500,5400,1800,2400,1500,17100,INR/Acre,SAU High-Value Crop Cost Norms,2024-2025
chia,Kharif,Nagaland,17100,2500,3500,5400,1800,2400,1500,17100,INR/Acre,SAU High-Value Crop Cost Norms,2024-2025
chia,Kharif,Manipur,17100,2500,3500,5400,1800,2400,1500,17100,INR/Acre,SAU High-Value Crop Cost Norms,2024-2025
chia,Kharif,Karnataka,18590,2500,3500,6600,1890,2600,1500,18590,INR/Acre,SAU High-Value Crop Cost Norms,2024-2025
chia,Kharif,Tamil Nadu,18820,2500,3500,6720,1980,2620,1500,18820,INR/Acre,SAU High-Value Crop Cost Norms,2024-2025
chia,Kharif,Maharashtra,18504,2500,3500,6480,1944,2580,1500,18504,INR/Acre,SAU High-Value Crop Cost Norms,2024-2025
chickpea,Rabi,Madhya Pradesh,14677,2332,2756,4600,1200,2517,1272,14677,INR/Acre,"CACP Cost of Cultivation Scheme (DES, MoA&FW)",2024-2025
chickpea,Rabi,Maharashtra,15739,2332,2756,5400,1296,2683,1272,15739,INR/Acre,"CACP Cost of Cultivation Scheme (DES, MoA&FW)",2024-2025
chickpea,Rabi,Rajasthan,15376,2332,2756,5000,1416,2600,1272,15376,INR/Acre,"CACP Cost of Cultivation Scheme (DES, MoA&FW)",2024-2025
chickpea,Rabi,Uttar Pradesh,14677,2332,2756,4600,1200,2517,1272,14677,INR/Acre,"CACP Cost of Cultivation Scheme (DES, MoA&FW)",2024-2025
chickpea,Rabi,Karnataka,15824,2332,2756,5500,1260,2704,1272,15824,INR/Acre,"CACP Cost of Cultivation Scheme (DES, MoA&FW)",2024-2025
chickpea,Rabi,Andhra Pradesh,15824,2332,2756,5500,1260,2704,1272,15824,INR/Acre,"CACP Cost of Cultivation Scheme (DES, MoA&FW)",2024-2025
chickpea,Rabi,Gujarat,15702,2332,2756,5300,1380,2662,1272,15702,INR/Acre,"CACP Cost of Cultivation Scheme (DES, MoA&FW)",2024-2025
chickpea,Rabi,Telangana,15824,2332,2756,5500,1260,2704,1272,15824,INR/Acre,"CACP Cost of Cultivation Scheme (DES, MoA&FW)",2024-2025
chickpea,Rabi,Bihar,14315,2332,2756,4400,1080,2475,1272,14315,INR/Acre,"CACP Cost of Cultivation Scheme (DES, MoA&FW)",2024-2025
chickpea,Rabi,Chhattisgarh,14556,2332,2756,4500,1200,2496,1272,14556,INR/Acre,"CACP Cost of Cultivation Scheme (DES, MoA&FW)",2024-2025
kidneybeans,Kharif,Himachal Pradesh,20986,3200,3500,7670,1800,3216,1600,20986,INR/Acre,ICAR-IIPR Pulse Cost Guidelines,2024-2025
kidneybeans,Kharif,Jammu and Kashmir,19600,3200,3500,6500,1800,3000,1600,19600,INR/Acre,ICAR-IIPR Pulse Cost Guidelines,2024-2025
kidneybeans,Kharif,Uttarakhand,19985,3200,3500,6825,1800,3060,1600,19985,INR/Acre,ICAR-IIPR Pulse Cost Guidelines,2024-2025
kidneybeans,Rabi,Maharashtra,20858,3392,3710,7020,1944,3096,1696,20858,INR/Acre,ICAR-IIPR Pulse Cost Guidelines,2024-2025
kidneybeans,Rabi,Andhra Pradesh,20958,3392,3710,7150,1890,3120,1696,20958,INR/Acre,ICAR-IIPR Pulse Cost Guidelines,2024-2025
kidneybeans,Rabi,Karnataka,20958,3392,3710,7150,1890,3120,1696,20958,INR/Acre,ICAR-IIPR Pulse Cost Guidelines,2024-2025
kidneybeans,Rabi,Bihar,18994,3392,3710,5720,1620,2856,1696,18994,INR/Acre,ICAR-IIPR Pulse Cost Guidelines,2024-2025
pigeonpeas,Kharif,Maharashtra,16882,1600,3000,6480,1512,2890,1400,16882,INR/Acre,"CACP Cost of Cultivation Scheme (DES, MoA&FW)",2024-2025
pigeonpeas,Kharif,Madhya Pradesh,15630,1600,3000,5520,1400,2710,1400,15630,INR/Acre,"CACP Cost of Cultivation Scheme (DES, MoA&FW)",2024-2025
pigeonpeas,Kharif,Karnataka,16982,1600,3000,6600,1470,2912,1400,16982,INR/Acre,"CACP Cost of Cultivation Scheme (DES, MoA&FW)",2024-2025
pigeonpeas,Kharif,Uttar Pradesh,15630,1600,3000,5520,1400,2710,1400,15630,INR/Acre,"CACP Cost of Cultivation Scheme (DES, MoA&FW)",2024-2025
pigeonpeas,Kharif,Gujarat,16837,1600,3000,6360,1610,2867,1400,16837,INR/Acre,"CACP Cost of Cultivation Scheme (DES, MoA&FW)",2024-2025
pigeonpeas,Kharif,Telangana,16982,1600,3000,6600,1470,2912,1400,16982,INR/Acre,"CACP Cost of Cultivation Scheme (DES, MoA&FW)",2024-2025
pigeonpeas,Kharif,Jharkhand,15346,1600,3000,5280,1400,2666,1400,15346,INR/Acre,"CACP Cost of Cultivation Scheme (DES, MoA&FW)",2024-2025
pigeonpeas,Kharif,Bihar,15206,1600,3000,5280,1260,2666,1400,15206,INR/Acre,"CACP Cost of Cultivation Scheme (DES, MoA&FW)",2024-2025
pigeonpeas,Kharif,Odisha,15178,1600,3000,5280,1232,2666,1400,15178,INR/Acre,"CACP Cost of Cultivation Scheme (DES, MoA&FW)",2024-2025
mothbeans,Kharif,Rajasthan,10744,1100,1800,4000,944,2000,900,10744,INR/Acre,CAZRI Dryland Ag Cost Guidelines,2024-2025
mothbeans,Kharif,Gujarat,11008,1100,1800,4240,920,2048,900,11008,INR/Acre,CAZRI Dryland Ag Cost Guidelines,2024-2025
mothbeans,Kharif,Haryana,11752,1100,1800,4880,896,2176,900,11752,INR/Acre,CAZRI Dryland Ag Cost Guidelines,2024-2025
mothbeans,Kharif,Maharashtra,11048,1100,1800,4320,864,2064,900,11048,INR/Acre,CAZRI Dryland Ag Cost Guidelines,2024-2025
blackgram,Kharif,Madhya Pradesh,13520,1500,2600,4600,1200,2420,1200,13520,INR/Acre,"CACP Cost of Cultivation Scheme (DES, MoA&FW)",2024-2025
blackgram,Kharif,Uttar Pradesh,13520,1500,2600,4600,1200,2420,1200,13520,INR/Acre,"CACP Cost of Cultivation Scheme (DES, MoA&FW)",2024-2025
blackgram,Kharif,Andhra Pradesh,14660,1500,2600,5500,1260,2600,1200,14660,INR/Acre,"CACP Cost of Cultivation Scheme (DES, MoA&FW)",2024-2025
blackgram,Kharif,Maharashtra,14576,1500,2600,5400,1296,2580,1200,14576,INR/Acre,"CACP Cost of Cultivation Scheme (DES, MoA&FW)",2024-2025
blackgram,Kharif,Tamil Nadu,14840,1500,2600,5600,1320,2620,1200,14840,INR/Acre,"CACP Cost of Cultivation Scheme (DES, MoA&FW)",2024-2025
blackgram,Kharif,Rajasthan,14216,1500,2600,5000,1416,2500,1200,14216,INR/Acre,"CACP Cost of Cultivation Scheme (DES, MoA&FW)",2024-2025
blackgram,Rabi,Andhra Pradesh,14978,1590,2756,5500,1260,2600,1272,14978,INR/Acre,"CACP Cost of Cultivation Scheme (DES, MoA&FW)",2024-2025
blackgram,Rabi,Tamil Nadu,15158,1590,2756,5600,1320,2620,1272,15158,INR/Acre,"CACP Cost of Cultivation Scheme (DES, MoA&FW)",2024-2025
blackgram,Rabi,Odisha,13454,1590,2756,4400,1056,2380,1272,13454,INR/Acre,"CACP Cost of Cultivation Scheme (DES, MoA&FW)",2024-2025
blackgram,Rabi,West Bengal,14138,1590,2756,5000,1020,2500,1272,14138,INR/Acre,"CACP Cost of Cultivation Scheme (DES, MoA&FW)",2024-2025
lentil,Rabi,Madhya Pradesh,13763,1908,2650,4416,1300,2323,1166,13763,INR/Acre,"CACP Cost of Cultivation Scheme (DES, MoA&FW)",2024-2025
lentil,Rabi,Uttar Pradesh,13763,1908,2650,4416,1300,2323,1166,13763,INR/Acre,"CACP Cost of Cultivation Scheme (DES, MoA&FW)",2024-2025
lentil,Rabi,Bihar,13403,1908,2650,4224,1170,2285,1166,13403,INR/Acre,"CACP Cost of Cultivation Scheme (DES, MoA&FW)",2024-2025
lentil,Rabi,West Bengal,14029,1908,2650,4800,1105,2400,1166,14029,INR/Acre,"CACP Cost of Cultivation Scheme (DES, MoA&FW)",2024-2025
lentil,Rabi,Rajasthan,14458,1908,2650,4800,1534,2400,1166,14458,INR/Acre,"CACP Cost of Cultivation Scheme (DES, MoA&FW)",2024-2025
lentil,Rabi,Assam,13875,1908,2650,4704,1066,2381,1166,13875,INR/Acre,"CACP Cost of Cultivation Scheme (DES, MoA&FW)",2024-2025
lentil,Rabi,Uttarakhand,14512,1908,2650,5040,1300,2448,1166,14512,INR/Acre,"CACP Cost of Cultivation Scheme (DES, MoA&FW)",2024-2025
horse gram (kulthi),Kharif,Karnataka,10546,1000,1700,4180,840,1976,850,10546,INR/Acre,ICAR-IIPR Pulse Cost Guidelines,2024-2025
horse gram (kulthi),Kharif,Andhra Pradesh,10546,1000,1700,4180,840,1976,850,10546,INR/Acre,ICAR-IIPR Pulse Cost Guidelines,2024-2025
horse gram (kulthi),Kharif,Tamil Nadu,10677,1000,1700,4256,880,1991,850,10677,INR/Acre,ICAR-IIPR Pulse Cost Guidelines,2024-2025
horse gram (kulthi),Kharif,Odisha,9407,1000,1700,3344,704,1809,850,9407,INR/Acre,ICAR-IIPR Pulse Cost Guidelines,2024-2025
horse gram (kulthi),Kharif,Jharkhand,9503,1000,1700,3344,800,1809,850,9503,INR/Acre,ICAR-IIPR Pulse Cost Guidelines,2024-2025
horse gram (kulthi),Rabi,Maharashtra,10692,1060,1802,4104,864,1961,901,10692,INR/Acre,ICAR-IIPR Pulse Cost Guidelines,2024-2025
horse gram (kulthi),Rabi,Chhattisgarh,9807,1060,1802,3420,800,1824,901,9807,INR/Acre,ICAR-IIPR Pulse Cost Guidelines,2024-2025
cowpea (lobia),Kharif,Rajasthan,13616,1500,2400,4800,1416,2400,1100,13616,INR/Acre,ICAR-IIPR Pulse Cost Guidelines,2024-2025
cowpea (lobia),Kharif,Uttar Pradesh,12939,1500,2400,4416,1200,2323,1100,12939,INR/Acre,ICAR-IIPR Pulse Cost Guidelines,2024-2025
cowpea (lobia),Kharif,Gujarat,13926,1500,2400,5088,1380,2458,1100,13926,INR/Acre,ICAR-IIPR Pulse Cost Guidelines,2024-2025
cowpea (lobia),Kharif,Karnataka,14036,1500,2400,5280,1260,2496,1100,14036,INR/Acre,ICAR-IIPR Pulse Cost Guidelines,2024-2025
cowpea (lobia),Kharif,Tamil Nadu,14211,1500,2400,5376,1320,2515,1100,14211,INR/Acre,ICAR-IIPR Pulse Cost Guidelines,2024-2025
cowpea (lobia),Zaid,Punjab,15651,1680,2688,6000,1411,2640,1232,15651,INR/Acre,ICAR-IIPR Pulse Cost Guidelines,2024-2025
cowpea (lobia),Zaid,Haryana,15478,1680,2688,5856,1411,2611,1232,15478,INR/Acre,ICAR-IIPR Pulse Cost Guidelines,2024-2025
cowpea (lobia),Zaid,Uttar Pradesh,13599,1680,2688,4416,1260,2323,1232,13599,INR/Acre,ICAR-IIPR Pulse Cost Guidelines,2024-2025
cowpea (lobia),Zaid,Bihar,13243,1680,2688,4224,1134,2285,1232,13243,INR/Acre,ICAR-IIPR Pulse Cost Guidelines,2024-2025
cowpea pods,Kharif,Rajasthan,17424,1800,3000,6500,2124,2600,1400,17424,INR/Acre,State Vegetable Production Cost Norms,2024-2025
cowpea pods,Kharif,Uttar Pradesh,16497,1800,3000,5980,1800,2517,1400,16497,INR/Acre,State Vegetable Production Cost Norms,2024-2025
cowpea pods,Kharif,Gujarat,17822,1800,3000,6890,2070,2662,1400,17822,INR/Acre,State Vegetable Production Cost Norms,2024-2025
cowpea pods,Kharif,Karnataka,17944,1800,3000,7150,1890,2704,1400,17944,INR/Acre,State Vegetable Production Cost Norms,2024-2025
cowpea pods,Kharif,Tamil Nadu,18185,1800,3000,7280,1980,2725,1400,18185,INR/Acre,State Vegetable Production Cost Norms,2024-2025
cowpea pods,Zaid,Punjab,20046,2016,3360,8125,2117,2860,1568,20046,INR/Acre,State Vegetable Production Cost Norms,2024-2025
cowpea pods,Zaid,Haryana,19820,2016,3360,7930,2117,2829,1568,19820,INR/Acre,State Vegetable Production Cost Norms,2024-2025
cowpea pods,Zaid,Uttar Pradesh,17331,2016,3360,5980,1890,2517,1568,17331,INR/Acre,State Vegetable Production Cost Norms,2024-2025
cowpea pods,Zaid,Bihar,16840,2016,3360,5720,1701,2475,1568,16840,INR/Acre,State Vegetable Production Cost Norms,2024-2025
field pea (matar),Rabi,Uttar Pradesh,15479,2332,2968,4784,1500,2517,1378,15479,INR/Acre,CACP & State Ag Dept Norms,2024-2025
field pea (matar),Rabi,Madhya Pradesh,15479,2332,2968,4784,1500,2517,1378,15479,INR/Acre,CACP & State Ag Dept Norms,2024-2025
field pea (matar),Rabi,Bihar,15079,2332,2968,4576,1350,2475,1378,15079,INR/Acre,CACP & State Ag Dept Norms,2024-2025
field pea (matar),Rabi,Punjab,17718,2332,2968,6500,1680,2860,1378,17718,INR/Acre,CACP & State Ag Dept Norms,2024-2025
field pea (matar),Rabi,Haryana,17531,2332,2968,6344,1680,2829,1378,17531,INR/Acre,CACP & State Ag Dept Norms,2024-2025
field pea (matar),Rabi,Rajasthan,16248,2332,2968,5200,1770,2600,1378,16248,INR/Acre,CACP & State Ag Dept Norms,2024-2025
peas,Rabi,Uttar Pradesh,16758,2544,3180,5336,1600,2614,1484,16758,INR/Acre,State Horticulture Dept Guidelines,2024-2025
peas,Rabi,Madhya Pradesh,16758,2544,3180,5336,1600,2614,1484,16758,INR/Acre,State Horticulture Dept Guidelines,2024-2025
peas,Rabi,Bihar,16322,2544,3180,5104,1440,2570,1484,16322,INR/Acre,State Horticulture Dept Guidelines,2024-2025
peas,Rabi,Punjab,19220,2544,3180,7250,1792,2970,1484,19220,INR/Acre,State Horticulture Dept Guidelines,2024-2025
peas,Rabi,Haryana,19014,2544,3180,7076,1792,2938,1484,19014,INR/Acre,State Horticulture Dept Guidelines,2024-2025
peas,Rabi,Rajasthan,17596,2544,3180,5800,1888,2700,1484,17596,INR/Acre,State Horticulture Dept Guidelines,2024-2025
peas,Rabi,Himachal Pradesh,18546,2544,3180,6844,1600,2894,1484,18546,INR/Acre,State Horticulture Dept Guidelines,2024-2025
grass pea (khesari),Rabi,Chhattisgarh,10062,1166,1908,3420,800,1920,848,10062,INR/Acre,ICAR-IIPR Pulse Cost Guidelines,2024-2025
grass pea (khesari),Rabi,Bihar,9890,1166,1908,3344,720,1904,848,9890,INR/Acre,ICAR-IIPR Pulse Cost Guidelines,2024-2025
grass pea (khesari),Rabi,West Bengal,10402,1166,1908,3800,680,2000,848,10402,INR/Acre,ICAR-IIPR Pulse Cost Guidelines,2024-2025
grass pea (khesari),Rabi,Madhya Pradesh,10154,1166,1908,3496,800,1936,848,10154,INR/Acre,ICAR-IIPR Pulse Cost Guidelines,2024-2025
grass pea (khesari),Rabi,Assam,10286,1166,1908,3724,656,1984,848,10286,INR/Acre,ICAR-IIPR Pulse Cost Guidelines,2024-2025
cluster bean (guar),Kharif,Rajasthan,12698,1400,2200,4500,1298,2300,1000,12698,INR/Acre,"CACP Cost of Cultivation Scheme (DES, MoA&FW)",2024-2025
cluster bean (guar),Kharif,Haryana,13824,1400,2200,5490,1232,2502,1000,13824,INR/Acre,"CACP Cost of Cultivation Scheme (DES, MoA&FW)",2024-2025
cluster bean (guar),Kharif,Gujarat,12990,1400,2200,4770,1265,2355,1000,12990,INR/Acre,"CACP Cost of Cultivation Scheme (DES, MoA&FW)",2024-2025
cluster bean (guar),Kharif,Punjab,13987,1400,2200,5625,1232,2530,1000,13987,INR/Acre,"CACP Cost of Cultivation Scheme (DES, MoA&FW)",2024-2025
cluster bean (guar),Kharif,Madhya Pradesh,12066,1400,2200,4140,1100,2226,1000,12066,INR/Acre,"CACP Cost of Cultivation Scheme (DES, MoA&FW)",2024-2025
soybeans,Kharif,Madhya Pradesh,16982,3200,3400,4784,1200,3098,1300,16982,INR/Acre,"CACP Cost of Cultivation Scheme (DES, MoA&FW)",2024-2025
soybeans,Kharif,Maharashtra,18114,3200,3400,5616,1296,3302,1300,18114,INR/Acre,"CACP Cost of Cultivation Scheme (DES, MoA&FW)",2024-2025
soybeans,Kharif,Rajasthan,17716,3200,3400,5200,1416,3200,1300,17716,INR/Acre,"CACP Cost of Cultivation Scheme (DES, MoA&FW)",2024-2025
soybeans,Kharif,Karnataka,18208,3200,3400,5720,1260,3328,1300,18208,INR/Acre,"CACP Cost of Cultivation Scheme (DES, MoA&FW)",2024-2025
soybeans,Kharif,Telangana,18208,3200,3400,5720,1260,3328,1300,18208,INR/Acre,"CACP Cost of Cultivation Scheme (DES, MoA&FW)",2024-2025
soybeans,Kharif,Gujarat,18069,3200,3400,5512,1380,3277,1300,18069,INR/Acre,"CACP Cost of Cultivation Scheme (DES, MoA&FW)",2024-2025
soybeans,Kharif,Chhattisgarh,16852,3200,3400,4680,1200,3072,1300,16852,INR/Acre,"CACP Cost of Cultivation Scheme (DES, MoA&FW)",2024-2025
broad bean (faba bean),Rabi,Uttar Pradesh,13763,1908,2650,4416,1300,2323,1166,13763,INR/Acre,SAU Package of Practices,2024-2025
broad bean (faba bean),Rabi,Bihar,13403,1908,2650,4224,1170,2285,1166,13403,INR/Acre,SAU Package of Practices,2024-2025
broad bean (faba bean),Rabi,Madhya Pradesh,13763,1908,2650,4416,1300,2323,1166,13763,INR/Acre,SAU Package of Practices,2024-2025
broad bean (faba bean),Rabi,Punjab,15820,1908,2650,6000,1456,2640,1166,15820,INR/Acre,SAU Package of Practices,2024-2025
broad bean (faba bean),Rabi,Haryana,15647,1908,2650,5856,1456,2611,1166,15647,INR/Acre,SAU Package of Practices,2024-2025
broad beans,Rabi,Uttar Pradesh,13763,1908,2650,4416,1300,2323,1166,13763,INR/Acre,SAU Package of Practices,2024-2025
broad beans,Rabi,Bihar,13403,1908,2650,4224,1170,2285,1166,13403,INR/Acre,SAU Package of Practices,2024-2025
broad beans,Rabi,Madhya Pradesh,13763,1908,2650,4416,1300,2323,1166,13763,INR/Acre,SAU Package of Practices,2024-2025
broad beans,Rabi,Punjab,15820,1908,2650,6000,1456,2640,1166,15820,INR/Acre,SAU Package of Practices,2024-2025
broad beans,Rabi,Haryana,15647,1908,2650,5856,1456,2611,1166,15647,INR/Acre,SAU Package of Practices,2024-2025
bambara groundnut,Kharif,Assam,13969,2200,2600,4704,984,2381,1100,13969,INR/Acre,KVK Farm Budget Standards,2024-2025
bambara groundnut,Kharif,Meghalaya,13724,2200,2600,4320,1200,2304,1100,13724,INR/Acre,KVK Farm Budget Standards,2024-2025
bambara groundnut,Kharif,Nagaland,13724,2200,2600,4320,1200,2304,1100,13724,INR/Acre,KVK Farm Budget Standards,2024-2025
bambara groundnut,Kharif,Manipur,13724,2200,2600,4320,1200,2304,1100,13724,INR/Acre,KVK Farm Budget Standards,2024-2025
bambara groundnut,Kharif,Karnataka,14936,2200,2600,5280,1260,2496,1100,14936,INR/Acre,KVK Farm Budget Standards,2024-2025
bambara groundnut,Kharif,Kerala,16136,2200,2600,6480,1020,2736,1100,16136,INR/Acre,KVK Farm Budget Standards,2024-2025
bambara groundnut,Kharif,Odisha,13465,2200,2600,4224,1056,2285,1100,13465,INR/Acre,KVK Farm Budget Standards,2024-2025
winged bean,Kharif,Assam,13351,1600,2500,4704,1066,2381,1100,13351,INR/Acre,KVK Farm Budget Standards,2024-2025
winged bean,Kharif,Meghalaya,13124,1600,2500,4320,1300,2304,1100,13124,INR/Acre,KVK Farm Budget Standards,2024-2025
winged bean,Kharif,Nagaland,13124,1600,2500,4320,1300,2304,1100,13124,INR/Acre,KVK Farm Budget Standards,2024-2025
winged bean,Kharif,Manipur,13124,1600,2500,4320,1300,2304,1100,13124,INR/Acre,KVK Farm Budget Standards,2024-2025
winged bean,Kharif,Karnataka,14341,1600,2500,5280,1365,2496,1100,14341,INR/Acre,KVK Farm Budget Standards,2024-2025
winged bean,Kharif,Kerala,15521,1600,2500,6480,1105,2736,1100,15521,INR/Acre,KVK Farm Budget Standards,2024-2025
winged bean,Kharif,Odisha,12853,1600,2500,4224,1144,2285,1100,12853,INR/Acre,KVK Farm Budget Standards,2024-2025
ricebean,Kharif,Assam,11650,1300,2200,4116,902,2182,950,11650,INR/Acre,ICAR-NEH Region Cost Guidelines,2024-2025
ricebean,Kharif,Meghalaya,11442,1300,2200,3780,1100,2112,950,11442,INR/Acre,ICAR-NEH Region Cost Guidelines,2024-2025
ricebean,Kharif,Nagaland,11442,1300,2200,3780,1100,2112,950,11442,INR/Acre,ICAR-NEH Region Cost Guidelines,2024-2025
ricebean,Kharif,Manipur,11442,1300,2200,3780,1100,2112,950,11442,INR/Acre,ICAR-NEH Region Cost Guidelines,2024-2025
ricebean,Kharif,Karnataka,12513,1300,2200,4620,1155,2288,950,12513,INR/Acre,ICAR-NEH Region Cost Guidelines,2024-2025
ricebean,Kharif,Kerala,13563,1300,2200,5670,935,2508,950,13563,INR/Acre,ICAR-NEH Region Cost Guidelines,2024-2025
ricebean,Kharif,Odisha,11208,1300,2200,3696,968,2094,950,11208,INR/Acre,ICAR-NEH Region Cost Guidelines,2024-2025
adzuki bean,Kharif,Assam,12774,1600,2400,4508,984,2282,1000,12774,INR/Acre,KVK Farm Budget Standards,2024-2025
adzuki bean,Kharif,Meghalaya,12548,1600,2400,4140,1200,2208,1000,12548,INR/Acre,KVK Farm Budget Standards,2024-2025
adzuki bean,Kharif,Nagaland,12548,1600,2400,4140,1200,2208,1000,12548,INR/Acre,KVK Farm Budget Standards,2024-2025
adzuki bean,Kharif,Manipur,12548,1600,2400,4140,1200,2208,1000,12548,INR/Acre,KVK Farm Budget Standards,2024-2025
adzuki bean,Kharif,Karnataka,13712,1600,2400,5060,1260,2392,1000,13712,INR/Acre,KVK Farm Budget Standards,2024-2025
adzuki bean,Kharif,Kerala,14852,1600,2400,6210,1020,2622,1000,14852,INR/Acre,KVK Farm Budget Standards,2024-2025
adzuki bean,Kharif,Odisha,12294,1600,2400,4048,1056,2190,1000,12294,INR/Acre,KVK Farm Budget Standards,2024-2025
sword bean,Kharif,Assam,12576,1500,2400,4410,984,2282,1000,12576,INR/Acre,KVK Farm Budget Standards,2024-2025
sword bean,Kharif,Meghalaya,12358,1500,2400,4050,1200,2208,1000,12358,INR/Acre,KVK Farm Budget Standards,2024-2025
sword bean,Kharif,Nagaland,12358,1500,2400,4050,1200,2208,1000,12358,INR/Acre,KVK Farm Budget Standards,2024-2025
sword bean,Kharif,Manipur,12358,1500,2400,4050,1200,2208,1000,12358,INR/Acre,KVK Farm Budget Standards,2024-2025
sword bean,Kharif,Karnataka,13502,1500,2400,4950,1260,2392,1000,13502,INR/Acre,KVK Farm Budget Standards,2024-2025
sword bean,Kharif,Kerala,14617,1500,2400,6075,1020,2622,1000,14617,INR/Acre,KVK Farm Budget Standards,2024-2025
sword bean,Kharif,Odisha,12106,1500,2400,3960,1056,2190,1000,12106,INR/Acre,KVK Farm Budget Standards,2024-2025
velvet bean,Kharif,Assam,11750,1400,2200,4116,902,2182,950,11750,INR/Acre,KVK Farm Budget Standards,2024-2025
velvet bean,Kharif,Meghalaya,11542,1400,2200,3780,1100,2112,950,11542,INR/Acre,KVK Farm Budget Standards,2024-2025
velvet bean,Kharif,Nagaland,11542,1400,2200,3780,1100,2112,950,11542,INR/Acre,KVK Farm Budget Standards,2024-2025
velvet bean,Kharif,Manipur,11542,1400,2200,3780,1100,2112,950,11542,INR/Acre,KVK Farm Budget Standards,2024-2025
velvet bean,Kharif,Karnataka,12613,1400,2200,4620,1155,2288,950,12613,INR/Acre,KVK Farm Budget Standards,2024-2025
velvet bean,Kharif,Kerala,13663,1400,2200,5670,935,2508,950,13663,INR/Acre,KVK Farm Budget Standards,2024-2025
velvet bean,Kharif,Odisha,11308,1400,2200,3696,968,2094,950,11308,INR/Acre,KVK Farm Budget Standards,2024-2025
tepary bean,Kharif,Assam,11221,1300,2100,4018,820,2083,900,11221,INR/Acre,KVK Farm Budget Standards,2024-2025
tepary bean,Kharif,Meghalaya,11006,1300,2100,3690,1000,2016,900,11006,INR/Acre,KVK Farm Budget Standards,2024-2025
tepary bean,Kharif,Nagaland,11006,1300,2100,3690,1000,2016,900,11006,INR/Acre,KVK Farm Budget Standards,2024-2025
tepary bean,Kharif,Manipur,11006,1300,2100,3690,1000,2016,900,11006,INR/Acre,KVK Farm Budget Standards,2024-2025
tepary bean,Kharif,Karnataka,12044,1300,2100,4510,1050,2184,900,12044,INR/Acre,KVK Farm Budget Standards,2024-2025
tepary bean,Kharif,Kerala,13079,1300,2100,5535,850,2394,900,13079,INR/Acre,KVK Farm Budget Standards,2024-2025
tepary bean,Kharif,Odisha,10787,1300,2100,3608,880,1999,900,10787,INR/Acre,KVK Farm Budget Standards,2024-2025
lima bean,Kharif,Assam,13351,1600,2500,4704,1066,2381,1100,13351,INR/Acre,SAU Package of Practices,2024-2025
lima bean,Kharif,Meghalaya,13124,1600,2500,4320,1300,2304,1100,13124,INR/Acre,SAU Package of Practices,2024-2025
lima bean,Kharif,Nagaland,13124,1600,2500,4320,1300,2304,1100,13124,INR/Acre,SAU Package of Practices,2024-2025
lima bean,Kharif,Manipur,13124,1600,2500,4320,1300,2304,1100,13124,INR/Acre,SAU Package of Practices,2024-2025
lima bean,Kharif,Karnataka,14341,1600,2500,5280,1365,2496,1100,14341,INR/Acre,SAU Package of Practices,2024-2025
lima bean,Kharif,Kerala,15521,1600,2500,6480,1105,2736,1100,15521,INR/Acre,SAU Package of Practices,2024-2025
lima bean,Kharif,Odisha,12853,1600,2500,4224,1144,2285,1100,12853,INR/Acre,SAU Package of Practices,2024-2025
groundnut,Kharif,Gujarat,26322,7500,4200,7420,2530,3072,1600,26322,INR/Acre,"CACP Cost of Cultivation Scheme (DES, MoA&FW)",2024-2025
groundnut,Kharif,Rajasthan,25896,7500,4200,7000,2596,3000,1600,25896,INR/Acre,"CACP Cost of Cultivation Scheme (DES, MoA&FW)",2024-2025
groundnut,Kharif,Tamil Nadu,26704,7500,4200,7840,2420,3144,1600,26704,INR/Acre,"CACP Cost of Cultivation Scheme (DES, MoA&FW)",2024-2025
groundnut,Kharif,Andhra Pradesh,26430,7500,4200,7700,2310,3120,1600,26430,INR/Acre,"CACP Cost of Cultivation Scheme (DES, MoA&FW)",2024-2025
groundnut,Kharif,Karnataka,26430,7500,4200,7700,2310,3120,1600,26430,INR/Acre,"CACP Cost of Cultivation Scheme (DES, MoA&FW)",2024-2025
groundnut,Kharif,Madhya Pradesh,24844,7500,4200,6440,2200,2904,1600,24844,INR/Acre,"CACP Cost of Cultivation Scheme (DES, MoA&FW)",2024-2025
groundnut,Kharif,Maharashtra,26332,7500,4200,7560,2376,3096,1600,26332,INR/Acre,"CACP Cost of Cultivation Scheme (DES, MoA&FW)",2024-2025
groundnut,Rabi,Tamil Nadu,27502,7950,4452,7840,2420,3144,1696,27502,INR/Acre,"CACP Cost of Cultivation Scheme (DES, MoA&FW)",2024-2025
groundnut,Rabi,Andhra Pradesh,27228,7950,4452,7700,2310,3120,1696,27228,INR/Acre,"CACP Cost of Cultivation Scheme (DES, MoA&FW)",2024-2025
groundnut,Rabi,Telangana,27228,7950,4452,7700,2310,3120,1696,27228,INR/Acre,"CACP Cost of Cultivation Scheme (DES, MoA&FW)",2024-2025
groundnut,Rabi,Odisha,25050,7950,4452,6160,1936,2856,1696,25050,INR/Acre,"CACP Cost of Cultivation Scheme (DES, MoA&FW)",2024-2025
groundnut,Rabi,Karnataka,27228,7950,4452,7700,2310,3120,1696,27228,INR/Acre,"CACP Cost of Cultivation Scheme (DES, MoA&FW)",2024-2025
groundnut,Zaid,Gujarat,28044,8400,4704,7420,2656,3072,1792,28044,INR/Acre,"CACP Cost of Cultivation Scheme (DES, MoA&FW)",2024-2025
groundnut,Zaid,Maharashtra,28047,8400,4704,7560,2495,3096,1792,28047,INR/Acre,"CACP Cost of Cultivation Scheme (DES, MoA&FW)",2024-2025
groundnut,Zaid,West Bengal,26860,8400,4704,7000,1964,3000,1792,26860,INR/Acre,"CACP Cost of Cultivation Scheme (DES, MoA&FW)",2024-2025
mustard (sarson),Rabi,Rajasthan,17526,1272,3816,5500,2360,3200,1378,17526,INR/Acre,"CACP Cost of Cultivation Scheme (DES, MoA&FW)",2024-2025
mustard (sarson),Rabi,Madhya Pradesh,16624,1272,3816,5060,2000,3098,1378,16624,INR/Acre,"CACP Cost of Cultivation Scheme (DES, MoA&FW)",2024-2025
mustard (sarson),Rabi,Haryana,18898,1272,3816,6710,2240,3482,1378,18898,INR/Acre,"CACP Cost of Cultivation Scheme (DES, MoA&FW)",2024-2025
mustard (sarson),Rabi,Uttar Pradesh,16624,1272,3816,5060,2000,3098,1378,16624,INR/Acre,"CACP Cost of Cultivation Scheme (DES, MoA&FW)",2024-2025
mustard (sarson),Rabi,West Bengal,16866,1272,3816,5500,1700,3200,1378,16866,INR/Acre,"CACP Cost of Cultivation Scheme (DES, MoA&FW)",2024-2025
mustard (sarson),Rabi,Gujarat,17873,1272,3816,5830,2300,3277,1378,17873,INR/Acre,"CACP Cost of Cultivation Scheme (DES, MoA&FW)",2024-2025
mustard (sarson),Rabi,Assam,16670,1272,3816,5390,1640,3174,1378,16670,INR/Acre,"CACP Cost of Cultivation Scheme (DES, MoA&FW)",2024-2025
mustard (sarson),Rabi,Bihar,16152,1272,3816,4840,1800,3046,1378,16152,INR/Acre,"CACP Cost of Cultivation Scheme (DES, MoA&FW)",2024-2025
mustard (sarson),Rabi,Punjab,19101,1272,3816,6875,2240,3520,1378,19101,INR/Acre,"CACP Cost of Cultivation Scheme (DES, MoA&FW)",2024-2025
mustard (sarson),Rabi,Maharashtra,17868,1272,3816,5940,2160,3302,1378,17868,INR/Acre,"CACP Cost of Cultivation Scheme (DES, MoA&FW)",2024-2025
mustard (sarson),Rabi,Karnataka,17944,1272,3816,6050,2100,3328,1378,17944,INR/Acre,"CACP Cost of Cultivation Scheme (DES, MoA&FW)",2024-2025
mustard (sarson),Rabi,Telangana,17944,1272,3816,6050,2100,3328,1378,17944,INR/Acre,"CACP Cost of Cultivation Scheme (DES, MoA&FW)",2024-2025
taramira,Rabi,Rajasthan,12256,954,2332,4200,1416,2400,954,12256,INR/Acre,CAZRI Dryland Ag Guidelines,2024-2025
taramira,Rabi,Madhya Pradesh,11627,954,2332,3864,1200,2323,954,11627,INR/Acre,CAZRI Dryland Ag Guidelines,2024-2025
taramira,Rabi,Haryana,13319,954,2332,5124,1344,2611,954,13319,INR/Acre,CAZRI Dryland Ag Guidelines,2024-2025
taramira,Rabi,Uttar Pradesh,11627,954,2332,3864,1200,2323,954,11627,INR/Acre,CAZRI Dryland Ag Guidelines,2024-2025
taramira,Rabi,West Bengal,11860,954,2332,4200,1020,2400,954,11860,INR/Acre,CAZRI Dryland Ag Guidelines,2024-2025
taramira,Rabi,Gujarat,12530,954,2332,4452,1380,2458,954,12530,INR/Acre,CAZRI Dryland Ag Guidelines,2024-2025
taramira,Rabi,Assam,11721,954,2332,4116,984,2381,954,11721,INR/Acre,CAZRI Dryland Ag Guidelines,2024-2025
taramira,Rabi,Bihar,11301,954,2332,3696,1080,2285,954,11301,INR/Acre,CAZRI Dryland Ag Guidelines,2024-2025
taramira,Rabi,Punjab,13474,954,2332,5250,1344,2640,954,13474,INR/Acre,CAZRI Dryland Ag Guidelines,2024-2025
taramira,Rabi,Maharashtra,12549,954,2332,4536,1296,2477,954,12549,INR/Acre,CAZRI Dryland Ag Guidelines,2024-2025
taramira,Rabi,Karnataka,12616,954,2332,4620,1260,2496,954,12616,INR/Acre,CAZRI Dryland Ag Guidelines,2024-2025
taramira,Rabi,Telangana,12616,954,2332,4620,1260,2496,954,12616,INR/Acre,CAZRI Dryland Ag Guidelines,2024-2025
linseed (flax),Rabi,Rajasthan,14570,1484,2968,4800,1652,2500,1166,14570,INR/Acre,ICAR-IIOR Oilseed Cost Guidelines,2024-2025
linseed (flax),Rabi,Madhya Pradesh,13854,1484,2968,4416,1400,2420,1166,13854,INR/Acre,ICAR-IIOR Oilseed Cost Guidelines,2024-2025
linseed (flax),Rabi,Haryana,15762,1484,2968,5856,1568,2720,1166,15762,INR/Acre,ICAR-IIOR Oilseed Cost Guidelines,2024-2025
linseed (flax),Rabi,Uttar Pradesh,13854,1484,2968,4416,1400,2420,1166,13854,INR/Acre,ICAR-IIOR Oilseed Cost Guidelines,2024-2025
linseed (flax),Rabi,West Bengal,14108,1484,2968,4800,1190,2500,1166,14108,INR/Acre,ICAR-IIOR Oilseed Cost Guidelines,2024-2025
linseed (flax),Rabi,Gujarat,14876,1484,2968,5088,1610,2560,1166,14876,INR/Acre,ICAR-IIOR Oilseed Cost Guidelines,2024-2025
linseed (flax),Rabi,Assam,13950,1484,2968,4704,1148,2480,1166,13950,INR/Acre,ICAR-IIOR Oilseed Cost Guidelines,2024-2025
linseed (flax),Rabi,Bihar,13482,1484,2968,4224,1260,2380,1166,13482,INR/Acre,ICAR-IIOR Oilseed Cost Guidelines,2024-2025
linseed (flax),Rabi,Punjab,15936,1484,2968,6000,1568,2750,1166,15936,INR/Acre,ICAR-IIOR Oilseed Cost Guidelines,2024-2025
linseed (flax),Rabi,Maharashtra,14894,1484,2968,5184,1512,2580,1166,14894,INR/Acre,ICAR-IIOR Oilseed Cost Guidelines,2024-2025
linseed (flax),Rabi,Karnataka,14968,1484,2968,5280,1470,2600,1166,14968,INR/Acre,ICAR-IIOR Oilseed Cost Guidelines,2024-2025
linseed (flax),Rabi,Telangana,14968,1484,2968,5280,1470,2600,1166,14968,INR/Acre,ICAR-IIOR Oilseed Cost Guidelines,2024-2025
safflower,Rabi,Rajasthan,13404,1272,2756,4500,1416,2400,1060,13404,INR/Acre,CACP & MPKV Rahuri Cost Norms,2024-2025
safflower,Rabi,Madhya Pradesh,12751,1272,2756,4140,1200,2323,1060,12751,INR/Acre,CACP & MPKV Rahuri Cost Norms,2024-2025
safflower,Rabi,Haryana,14533,1272,2756,5490,1344,2611,1060,14533,INR/Acre,CACP & MPKV Rahuri Cost Norms,2024-2025
safflower,Rabi,Uttar Pradesh,12751,1272,2756,4140,1200,2323,1060,12751,INR/Acre,CACP & MPKV Rahuri Cost Norms,2024-2025
safflower,Rabi,West Bengal,13008,1272,2756,4500,1020,2400,1060,13008,INR/Acre,CACP & MPKV Rahuri Cost Norms,2024-2025
safflower,Rabi,Gujarat,13696,1272,2756,4770,1380,2458,1060,13696,INR/Acre,CACP & MPKV Rahuri Cost Norms,2024-2025
safflower,Rabi,Assam,12863,1272,2756,4410,984,2381,1060,12863,INR/Acre,CACP & MPKV Rahuri Cost Norms,2024-2025
safflower,Rabi,Bihar,12413,1272,2756,3960,1080,2285,1060,12413,INR/Acre,CACP & MPKV Rahuri Cost Norms,2024-2025
safflower,Rabi,Punjab,14697,1272,2756,5625,1344,2640,1060,14697,INR/Acre,CACP & MPKV Rahuri Cost Norms,2024-2025
safflower,Rabi,Maharashtra,13721,1272,2756,4860,1296,2477,1060,13721,INR/Acre,CACP & MPKV Rahuri Cost Norms,2024-2025
safflower,Rabi,Karnataka,13794,1272,2756,4950,1260,2496,1060,13794,INR/Acre,CACP & MPKV Rahuri Cost Norms,2024-2025
safflower,Rabi,Telangana,13794,1272,2756,4950,1260,2496,1060,13794,INR/Acre,CACP & MPKV Rahuri Cost Norms,2024-2025
sesame (til),Kharif,West Bengal,12420,1100,2400,4600,1020,2300,1000,12420,INR/Acre,"CACP Cost of Cultivation Scheme (DES, MoA&FW)",2024-2025
sesame (til),Kharif,Madhya Pradesh,12158,1100,2400,4232,1200,2226,1000,12158,INR/Acre,"CACP Cost of Cultivation Scheme (DES, MoA&FW)",2024-2025
sesame (til),Kharif,Rajasthan,12816,1100,2400,4600,1416,2300,1000,12816,INR/Acre,"CACP Cost of Cultivation Scheme (DES, MoA&FW)",2024-2025
sesame (til),Kharif,Gujarat,13111,1100,2400,4876,1380,2355,1000,13111,INR/Acre,"CACP Cost of Cultivation Scheme (DES, MoA&FW)",2024-2025
sesame (til),Kharif,Uttar Pradesh,12158,1100,2400,4232,1200,2226,1000,12158,INR/Acre,"CACP Cost of Cultivation Scheme (DES, MoA&FW)",2024-2025
sesame (til),Kharif,Tamil Nadu,13382,1100,2400,5152,1320,2410,1000,13382,INR/Acre,"CACP Cost of Cultivation Scheme (DES, MoA&FW)",2024-2025
sesame (til),Zaid,West Bengal,13011,1232,2688,4600,1071,2300,1120,13011,INR/Acre,"CACP Cost of Cultivation Scheme (DES, MoA&FW)",2024-2025
sesame (til),Zaid,Gujarat,13720,1232,2688,4876,1449,2355,1120,13720,INR/Acre,"CACP Cost of Cultivation Scheme (DES, MoA&FW)",2024-2025
sesame (til),Zaid,Andhra Pradesh,13815,1232,2688,5060,1323,2392,1120,13815,INR/Acre,"CACP Cost of Cultivation Scheme (DES, MoA&FW)",2024-2025
sesame (til),Zaid,Tamil Nadu,13988,1232,2688,5152,1386,2410,1120,13988,INR/Acre,"CACP Cost of Cultivation Scheme (DES, MoA&FW)",2024-2025
sunflower,Kharif,Karnataka,17742,2000,3600,5940,1890,2912,1400,17742,INR/Acre,"CACP Cost of Cultivation Scheme (DES, MoA&FW)",2024-2025
sunflower,Kharif,Maharashtra,17666,2000,3600,5832,1944,2890,1400,17666,INR/Acre,"CACP Cost of Cultivation Scheme (DES, MoA&FW)",2024-2025
sunflower,Kharif,Andhra Pradesh,17742,2000,3600,5940,1890,2912,1400,17742,INR/Acre,"CACP Cost of Cultivation Scheme (DES, MoA&FW)",2024-2025
sunflower,Rabi,Karnataka,18162,2120,3816,5940,1890,2912,1484,18162,INR/Acre,"CACP Cost of Cultivation Scheme (DES, MoA&FW)",2024-2025
sunflower,Rabi,Andhra Pradesh,18162,2120,3816,5940,1890,2912,1484,18162,INR/Acre,"CACP Cost of Cultivation Scheme (DES, MoA&FW)",2024-2025
sunflower,Rabi,Telangana,18162,2120,3816,5940,1890,2912,1484,18162,INR/Acre,"CACP Cost of Cultivation Scheme (DES, MoA&FW)",2024-2025
sunflower,Rabi,Tamil Nadu,18382,2120,3816,6048,1980,2934,1484,18382,INR/Acre,"CACP Cost of Cultivation Scheme (DES, MoA&FW)",2024-2025
sunflower,Zaid,Punjab,19787,2240,4032,6750,2117,3080,1568,19787,INR/Acre,"CACP Cost of Cultivation Scheme (DES, MoA&FW)",2024-2025
sunflower,Zaid,Haryana,19591,2240,4032,6588,2117,3046,1568,19591,INR/Acre,"CACP Cost of Cultivation Scheme (DES, MoA&FW)",2024-2025
sunflower,Zaid,West Bengal,17646,2240,4032,5400,1606,2800,1568,17646,INR/Acre,"CACP Cost of Cultivation Scheme (DES, MoA&FW)",2024-2025
castor,Kharif,Gujarat,16314,1800,3200,5512,1840,2662,1300,16314,INR/Acre,SDAU Gujarat & CACP Benchmark,2024-2025
castor,Kharif,Rajasthan,15988,1800,3200,5200,1888,2600,1300,15988,INR/Acre,SDAU Gujarat & CACP Benchmark,2024-2025
castor,Kharif,Andhra Pradesh,16404,1800,3200,5720,1680,2704,1300,16404,INR/Acre,SDAU Gujarat & CACP Benchmark,2024-2025
castor,Kharif,Telangana,16404,1800,3200,5720,1680,2704,1300,16404,INR/Acre,SDAU Gujarat & CACP Benchmark,2024-2025
castor,Kharif,Karnataka,16404,1800,3200,5720,1680,2704,1300,16404,INR/Acre,SDAU Gujarat & CACP Benchmark,2024-2025
niger seed,Kharif,Madhya Pradesh,10794,900,2000,3864,1000,2130,900,10794,INR/Acre,"CACP Cost of Cultivation Scheme (DES, MoA&FW)",2024-2025
niger seed,Kharif,Chhattisgarh,10692,900,2000,3780,1000,2112,900,10692,INR/Acre,"CACP Cost of Cultivation Scheme (DES, MoA&FW)",2024-2025
niger seed,Kharif,Odisha,10470,900,2000,3696,880,2094,900,10470,INR/Acre,"CACP Cost of Cultivation Scheme (DES, MoA&FW)",2024-2025
niger seed,Kharif,Maharashtra,11686,900,2000,4536,1080,2270,900,11686,INR/Acre,"CACP Cost of Cultivation Scheme (DES, MoA&FW)",2024-2025
niger seed,Kharif,Karnataka,11758,900,2000,4620,1050,2288,900,11758,INR/Acre,"CACP Cost of Cultivation Scheme (DES, MoA&FW)",2024-2025
oil palm,Kharif,Andhra Pradesh,39065,6500,8500,13200,4725,3640,2500,39065,INR/Acre,National Mission on Edible Oils - Oil Palm,2024-2025
oil palm,Kharif,Telangana,39065,6500,8500,13200,4725,3640,2500,39065,INR/Acre,National Mission on Edible Oils - Oil Palm,2024-2025
oil palm,Kharif,Karnataka,39065,6500,8500,13200,4725,3640,2500,39065,INR/Acre,National Mission on Edible Oils - Oil Palm,2024-2025
oil palm,Kharif,Odisha,35352,6500,8500,10560,3960,3332,2500,35352,INR/Acre,National Mission on Edible Oils - Oil Palm,2024-2025
oil palm,Kharif,Kerala,41515,6500,8500,16200,3825,3990,2500,41515,INR/Acre,National Mission on Edible Oils - Oil Palm,2024-2025
oil palm,Kharif,Tamil Nadu,39558,6500,8500,13440,4950,3668,2500,39558,INR/Acre,National Mission on Edible Oils - Oil Palm,2024-2025
oil palm,Kharif,Chhattisgarh,36160,6500,8500,10800,4500,3360,2500,36160,INR/Acre,National Mission on Edible Oils - Oil Palm,2024-2025
oil palm,Kharif,Madhya Pradesh,36428,6500,8500,11040,4500,3388,2500,36428,INR/Acre,National Mission on Edible Oils - Oil Palm,2024-2025
oil palm,Kharif,Gujarat,38979,6500,8500,12720,5175,3584,2500,38979,INR/Acre,National Mission on Edible Oils - Oil Palm,2024-2025
oil palm,Kharif,Maharashtra,38932,6500,8500,12960,4860,3612,2500,38932,INR/Acre,National Mission on Edible Oils - Oil Palm,2024-2025
oil palm,Rabi,Andhra Pradesh,40115,6890,9010,13200,4725,3640,2650,40115,INR/Acre,National Mission on Edible Oils - Oil Palm,2024-2025
oil palm,Rabi,Telangana,40115,6890,9010,13200,4725,3640,2650,40115,INR/Acre,National Mission on Edible Oils - Oil Palm,2024-2025
oil palm,Rabi,Karnataka,40115,6890,9010,13200,4725,3640,2650,40115,INR/Acre,National Mission on Edible Oils - Oil Palm,2024-2025
oil palm,Rabi,Odisha,36402,6890,9010,10560,3960,3332,2650,36402,INR/Acre,National Mission on Edible Oils - Oil Palm,2024-2025
oil palm,Rabi,Kerala,42565,6890,9010,16200,3825,3990,2650,42565,INR/Acre,National Mission on Edible Oils - Oil Palm,2024-2025
oil palm,Rabi,Tamil Nadu,40608,6890,9010,13440,4950,3668,2650,40608,INR/Acre,National Mission on Edible Oils - Oil Palm,2024-2025
oil palm,Rabi,Chhattisgarh,37210,6890,9010,10800,4500,3360,2650,37210,INR/Acre,National Mission on Edible Oils - Oil Palm,2024-2025
oil palm,Rabi,Madhya Pradesh,37478,6890,9010,11040,4500,3388,2650,37478,INR/Acre,National Mission on Edible Oils - Oil Palm,2024-2025
oil palm,Rabi,Gujarat,40029,6890,9010,12720,5175,3584,2650,40029,INR/Acre,National Mission on Edible Oils - Oil Palm,2024-2025
oil palm,Rabi,Maharashtra,39982,6890,9010,12960,4860,3612,2650,39982,INR/Acre,National Mission on Edible Oils - Oil Palm,2024-2025
oil palm,Zaid,Andhra Pradesh,41401,7280,9520,13200,4961,3640,2800,41401,INR/Acre,National Mission on Edible Oils - Oil Palm,2024-2025
oil palm,Zaid,Telangana,41401,7280,9520,13200,4961,3640,2800,41401,INR/Acre,National Mission on Edible Oils - Oil Palm,2024-2025
oil palm,Zaid,Karnataka,41401,7280,9520,13200,4961,3640,2800,41401,INR/Acre,National Mission on Edible Oils - Oil Palm,2024-2025
oil palm,Zaid,Odisha,37650,7280,9520,10560,4158,3332,2800,37650,INR/Acre,National Mission on Edible Oils - Oil Palm,2024-2025
oil palm,Zaid,Kerala,43806,7280,9520,16200,4016,3990,2800,43806,INR/Acre,National Mission on Edible Oils - Oil Palm,2024-2025
oil palm,Zaid,Tamil Nadu,41906,7280,9520,13440,5198,3668,2800,41906,INR/Acre,National Mission on Edible Oils - Oil Palm,2024-2025
oil palm,Zaid,Chhattisgarh,38485,7280,9520,10800,4725,3360,2800,38485,INR/Acre,National Mission on Edible Oils - Oil Palm,2024-2025
oil palm,Zaid,Madhya Pradesh,38753,7280,9520,11040,4725,3388,2800,38753,INR/Acre,National Mission on Edible Oils - Oil Palm,2024-2025
oil palm,Zaid,Gujarat,41338,7280,9520,12720,5434,3584,2800,41338,INR/Acre,National Mission on Edible Oils - Oil Palm,2024-2025
oil palm,Zaid,Maharashtra,41275,7280,9520,12960,5103,3612,2800,41275,INR/Acre,National Mission on Edible Oils - Oil Palm,2024-2025
cottonseed,Kharif,Andhra Pradesh,33634,3800,5800,14850,2940,3744,2500,33634,INR/Acre,"CACP Cost of Cultivation Scheme (DES, MoA&FW)",2024-2025
cottonseed,Kharif,Telangana,33634,3800,5800,14850,2940,3744,2500,33634,INR/Acre,"CACP Cost of Cultivation Scheme (DES, MoA&FW)",2024-2025
cottonseed,Kharif,Karnataka,33634,3800,5800,14850,2940,3744,2500,33634,INR/Acre,"CACP Cost of Cultivation Scheme (DES, MoA&FW)",2024-2025
cottonseed,Kharif,Odisha,29871,3800,5800,11880,2464,3427,2500,29871,INR/Acre,"CACP Cost of Cultivation Scheme (DES, MoA&FW)",2024-2025
cottonseed,Kharif,Kerala,36809,3800,5800,18225,2380,4104,2500,36809,INR/Acre,"CACP Cost of Cultivation Scheme (DES, MoA&FW)",2024-2025
cottonseed,Kharif,Tamil Nadu,34073,3800,5800,15120,3080,3773,2500,34073,INR/Acre,"CACP Cost of Cultivation Scheme (DES, MoA&FW)",2024-2025
cottonseed,Kharif,Chhattisgarh,30506,3800,5800,12150,2800,3456,2500,30506,INR/Acre,"CACP Cost of Cultivation Scheme (DES, MoA&FW)",2024-2025
cottonseed,Kharif,Madhya Pradesh,30805,3800,5800,12420,2800,3485,2500,30805,INR/Acre,"CACP Cost of Cultivation Scheme (DES, MoA&FW)",2024-2025
cottonseed,Kharif,Gujarat,33316,3800,5800,14310,3220,3686,2500,33316,INR/Acre,"CACP Cost of Cultivation Scheme (DES, MoA&FW)",2024-2025
cottonseed,Kharif,Maharashtra,33419,3800,5800,14580,3024,3715,2500,33419,INR/Acre,"CACP Cost of Cultivation Scheme (DES, MoA&FW)",2024-2025
cottonseed,Rabi,Andhra Pradesh,34360,4028,6148,14850,2940,3744,2650,34360,INR/Acre,"CACP Cost of Cultivation Scheme (DES, MoA&FW)",2024-2025
cottonseed,Rabi,Telangana,34360,4028,6148,14850,2940,3744,2650,34360,INR/Acre,"CACP Cost of Cultivation Scheme (DES, MoA&FW)",2024-2025
cottonseed,Rabi,Karnataka,34360,4028,6148,14850,2940,3744,2650,34360,INR/Acre,"CACP Cost of Cultivation Scheme (DES, MoA&FW)",2024-2025
cottonseed,Rabi,Odisha,30597,4028,6148,11880,2464,3427,2650,30597,INR/Acre,"CACP Cost of Cultivation Scheme (DES, MoA&FW)",2024-2025
cottonseed,Rabi,Kerala,37535,4028,6148,18225,2380,4104,2650,37535,INR/Acre,"CACP Cost of Cultivation Scheme (DES, MoA&FW)",2024-2025
cottonseed,Rabi,Tamil Nadu,34799,4028,6148,15120,3080,3773,2650,34799,INR/Acre,"CACP Cost of Cultivation Scheme (DES, MoA&FW)",2024-2025
cottonseed,Rabi,Chhattisgarh,31232,4028,6148,12150,2800,3456,2650,31232,INR/Acre,"CACP Cost of Cultivation Scheme (DES, MoA&FW)",2024-2025
cottonseed,Rabi,Madhya Pradesh,31531,4028,6148,12420,2800,3485,2650,31531,INR/Acre,"CACP Cost of Cultivation Scheme (DES, MoA&FW)",2024-2025
cottonseed,Rabi,Gujarat,34042,4028,6148,14310,3220,3686,2650,34042,INR/Acre,"CACP Cost of Cultivation Scheme (DES, MoA&FW)",2024-2025
cottonseed,Rabi,Maharashtra,34145,4028,6148,14580,3024,3715,2650,34145,INR/Acre,"CACP Cost of Cultivation Scheme (DES, MoA&FW)",2024-2025
cottonseed,Zaid,Andhra Pradesh,35233,4256,6496,14850,3087,3744,2800,35233,INR/Acre,"CACP Cost of Cultivation Scheme (DES, MoA&FW)",2024-2025
cottonseed,Zaid,Telangana,35233,4256,6496,14850,3087,3744,2800,35233,INR/Acre,"CACP Cost of Cultivation Scheme (DES, MoA&FW)",2024-2025
cottonseed,Zaid,Karnataka,35233,4256,6496,14850,3087,3744,2800,35233,INR/Acre,"CACP Cost of Cultivation Scheme (DES, MoA&FW)",2024-2025
cottonseed,Zaid,Odisha,31446,4256,6496,11880,2587,3427,2800,31446,INR/Acre,"CACP Cost of Cultivation Scheme (DES, MoA&FW)",2024-2025
cottonseed,Zaid,Kerala,38380,4256,6496,18225,2499,4104,2800,38380,INR/Acre,"CACP Cost of Cultivation Scheme (DES, MoA&FW)",2024-2025
cottonseed,Zaid,Tamil Nadu,35679,4256,6496,15120,3234,3773,2800,35679,INR/Acre,"CACP Cost of Cultivation Scheme (DES, MoA&FW)",2024-2025
cottonseed,Zaid,Chhattisgarh,32098,4256,6496,12150,2940,3456,2800,32098,INR/Acre,"CACP Cost of Cultivation Scheme (DES, MoA&FW)",2024-2025
cottonseed,Zaid,Madhya Pradesh,32397,4256,6496,12420,2940,3485,2800,32397,INR/Acre,"CACP Cost of Cultivation Scheme (DES, MoA&FW)",2024-2025
cottonseed,Zaid,Gujarat,34929,4256,6496,14310,3381,3686,2800,34929,INR/Acre,"CACP Cost of Cultivation Scheme (DES, MoA&FW)",2024-2025
cottonseed,Zaid,Maharashtra,35022,4256,6496,14580,3175,3715,2800,35022,INR/Acre,"CACP Cost of Cultivation Scheme (DES, MoA&FW)",2024-2025
mahua,Kharif,Andhra Pradesh,9050,500,1500,3850,840,1560,800,9050,INR/Acre,State Forest/Agroforestry Cost Norms,2024-2025
mahua,Kharif,Telangana,9050,500,1500,3850,840,1560,800,9050,INR/Acre,State Forest/Agroforestry Cost Norms,2024-2025
mahua,Kharif,Karnataka,9050,500,1500,3850,840,1560,800,9050,INR/Acre,State Forest/Agroforestry Cost Norms,2024-2025
mahua,Kharif,Odisha,8012,500,1500,3080,704,1428,800,8012,INR/Acre,State Forest/Agroforestry Cost Norms,2024-2025
mahua,Kharif,Kerala,9915,500,1500,4725,680,1710,800,9915,INR/Acre,State Forest/Agroforestry Cost Norms,2024-2025
mahua,Kharif,Tamil Nadu,9172,500,1500,3920,880,1572,800,9172,INR/Acre,State Forest/Agroforestry Cost Norms,2024-2025
mahua,Kharif,Chhattisgarh,8190,500,1500,3150,800,1440,800,8190,INR/Acre,State Forest/Agroforestry Cost Norms,2024-2025
mahua,Kharif,Madhya Pradesh,8272,500,1500,3220,800,1452,800,8272,INR/Acre,State Forest/Agroforestry Cost Norms,2024-2025
mahua,Kharif,Gujarat,8966,500,1500,3710,920,1536,800,8966,INR/Acre,State Forest/Agroforestry Cost Norms,2024-2025
mahua,Kharif,Maharashtra,8992,500,1500,3780,864,1548,800,8992,INR/Acre,State Forest/Agroforestry Cost Norms,2024-2025
mahua,Rabi,Andhra Pradesh,9218,530,1590,3850,840,1560,848,9218,INR/Acre,State Forest/Agroforestry Cost Norms,2024-2025
mahua,Rabi,Telangana,9218,530,1590,3850,840,1560,848,9218,INR/Acre,State Forest/Agroforestry Cost Norms,2024-2025
mahua,Rabi,Karnataka,9218,530,1590,3850,840,1560,848,9218,INR/Acre,State Forest/Agroforestry Cost Norms,2024-2025
mahua,Rabi,Odisha,8180,530,1590,3080,704,1428,848,8180,INR/Acre,State Forest/Agroforestry Cost Norms,2024-2025
mahua,Rabi,Kerala,10083,530,1590,4725,680,1710,848,10083,INR/Acre,State Forest/Agroforestry Cost Norms,2024-2025
mahua,Rabi,Tamil Nadu,9340,530,1590,3920,880,1572,848,9340,INR/Acre,State Forest/Agroforestry Cost Norms,2024-2025
mahua,Rabi,Chhattisgarh,8358,530,1590,3150,800,1440,848,8358,INR/Acre,State Forest/Agroforestry Cost Norms,2024-2025
mahua,Rabi,Madhya Pradesh,8440,530,1590,3220,800,1452,848,8440,INR/Acre,State Forest/Agroforestry Cost Norms,2024-2025
mahua,Rabi,Gujarat,9134,530,1590,3710,920,1536,848,9134,INR/Acre,State Forest/Agroforestry Cost Norms,2024-2025
mahua,Rabi,Maharashtra,9160,530,1590,3780,864,1548,848,9160,INR/Acre,State Forest/Agroforestry Cost Norms,2024-2025
mahua,Zaid,Andhra Pradesh,9428,560,1680,3850,882,1560,896,9428,INR/Acre,State Forest/Agroforestry Cost Norms,2024-2025
mahua,Zaid,Telangana,9428,560,1680,3850,882,1560,896,9428,INR/Acre,State Forest/Agroforestry Cost Norms,2024-2025
mahua,Zaid,Karnataka,9428,560,1680,3850,882,1560,896,9428,INR/Acre,State Forest/Agroforestry Cost Norms,2024-2025
mahua,Zaid,Odisha,8383,560,1680,3080,739,1428,896,8383,INR/Acre,State Forest/Agroforestry Cost Norms,2024-2025
mahua,Zaid,Kerala,10285,560,1680,4725,714,1710,896,10285,INR/Acre,State Forest/Agroforestry Cost Norms,2024-2025
mahua,Zaid,Tamil Nadu,9552,560,1680,3920,924,1572,896,9552,INR/Acre,State Forest/Agroforestry Cost Norms,2024-2025
mahua,Zaid,Chhattisgarh,8566,560,1680,3150,840,1440,896,8566,INR/Acre,State Forest/Agroforestry Cost Norms,2024-2025
mahua,Zaid,Madhya Pradesh,8648,560,1680,3220,840,1452,896,8648,INR/Acre,State Forest/Agroforestry Cost Norms,2024-2025
mahua,Zaid,Gujarat,9348,560,1680,3710,966,1536,896,9348,INR/Acre,State Forest/Agroforestry Cost Norms,2024-2025
mahua,Zaid,Maharashtra,9371,560,1680,3780,907,1548,896,9371,INR/Acre,State Forest/Agroforestry Cost Norms,2024-2025
karanja,Kharif,Andhra Pradesh,10602,800,1800,4180,1050,1872,900,10602,INR/Acre,NOVOD Board Biofuel Cost Guidelines,2024-2025
karanja,Kharif,Telangana,10602,800,1800,4180,1050,1872,900,10602,INR/Acre,NOVOD Board Biofuel Cost Guidelines,2024-2025
karanja,Kharif,Karnataka,10602,800,1800,4180,1050,1872,900,10602,INR/Acre,NOVOD Board Biofuel Cost Guidelines,2024-2025
karanja,Kharif,Odisha,9438,800,1800,3344,880,1714,900,9438,INR/Acre,NOVOD Board Biofuel Cost Guidelines,2024-2025
karanja,Kharif,Kerala,11532,800,1800,5130,850,2052,900,11532,INR/Acre,NOVOD Board Biofuel Cost Guidelines,2024-2025
karanja,Kharif,Tamil Nadu,10742,800,1800,4256,1100,1886,900,10742,INR/Acre,NOVOD Board Biofuel Cost Guidelines,2024-2025
karanja,Kharif,Chhattisgarh,9648,800,1800,3420,1000,1728,900,9648,INR/Acre,NOVOD Board Biofuel Cost Guidelines,2024-2025
karanja,Kharif,Madhya Pradesh,9738,800,1800,3496,1000,1742,900,9738,INR/Acre,NOVOD Board Biofuel Cost Guidelines,2024-2025
karanja,Kharif,Gujarat,10521,800,1800,4028,1150,1843,900,10521,INR/Acre,NOVOD Board Biofuel Cost Guidelines,2024-2025
karanja,Kharif,Maharashtra,10542,800,1800,4104,1080,1858,900,10542,INR/Acre,NOVOD Board Biofuel Cost Guidelines,2024-2025
karanja,Rabi,Andhra Pradesh,10812,848,1908,4180,1050,1872,954,10812,INR/Acre,NOVOD Board Biofuel Cost Guidelines,2024-2025
karanja,Rabi,Telangana,10812,848,1908,4180,1050,1872,954,10812,INR/Acre,NOVOD Board Biofuel Cost Guidelines,2024-2025
karanja,Rabi,Karnataka,10812,848,1908,4180,1050,1872,954,10812,INR/Acre,NOVOD Board Biofuel Cost Guidelines,2024-2025
karanja,Rabi,Odisha,9648,848,1908,3344,880,1714,954,9648,INR/Acre,NOVOD Board Biofuel Cost Guidelines,2024-2025
karanja,Rabi,Kerala,11742,848,1908,5130,850,2052,954,11742,INR/Acre,NOVOD Board Biofuel Cost Guidelines,2024-2025
karanja,Rabi,Tamil Nadu,10952,848,1908,4256,1100,1886,954,10952,INR/Acre,NOVOD Board Biofuel Cost Guidelines,2024-2025
karanja,Rabi,Chhattisgarh,9858,848,1908,3420,1000,1728,954,9858,INR/Acre,NOVOD Board Biofuel Cost Guidelines,2024-2025
karanja,Rabi,Madhya Pradesh,9948,848,1908,3496,1000,1742,954,9948,INR/Acre,NOVOD Board Biofuel Cost Guidelines,2024-2025
karanja,Rabi,Gujarat,10731,848,1908,4028,1150,1843,954,10731,INR/Acre,NOVOD Board Biofuel Cost Guidelines,2024-2025
karanja,Rabi,Maharashtra,10752,848,1908,4104,1080,1858,954,10752,INR/Acre,NOVOD Board Biofuel Cost Guidelines,2024-2025
karanja,Zaid,Andhra Pradesh,11074,896,2016,4180,1102,1872,1008,11074,INR/Acre,NOVOD Board Biofuel Cost Guidelines,2024-2025
karanja,Zaid,Telangana,11074,896,2016,4180,1102,1872,1008,11074,INR/Acre,NOVOD Board Biofuel Cost Guidelines,2024-2025
karanja,Zaid,Karnataka,11074,896,2016,4180,1102,1872,1008,11074,INR/Acre,NOVOD Board Biofuel Cost Guidelines,2024-2025
karanja,Zaid,Odisha,9902,896,2016,3344,924,1714,1008,9902,INR/Acre,NOVOD Board Biofuel Cost Guidelines,2024-2025
karanja,Zaid,Kerala,11994,896,2016,5130,892,2052,1008,11994,INR/Acre,NOVOD Board Biofuel Cost Guidelines,2024-2025
karanja,Zaid,Tamil Nadu,11217,896,2016,4256,1155,1886,1008,11217,INR/Acre,NOVOD Board Biofuel Cost Guidelines,2024-2025
karanja,Zaid,Chhattisgarh,10118,896,2016,3420,1050,1728,1008,10118,INR/Acre,NOVOD Board Biofuel Cost Guidelines,2024-2025
karanja,Zaid,Madhya Pradesh,10208,896,2016,3496,1050,1742,1008,10208,INR/Acre,NOVOD Board Biofuel Cost Guidelines,2024-2025
karanja,Zaid,Gujarat,10999,896,2016,4028,1208,1843,1008,10999,INR/Acre,NOVOD Board Biofuel Cost Guidelines,2024-2025
karanja,Zaid,Maharashtra,11016,896,2016,4104,1134,1858,1008,11016,INR/Acre,NOVOD Board Biofuel Cost Guidelines,2024-2025
neem seed,Kharif,Andhra Pradesh,9250,600,1600,3850,840,1560,800,9250,INR/Acre,NOVOD Board Biofuel Cost Guidelines,2024-2025
neem seed,Kharif,Telangana,9250,600,1600,3850,840,1560,800,9250,INR/Acre,NOVOD Board Biofuel Cost Guidelines,2024-2025
neem seed,Kharif,Karnataka,9250,600,1600,3850,840,1560,800,9250,INR/Acre,NOVOD Board Biofuel Cost Guidelines,2024-2025
neem seed,Kharif,Odisha,8212,600,1600,3080,704,1428,800,8212,INR/Acre,NOVOD Board Biofuel Cost Guidelines,2024-2025
neem seed,Kharif,Kerala,10115,600,1600,4725,680,1710,800,10115,INR/Acre,NOVOD Board Biofuel Cost Guidelines,2024-2025
neem seed,Kharif,Tamil Nadu,9372,600,1600,3920,880,1572,800,9372,INR/Acre,NOVOD Board Biofuel Cost Guidelines,2024-2025
neem seed,Kharif,Chhattisgarh,8390,600,1600,3150,800,1440,800,8390,INR/Acre,NOVOD Board Biofuel Cost Guidelines,2024-2025
neem seed,Kharif,Madhya Pradesh,8472,600,1600,3220,800,1452,800,8472,INR/Acre,NOVOD Board Biofuel Cost Guidelines,2024-2025
neem seed,Kharif,Gujarat,9166,600,1600,3710,920,1536,800,9166,INR/Acre,NOVOD Board Biofuel Cost Guidelines,2024-2025
neem seed,Kharif,Maharashtra,9192,600,1600,3780,864,1548,800,9192,INR/Acre,NOVOD Board Biofuel Cost Guidelines,2024-2025
neem seed,Rabi,Andhra Pradesh,9430,636,1696,3850,840,1560,848,9430,INR/Acre,NOVOD Board Biofuel Cost Guidelines,2024-2025
neem seed,Rabi,Telangana,9430,636,1696,3850,840,1560,848,9430,INR/Acre,NOVOD Board Biofuel Cost Guidelines,2024-2025
neem seed,Rabi,Karnataka,9430,636,1696,3850,840,1560,848,9430,INR/Acre,NOVOD Board Biofuel Cost Guidelines,2024-2025
neem seed,Rabi,Odisha,8392,636,1696,3080,704,1428,848,8392,INR/Acre,NOVOD Board Biofuel Cost Guidelines,2024-2025
neem seed,Rabi,Kerala,10295,636,1696,4725,680,1710,848,10295,INR/Acre,NOVOD Board Biofuel Cost Guidelines,2024-2025
neem seed,Rabi,Tamil Nadu,9552,636,1696,3920,880,1572,848,9552,INR/Acre,NOVOD Board Biofuel Cost Guidelines,2024-2025
neem seed,Rabi,Chhattisgarh,8570,636,1696,3150,800,1440,848,8570,INR/Acre,NOVOD Board Biofuel Cost Guidelines,2024-2025
neem seed,Rabi,Madhya Pradesh,8652,636,1696,3220,800,1452,848,8652,INR/Acre,NOVOD Board Biofuel Cost Guidelines,2024-2025
neem seed,Rabi,Gujarat,9346,636,1696,3710,920,1536,848,9346,INR/Acre,NOVOD Board Biofuel Cost Guidelines,2024-2025
neem seed,Rabi,Maharashtra,9372,636,1696,3780,864,1548,848,9372,INR/Acre,NOVOD Board Biofuel Cost Guidelines,2024-2025
neem seed,Zaid,Andhra Pradesh,9652,672,1792,3850,882,1560,896,9652,INR/Acre,NOVOD Board Biofuel Cost Guidelines,2024-2025
neem seed,Zaid,Telangana,9652,672,1792,3850,882,1560,896,9652,INR/Acre,NOVOD Board Biofuel Cost Guidelines,2024-2025
neem seed,Zaid,Karnataka,9652,672,1792,3850,882,1560,896,9652,INR/Acre,NOVOD Board Biofuel Cost Guidelines,2024-2025
neem seed,Zaid,Odisha,8607,672,1792,3080,739,1428,896,8607,INR/Acre,NOVOD Board Biofuel Cost Guidelines,2024-2025
neem seed,Zaid,Kerala,10509,672,1792,4725,714,1710,896,10509,INR/Acre,NOVOD Board Biofuel Cost Guidelines,2024-2025
neem seed,Zaid,Tamil Nadu,9776,672,1792,3920,924,1572,896,9776,INR/Acre,NOVOD Board Biofuel Cost Guidelines,2024-2025
neem seed,Zaid,Chhattisgarh,8790,672,1792,3150,840,1440,896,8790,INR/Acre,NOVOD Board Biofuel Cost Guidelines,2024-2025
neem seed,Zaid,Madhya Pradesh,8872,672,1792,3220,840,1452,896,8872,INR/Acre,NOVOD Board Biofuel Cost Guidelines,2024-2025
neem seed,Zaid,Gujarat,9572,672,1792,3710,966,1536,896,9572,INR/Acre,NOVOD Board Biofuel Cost Guidelines,2024-2025
neem seed,Zaid,Maharashtra,9595,672,1792,3780,907,1548,896,9595,INR/Acre,NOVOD Board Biofuel Cost Guidelines,2024-2025
kusum,Kharif,Andhra Pradesh,9250,600,1600,3850,840,1560,800,9250,INR/Acre,State Agroforestry Cost Guidelines,2024-2025
kusum,Kharif,Telangana,9250,600,1600,3850,840,1560,800,9250,INR/Acre,State Agroforestry Cost Guidelines,2024-2025
kusum,Kharif,Karnataka,9250,600,1600,3850,840,1560,800,9250,INR/Acre,State Agroforestry Cost Guidelines,2024-2025
kusum,Kharif,Odisha,8212,600,1600,3080,704,1428,800,8212,INR/Acre,State Agroforestry Cost Guidelines,2024-2025
kusum,Kharif,Kerala,10115,600,1600,4725,680,1710,800,10115,INR/Acre,State Agroforestry Cost Guidelines,2024-2025
kusum,Kharif,Tamil Nadu,9372,600,1600,3920,880,1572,800,9372,INR/Acre,State Agroforestry Cost Guidelines,2024-2025
kusum,Kharif,Chhattisgarh,8390,600,1600,3150,800,1440,800,8390,INR/Acre,State Agroforestry Cost Guidelines,2024-2025
kusum,Kharif,Madhya Pradesh,8472,600,1600,3220,800,1452,800,8472,INR/Acre,State Agroforestry Cost Guidelines,2024-2025
kusum,Kharif,Gujarat,9166,600,1600,3710,920,1536,800,9166,INR/Acre,State Agroforestry Cost Guidelines,2024-2025
kusum,Kharif,Maharashtra,9192,600,1600,3780,864,1548,800,9192,INR/Acre,State Agroforestry Cost Guidelines,2024-2025
kusum,Rabi,Andhra Pradesh,9430,636,1696,3850,840,1560,848,9430,INR/Acre,State Agroforestry Cost Guidelines,2024-2025
kusum,Rabi,Telangana,9430,636,1696,3850,840,1560,848,9430,INR/Acre,State Agroforestry Cost Guidelines,2024-2025
kusum,Rabi,Karnataka,9430,636,1696,3850,840,1560,848,9430,INR/Acre,State Agroforestry Cost Guidelines,2024-2025
kusum,Rabi,Odisha,8392,636,1696,3080,704,1428,848,8392,INR/Acre,State Agroforestry Cost Guidelines,2024-2025
kusum,Rabi,Kerala,10295,636,1696,4725,680,1710,848,10295,INR/Acre,State Agroforestry Cost Guidelines,2024-2025
kusum,Rabi,Tamil Nadu,9552,636,1696,3920,880,1572,848,9552,INR/Acre,State Agroforestry Cost Guidelines,2024-2025
kusum,Rabi,Chhattisgarh,8570,636,1696,3150,800,1440,848,8570,INR/Acre,State Agroforestry Cost Guidelines,2024-2025
kusum,Rabi,Madhya Pradesh,8652,636,1696,3220,800,1452,848,8652,INR/Acre,State Agroforestry Cost Guidelines,2024-2025
kusum,Rabi,Gujarat,9346,636,1696,3710,920,1536,848,9346,INR/Acre,State Agroforestry Cost Guidelines,2024-2025
kusum,Rabi,Maharashtra,9372,636,1696,3780,864,1548,848,9372,INR/Acre,State Agroforestry Cost Guidelines,2024-2025
kusum,Zaid,Andhra Pradesh,9652,672,1792,3850,882,1560,896,9652,INR/Acre,State Agroforestry Cost Guidelines,2024-2025
kusum,Zaid,Telangana,9652,672,1792,3850,882,1560,896,9652,INR/Acre,State Agroforestry Cost Guidelines,2024-2025
kusum,Zaid,Karnataka,9652,672,1792,3850,882,1560,896,9652,INR/Acre,State Agroforestry Cost Guidelines,2024-2025
kusum,Zaid,Odisha,8607,672,1792,3080,739,1428,896,8607,INR/Acre,State Agroforestry Cost Guidelines,2024-2025
kusum,Zaid,Kerala,10509,672,1792,4725,714,1710,896,10509,INR/Acre,State Agroforestry Cost Guidelines,2024-2025
kusum,Zaid,Tamil Nadu,9776,672,1792,3920,924,1572,896,9776,INR/Acre,State Agroforestry Cost Guidelines,2024-2025
kusum,Zaid,Chhattisgarh,8790,672,1792,3150,840,1440,896,8790,INR/Acre,State Agroforestry Cost Guidelines,2024-2025
kusum,Zaid,Madhya Pradesh,8872,672,1792,3220,840,1452,896,8872,INR/Acre,State Agroforestry Cost Guidelines,2024-2025
kusum,Zaid,Gujarat,9572,672,1792,3710,966,1536,896,9572,INR/Acre,State Agroforestry Cost Guidelines,2024-2025
kusum,Zaid,Maharashtra,9595,672,1792,3780,907,1548,896,9595,INR/Acre,State Agroforestry Cost Guidelines,2024-2025
sal,Kharif,Andhra Pradesh,8411,500,1500,3520,735,1456,700,8411,INR/Acre,State Forest Dept Guidelines,2024-2025
sal,Kharif,Telangana,8411,500,1500,3520,735,1456,700,8411,INR/Acre,State Forest Dept Guidelines,2024-2025
sal,Kharif,Karnataka,8411,500,1500,3520,735,1456,700,8411,INR/Acre,State Forest Dept Guidelines,2024-2025
sal,Kharif,Odisha,7465,500,1500,2816,616,1333,700,7465,INR/Acre,State Forest Dept Guidelines,2024-2025
sal,Kharif,Kerala,9211,500,1500,4320,595,1596,700,9211,INR/Acre,State Forest Dept Guidelines,2024-2025
sal,Kharif,Tamil Nadu,8521,500,1500,3584,770,1467,700,8521,INR/Acre,State Forest Dept Guidelines,2024-2025
sal,Kharif,Chhattisgarh,7624,500,1500,2880,700,1344,700,7624,INR/Acre,State Forest Dept Guidelines,2024-2025
sal,Kharif,Madhya Pradesh,7699,500,1500,2944,700,1355,700,7699,INR/Acre,State Forest Dept Guidelines,2024-2025
sal,Kharif,Gujarat,8331,500,1500,3392,805,1434,700,8331,INR/Acre,State Forest Dept Guidelines,2024-2025
sal,Kharif,Maharashtra,8357,500,1500,3456,756,1445,700,8357,INR/Acre,State Forest Dept Guidelines,2024-2025
sal,Rabi,Andhra Pradesh,8573,530,1590,3520,735,1456,742,8573,INR/Acre,State Forest Dept Guidelines,2024-2025
sal,Rabi,Telangana,8573,530,1590,3520,735,1456,742,8573,INR/Acre,State Forest Dept Guidelines,2024-2025
sal,Rabi,Karnataka,8573,530,1590,3520,735,1456,742,8573,INR/Acre,State Forest Dept Guidelines,2024-2025
sal,Rabi,Odisha,7627,530,1590,2816,616,1333,742,7627,INR/Acre,State Forest Dept Guidelines,2024-2025
sal,Rabi,Kerala,9373,530,1590,4320,595,1596,742,9373,INR/Acre,State Forest Dept Guidelines,2024-2025
sal,Rabi,Tamil Nadu,8683,530,1590,3584,770,1467,742,8683,INR/Acre,State Forest Dept Guidelines,2024-2025
sal,Rabi,Chhattisgarh,7786,530,1590,2880,700,1344,742,7786,INR/Acre,State Forest Dept Guidelines,2024-2025
sal,Rabi,Madhya Pradesh,7861,530,1590,2944,700,1355,742,7861,INR/Acre,State Forest Dept Guidelines,2024-2025
sal,Rabi,Gujarat,8493,530,1590,3392,805,1434,742,8493,INR/Acre,State Forest Dept Guidelines,2024-2025
sal,Rabi,Maharashtra,8519,530,1590,3456,756,1445,742,8519,INR/Acre,State Forest Dept Guidelines,2024-2025
sal,Zaid,Andhra Pradesh,8772,560,1680,3520,772,1456,784,8772,INR/Acre,State Forest Dept Guidelines,2024-2025
sal,Zaid,Telangana,8772,560,1680,3520,772,1456,784,8772,INR/Acre,State Forest Dept Guidelines,2024-2025
sal,Zaid,Karnataka,8772,560,1680,3520,772,1456,784,8772,INR/Acre,State Forest Dept Guidelines,2024-2025
sal,Zaid,Odisha,7820,560,1680,2816,647,1333,784,7820,INR/Acre,State Forest Dept Guidelines,2024-2025
sal,Zaid,Kerala,9565,560,1680,4320,625,1596,784,9565,INR/Acre,State Forest Dept Guidelines,2024-2025
sal,Zaid,Tamil Nadu,8884,560,1680,3584,809,1467,784,8884,INR/Acre,State Forest Dept Guidelines,2024-2025
sal,Zaid,Chhattisgarh,7983,560,1680,2880,735,1344,784,7983,INR/Acre,State Forest Dept Guidelines,2024-2025
sal,Zaid,Madhya Pradesh,8058,560,1680,2944,735,1355,784,8058,INR/Acre,State Forest Dept Guidelines,2024-2025
sal,Zaid,Gujarat,8695,560,1680,3392,845,1434,784,8695,INR/Acre,State Forest Dept Guidelines,2024-2025
sal,Zaid,Maharashtra,8719,560,1680,3456,794,1445,784,8719,INR/Acre,State Forest Dept Guidelines,2024-2025
calophyllum,Kharif,Andhra Pradesh,9769,700,1700,3960,945,1664,800,9769,INR/Acre,NOVOD Board Biofuel Cost Guidelines,2024-2025
calophyllum,Kharif,Telangana,9769,700,1700,3960,945,1664,800,9769,INR/Acre,NOVOD Board Biofuel Cost Guidelines,2024-2025
calophyllum,Kharif,Karnataka,9769,700,1700,3960,945,1664,800,9769,INR/Acre,NOVOD Board Biofuel Cost Guidelines,2024-2025
calophyllum,Kharif,Odisha,8683,700,1700,3168,792,1523,800,8683,INR/Acre,NOVOD Board Biofuel Cost Guidelines,2024-2025
calophyllum,Kharif,Kerala,10649,700,1700,4860,765,1824,800,10649,INR/Acre,NOVOD Board Biofuel Cost Guidelines,2024-2025
calophyllum,Kharif,Tamil Nadu,9899,700,1700,4032,990,1677,800,9899,INR/Acre,NOVOD Board Biofuel Cost Guidelines,2024-2025
calophyllum,Kharif,Chhattisgarh,8876,700,1700,3240,900,1536,800,8876,INR/Acre,NOVOD Board Biofuel Cost Guidelines,2024-2025
calophyllum,Kharif,Madhya Pradesh,8961,700,1700,3312,900,1549,800,8961,INR/Acre,NOVOD Board Biofuel Cost Guidelines,2024-2025
calophyllum,Kharif,Gujarat,9689,700,1700,3816,1035,1638,800,9689,INR/Acre,NOVOD Board Biofuel Cost Guidelines,2024-2025
calophyllum,Kharif,Maharashtra,9711,700,1700,3888,972,1651,800,9711,INR/Acre,NOVOD Board Biofuel Cost Guidelines,2024-2025
calophyllum,Rabi,Andhra Pradesh,9961,742,1802,3960,945,1664,848,9961,INR/Acre,NOVOD Board Biofuel Cost Guidelines,2024-2025
calophyllum,Rabi,Telangana,9961,742,1802,3960,945,1664,848,9961,INR/Acre,NOVOD Board Biofuel Cost Guidelines,2024-2025
calophyllum,Rabi,Karnataka,9961,742,1802,3960,945,1664,848,9961,INR/Acre,NOVOD Board Biofuel Cost Guidelines,2024-2025
calophyllum,Rabi,Odisha,8875,742,1802,3168,792,1523,848,8875,INR/Acre,NOVOD Board Biofuel Cost Guidelines,2024-2025
calophyllum,Rabi,Kerala,10841,742,1802,4860,765,1824,848,10841,INR/Acre,NOVOD Board Biofuel Cost Guidelines,2024-2025
calophyllum,Rabi,Tamil Nadu,10091,742,1802,4032,990,1677,848,10091,INR/Acre,NOVOD Board Biofuel Cost Guidelines,2024-2025
calophyllum,Rabi,Chhattisgarh,9068,742,1802,3240,900,1536,848,9068,INR/Acre,NOVOD Board Biofuel Cost Guidelines,2024-2025
calophyllum,Rabi,Madhya Pradesh,9153,742,1802,3312,900,1549,848,9153,INR/Acre,NOVOD Board Biofuel Cost Guidelines,2024-2025
calophyllum,Rabi,Gujarat,9881,742,1802,3816,1035,1638,848,9881,INR/Acre,NOVOD Board Biofuel Cost Guidelines,2024-2025
calophyllum,Rabi,Maharashtra,9903,742,1802,3888,972,1651,848,9903,INR/Acre,NOVOD Board Biofuel Cost Guidelines,2024-2025
calophyllum,Zaid,Andhra Pradesh,10200,784,1904,3960,992,1664,896,10200,INR/Acre,NOVOD Board Biofuel Cost Guidelines,2024-2025
calophyllum,Zaid,Telangana,10200,784,1904,3960,992,1664,896,10200,INR/Acre,NOVOD Board Biofuel Cost Guidelines,2024-2025
calophyllum,Zaid,Karnataka,10200,784,1904,3960,992,1664,896,10200,INR/Acre,NOVOD Board Biofuel Cost Guidelines,2024-2025
calophyllum,Zaid,Odisha,9107,784,1904,3168,832,1523,896,9107,INR/Acre,NOVOD Board Biofuel Cost Guidelines,2024-2025
calophyllum,Zaid,Kerala,11071,784,1904,4860,803,1824,896,11071,INR/Acre,NOVOD Board Biofuel Cost Guidelines,2024-2025
calophyllum,Zaid,Tamil Nadu,10333,784,1904,4032,1040,1677,896,10333,INR/Acre,NOVOD Board Biofuel Cost Guidelines,2024-2025
calophyllum,Zaid,Chhattisgarh,9305,784,1904,3240,945,1536,896,9305,INR/Acre,NOVOD Board Biofuel Cost Guidelines,2024-2025
calophyllum,Zaid,Madhya Pradesh,9390,784,1904,3312,945,1549,896,9390,INR/Acre,NOVOD Board Biofuel Cost Guidelines,2024-2025
calophyllum,Zaid,Gujarat,10125,784,1904,3816,1087,1638,896,10125,INR/Acre,NOVOD Board Biofuel Cost Guidelines,2024-2025
calophyllum,Zaid,Maharashtra,10144,784,1904,3888,1021,1651,896,10144,INR/Acre,NOVOD Board Biofuel Cost Guidelines,2024-2025
jatropha,Kharif,Andhra Pradesh,12568,1200,2200,4620,1260,2288,1000,12568,INR/Acre,NOVOD Board Biofuel Cost Guidelines,2024-2025
jatropha,Kharif,Telangana,12568,1200,2200,4620,1260,2288,1000,12568,INR/Acre,NOVOD Board Biofuel Cost Guidelines,2024-2025
jatropha,Kharif,Karnataka,12568,1200,2200,4620,1260,2288,1000,12568,INR/Acre,NOVOD Board Biofuel Cost Guidelines,2024-2025
jatropha,Kharif,Odisha,11246,1200,2200,3696,1056,2094,1000,11246,INR/Acre,NOVOD Board Biofuel Cost Guidelines,2024-2025
jatropha,Kharif,Kerala,13598,1200,2200,5670,1020,2508,1000,13598,INR/Acre,NOVOD Board Biofuel Cost Guidelines,2024-2025
jatropha,Kharif,Tamil Nadu,12730,1200,2200,4704,1320,2306,1000,12730,INR/Acre,NOVOD Board Biofuel Cost Guidelines,2024-2025
jatropha,Kharif,Chhattisgarh,11492,1200,2200,3780,1200,2112,1000,11492,INR/Acre,NOVOD Board Biofuel Cost Guidelines,2024-2025
jatropha,Kharif,Madhya Pradesh,11594,1200,2200,3864,1200,2130,1000,11594,INR/Acre,NOVOD Board Biofuel Cost Guidelines,2024-2025
jatropha,Kharif,Gujarat,12485,1200,2200,4452,1380,2253,1000,12485,INR/Acre,NOVOD Board Biofuel Cost Guidelines,2024-2025
jatropha,Kharif,Maharashtra,12502,1200,2200,4536,1296,2270,1000,12502,INR/Acre,NOVOD Board Biofuel Cost Guidelines,2024-2025
jatropha,Rabi,Andhra Pradesh,12832,1272,2332,4620,1260,2288,1060,12832,INR/Acre,NOVOD Board Biofuel Cost Guidelines,2024-2025
jatropha,Rabi,Telangana,12832,1272,2332,4620,1260,2288,1060,12832,INR/Acre,NOVOD Board Biofuel Cost Guidelines,2024-2025
jatropha,Rabi,Karnataka,12832,1272,2332,4620,1260,2288,1060,12832,INR/Acre,NOVOD Board Biofuel Cost Guidelines,2024-2025
jatropha,Rabi,Odisha,11510,1272,2332,3696,1056,2094,1060,11510,INR/Acre,NOVOD Board Biofuel Cost Guidelines,2024-2025
jatropha,Rabi,Kerala,13862,1272,2332,5670,1020,2508,1060,13862,INR/Acre,NOVOD Board Biofuel Cost Guidelines,2024-2025
jatropha,Rabi,Tamil Nadu,12994,1272,2332,4704,1320,2306,1060,12994,INR/Acre,NOVOD Board Biofuel Cost Guidelines,2024-2025
jatropha,Rabi,Chhattisgarh,11756,1272,2332,3780,1200,2112,1060,11756,INR/Acre,NOVOD Board Biofuel Cost Guidelines,2024-2025
jatropha,Rabi,Madhya Pradesh,11858,1272,2332,3864,1200,2130,1060,11858,INR/Acre,NOVOD Board Biofuel Cost Guidelines,2024-2025
jatropha,Rabi,Gujarat,12749,1272,2332,4452,1380,2253,1060,12749,INR/Acre,NOVOD Board Biofuel Cost Guidelines,2024-2025
jatropha,Rabi,Maharashtra,12766,1272,2332,4536,1296,2270,1060,12766,INR/Acre,NOVOD Board Biofuel Cost Guidelines,2024-2025
jatropha,Zaid,Andhra Pradesh,13159,1344,2464,4620,1323,2288,1120,13159,INR/Acre,NOVOD Board Biofuel Cost Guidelines,2024-2025
jatropha,Zaid,Telangana,13159,1344,2464,4620,1323,2288,1120,13159,INR/Acre,NOVOD Board Biofuel Cost Guidelines,2024-2025
jatropha,Zaid,Karnataka,13159,1344,2464,4620,1323,2288,1120,13159,INR/Acre,NOVOD Board Biofuel Cost Guidelines,2024-2025
jatropha,Zaid,Odisha,11827,1344,2464,3696,1109,2094,1120,11827,INR/Acre,NOVOD Board Biofuel Cost Guidelines,2024-2025
jatropha,Zaid,Kerala,14177,1344,2464,5670,1071,2508,1120,14177,INR/Acre,NOVOD Board Biofuel Cost Guidelines,2024-2025
jatropha,Zaid,Tamil Nadu,13324,1344,2464,4704,1386,2306,1120,13324,INR/Acre,NOVOD Board Biofuel Cost Guidelines,2024-2025
jatropha,Zaid,Chhattisgarh,12080,1344,2464,3780,1260,2112,1120,12080,INR/Acre,NOVOD Board Biofuel Cost Guidelines,2024-2025
jatropha,Zaid,Madhya Pradesh,12182,1344,2464,3864,1260,2130,1120,12182,INR/Acre,NOVOD Board Biofuel Cost Guidelines,2024-2025
jatropha,Zaid,Gujarat,13082,1344,2464,4452,1449,2253,1120,13082,INR/Acre,NOVOD Board Biofuel Cost Guidelines,2024-2025
jatropha,Zaid,Maharashtra,13095,1344,2464,4536,1361,2270,1120,13095,INR/Acre,NOVOD Board Biofuel Cost Guidelines,2024-2025
tung nut,Kharif,Andhra Pradesh,11430,1000,2000,4400,1050,2080,900,11430,INR/Acre,State Agroforestry Cost Guidelines,2024-2025
tung nut,Kharif,Telangana,11430,1000,2000,4400,1050,2080,900,11430,INR/Acre,State Agroforestry Cost Guidelines,2024-2025
tung nut,Kharif,Karnataka,11430,1000,2000,4400,1050,2080,900,11430,INR/Acre,State Agroforestry Cost Guidelines,2024-2025
tung nut,Kharif,Odisha,10204,1000,2000,3520,880,1904,900,10204,INR/Acre,State Agroforestry Cost Guidelines,2024-2025
tung nut,Kharif,Kerala,12430,1000,2000,5400,850,2280,900,12430,INR/Acre,State Agroforestry Cost Guidelines,2024-2025
tung nut,Kharif,Tamil Nadu,11576,1000,2000,4480,1100,2096,900,11576,INR/Acre,State Agroforestry Cost Guidelines,2024-2025
tung nut,Kharif,Chhattisgarh,10420,1000,2000,3600,1000,1920,900,10420,INR/Acre,State Agroforestry Cost Guidelines,2024-2025
tung nut,Kharif,Madhya Pradesh,10516,1000,2000,3680,1000,1936,900,10516,INR/Acre,State Agroforestry Cost Guidelines,2024-2025
tung nut,Kharif,Gujarat,11338,1000,2000,4240,1150,2048,900,11338,INR/Acre,State Agroforestry Cost Guidelines,2024-2025
tung nut,Kharif,Maharashtra,11364,1000,2000,4320,1080,2064,900,11364,INR/Acre,State Agroforestry Cost Guidelines,2024-2025
tung nut,Rabi,Andhra Pradesh,11664,1060,2120,4400,1050,2080,954,11664,INR/Acre,State Agroforestry Cost Guidelines,2024-2025
tung nut,Rabi,Telangana,11664,1060,2120,4400,1050,2080,954,11664,INR/Acre,State Agroforestry Cost Guidelines,2024-2025
tung nut,Rabi,Karnataka,11664,1060,2120,4400,1050,2080,954,11664,INR/Acre,State Agroforestry Cost Guidelines,2024-2025
tung nut,Rabi,Odisha,10438,1060,2120,3520,880,1904,954,10438,INR/Acre,State Agroforestry Cost Guidelines,2024-2025
tung nut,Rabi,Kerala,12664,1060,2120,5400,850,2280,954,12664,INR/Acre,State Agroforestry Cost Guidelines,2024-2025
tung nut,Rabi,Tamil Nadu,11810,1060,2120,4480,1100,2096,954,11810,INR/Acre,State Agroforestry Cost Guidelines,2024-2025
tung nut,Rabi,Chhattisgarh,10654,1060,2120,3600,1000,1920,954,10654,INR/Acre,State Agroforestry Cost Guidelines,2024-2025
tung nut,Rabi,Madhya Pradesh,10750,1060,2120,3680,1000,1936,954,10750,INR/Acre,State Agroforestry Cost Guidelines,2024-2025
tung nut,Rabi,Gujarat,11572,1060,2120,4240,1150,2048,954,11572,INR/Acre,State Agroforestry Cost Guidelines,2024-2025
tung nut,Rabi,Maharashtra,11598,1060,2120,4320,1080,2064,954,11598,INR/Acre,State Agroforestry Cost Guidelines,2024-2025
tung nut,Zaid,Andhra Pradesh,11950,1120,2240,4400,1102,2080,1008,11950,INR/Acre,State Agroforestry Cost Guidelines,2024-2025
tung nut,Zaid,Telangana,11950,1120,2240,4400,1102,2080,1008,11950,INR/Acre,State Agroforestry Cost Guidelines,2024-2025
tung nut,Zaid,Karnataka,11950,1120,2240,4400,1102,2080,1008,11950,INR/Acre,State Agroforestry Cost Guidelines,2024-2025
tung nut,Zaid,Odisha,10716,1120,2240,3520,924,1904,1008,10716,INR/Acre,State Agroforestry Cost Guidelines,2024-2025
tung nut,Zaid,Kerala,12940,1120,2240,5400,892,2280,1008,12940,INR/Acre,State Agroforestry Cost Guidelines,2024-2025
tung nut,Zaid,Tamil Nadu,12099,1120,2240,4480,1155,2096,1008,12099,INR/Acre,State Agroforestry Cost Guidelines,2024-2025
tung nut,Zaid,Chhattisgarh,10938,1120,2240,3600,1050,1920,1008,10938,INR/Acre,State Agroforestry Cost Guidelines,2024-2025
tung nut,Zaid,Madhya Pradesh,11034,1120,2240,3680,1050,1936,1008,11034,INR/Acre,State Agroforestry Cost Guidelines,2024-2025
tung nut,Zaid,Gujarat,11864,1120,2240,4240,1208,2048,1008,11864,INR/Acre,State Agroforestry Cost Guidelines,2024-2025
tung nut,Zaid,Maharashtra,11886,1120,2240,4320,1134,2064,1008,11886,INR/Acre,State Agroforestry Cost Guidelines,2024-2025
sugarcane,Kharif,Uttar Pradesh,52224,7500,11500,18400,6500,5324,3000,52224,INR/Acre,"CACP Cost of Cultivation Scheme (DES, MoA&FW)",2024-2025
sugarcane,Kharif,Maharashtra,56296,7500,11500,21600,7020,5676,3000,56296,INR/Acre,"CACP Cost of Cultivation Scheme (DES, MoA&FW)",2024-2025
sugarcane,Kharif,Karnataka,56545,7500,11500,22000,6825,5720,3000,56545,INR/Acre,"CACP Cost of Cultivation Scheme (DES, MoA&FW)",2024-2025
sugarcane,Kharif,Tamil Nadu,57314,7500,11500,22400,7150,5764,3000,57314,INR/Acre,"CACP Cost of Cultivation Scheme (DES, MoA&FW)",2024-2025
sugarcane,Kharif,Gujarat,56307,7500,11500,21200,7475,5632,3000,56307,INR/Acre,"CACP Cost of Cultivation Scheme (DES, MoA&FW)",2024-2025
sugarcane,Kharif,Bihar,50686,7500,11500,17600,5850,5236,3000,50686,INR/Acre,"CACP Cost of Cultivation Scheme (DES, MoA&FW)",2024-2025
sugarcane,Kharif,Haryana,59664,7500,11500,24400,7280,5984,3000,59664,INR/Acre,"CACP Cost of Cultivation Scheme (DES, MoA&FW)",2024-2025
sugarcane,Kharif,Punjab,60330,7500,11500,25000,7280,6050,3000,60330,INR/Acre,"CACP Cost of Cultivation Scheme (DES, MoA&FW)",2024-2025
sugarcane,Kharif,Andhra Pradesh,56545,7500,11500,22000,6825,5720,3000,56545,INR/Acre,"CACP Cost of Cultivation Scheme (DES, MoA&FW)",2024-2025
sugarcane,Kharif,Telangana,56545,7500,11500,22000,6825,5720,3000,56545,INR/Acre,"CACP Cost of Cultivation Scheme (DES, MoA&FW)",2024-2025
sugarcane,Kharif,Uttarakhand,55110,7500,11500,21000,6500,5610,3000,55110,INR/Acre,"CACP Cost of Cultivation Scheme (DES, MoA&FW)",2024-2025
sugarcane,Rabi,Uttar Pradesh,53544,7950,12190,18400,6500,5324,3180,53544,INR/Acre,"CACP Cost of Cultivation Scheme (DES, MoA&FW)",2024-2025
sugarcane,Rabi,Maharashtra,57616,7950,12190,21600,7020,5676,3180,57616,INR/Acre,"CACP Cost of Cultivation Scheme (DES, MoA&FW)",2024-2025
sugarcane,Rabi,Karnataka,57865,7950,12190,22000,6825,5720,3180,57865,INR/Acre,"CACP Cost of Cultivation Scheme (DES, MoA&FW)",2024-2025
sugarcane,Rabi,Tamil Nadu,58634,7950,12190,22400,7150,5764,3180,58634,INR/Acre,"CACP Cost of Cultivation Scheme (DES, MoA&FW)",2024-2025
sugarcane,Rabi,Gujarat,57627,7950,12190,21200,7475,5632,3180,57627,INR/Acre,"CACP Cost of Cultivation Scheme (DES, MoA&FW)",2024-2025
sugarcane,Rabi,Bihar,52006,7950,12190,17600,5850,5236,3180,52006,INR/Acre,"CACP Cost of Cultivation Scheme (DES, MoA&FW)",2024-2025
sugarcane,Rabi,Haryana,60984,7950,12190,24400,7280,5984,3180,60984,INR/Acre,"CACP Cost of Cultivation Scheme (DES, MoA&FW)",2024-2025
sugarcane,Rabi,Punjab,61650,7950,12190,25000,7280,6050,3180,61650,INR/Acre,"CACP Cost of Cultivation Scheme (DES, MoA&FW)",2024-2025
sugarcane,Rabi,Andhra Pradesh,57865,7950,12190,22000,6825,5720,3180,57865,INR/Acre,"CACP Cost of Cultivation Scheme (DES, MoA&FW)",2024-2025
sugarcane,Rabi,Telangana,57865,7950,12190,22000,6825,5720,3180,57865,INR/Acre,"CACP Cost of Cultivation Scheme (DES, MoA&FW)",2024-2025
sugarcane,Rabi,Uttarakhand,56430,7950,12190,21000,6500,5610,3180,56430,INR/Acre,"CACP Cost of Cultivation Scheme (DES, MoA&FW)",2024-2025
sugarcane,Zaid,Uttar Pradesh,55189,8400,12880,18400,6825,5324,3360,55189,INR/Acre,"CACP Cost of Cultivation Scheme (DES, MoA&FW)",2024-2025
sugarcane,Zaid,Maharashtra,59287,8400,12880,21600,7371,5676,3360,59287,INR/Acre,"CACP Cost of Cultivation Scheme (DES, MoA&FW)",2024-2025
sugarcane,Zaid,Karnataka,59526,8400,12880,22000,7166,5720,3360,59526,INR/Acre,"CACP Cost of Cultivation Scheme (DES, MoA&FW)",2024-2025
sugarcane,Zaid,Tamil Nadu,60312,8400,12880,22400,7508,5764,3360,60312,INR/Acre,"CACP Cost of Cultivation Scheme (DES, MoA&FW)",2024-2025
sugarcane,Zaid,Gujarat,59321,8400,12880,21200,7849,5632,3360,59321,INR/Acre,"CACP Cost of Cultivation Scheme (DES, MoA&FW)",2024-2025
sugarcane,Zaid,Bihar,53618,8400,12880,17600,6142,5236,3360,53618,INR/Acre,"CACP Cost of Cultivation Scheme (DES, MoA&FW)",2024-2025
sugarcane,Zaid,Haryana,62668,8400,12880,24400,7644,5984,3360,62668,INR/Acre,"CACP Cost of Cultivation Scheme (DES, MoA&FW)",2024-2025
sugarcane,Zaid,Punjab,63334,8400,12880,25000,7644,6050,3360,63334,INR/Acre,"CACP Cost of Cultivation Scheme (DES, MoA&FW)",2024-2025
sugarcane,Zaid,Andhra Pradesh,59526,8400,12880,22000,7166,5720,3360,59526,INR/Acre,"CACP Cost of Cultivation Scheme (DES, MoA&FW)",2024-2025
sugarcane,Zaid,Telangana,59526,8400,12880,22000,7166,5720,3360,59526,INR/Acre,"CACP Cost of Cultivation Scheme (DES, MoA&FW)",2024-2025
sugarcane,Zaid,Uttarakhand,58075,8400,12880,21000,6825,5610,3360,58075,INR/Acre,"CACP Cost of Cultivation Scheme (DES, MoA&FW)",2024-2025
sugarbeet,Rabi,Punjab,39800,4770,7950,15000,4480,4950,2650,39800,INR/Acre,ICAR-IISR Sugarcane/Sugarbeet Guidelines,2024-2025
sugarbeet,Rabi,Haryana,39386,4770,7950,14640,4480,4896,2650,39386,INR/Acre,ICAR-IISR Sugarcane/Sugarbeet Guidelines,2024-2025
sugarbeet,Rabi,Rajasthan,36590,4770,7950,12000,4720,4500,2650,36590,INR/Acre,ICAR-IISR Sugarcane/Sugarbeet Guidelines,2024-2025
cotton,Kharif,Gujarat,33316,3800,5800,14310,3220,3686,2500,33316,INR/Acre,"CACP Cost of Cultivation Scheme (DES, MoA&FW)",2024-2025
cotton,Kharif,Maharashtra,33419,3800,5800,14580,3024,3715,2500,33419,INR/Acre,"CACP Cost of Cultivation Scheme (DES, MoA&FW)",2024-2025
cotton,Kharif,Telangana,33634,3800,5800,14850,2940,3744,2500,33634,INR/Acre,"CACP Cost of Cultivation Scheme (DES, MoA&FW)",2024-2025
cotton,Kharif,Andhra Pradesh,33634,3800,5800,14850,2940,3744,2500,33634,INR/Acre,"CACP Cost of Cultivation Scheme (DES, MoA&FW)",2024-2025
cotton,Kharif,Rajasthan,32504,3800,5800,13500,3304,3600,2500,32504,INR/Acre,"CACP Cost of Cultivation Scheme (DES, MoA&FW)",2024-2025
cotton,Kharif,Haryana,35623,3800,5800,16470,3136,3917,2500,35623,INR/Acre,"CACP Cost of Cultivation Scheme (DES, MoA&FW)",2024-2025
cotton,Kharif,Punjab,36071,3800,5800,16875,3136,3960,2500,36071,INR/Acre,"CACP Cost of Cultivation Scheme (DES, MoA&FW)",2024-2025
cotton,Kharif,Karnataka,33634,3800,5800,14850,2940,3744,2500,33634,INR/Acre,"CACP Cost of Cultivation Scheme (DES, MoA&FW)",2024-2025
cotton,Kharif,Madhya Pradesh,30805,3800,5800,12420,2800,3485,2500,30805,INR/Acre,"CACP Cost of Cultivation Scheme (DES, MoA&FW)",2024-2025
cotton,Kharif,Tamil Nadu,34073,3800,5800,15120,3080,3773,2500,34073,INR/Acre,"CACP Cost of Cultivation Scheme (DES, MoA&FW)",2024-2025
jute,Kharif,West Bengal,22230,1800,3200,11500,1530,2600,1600,22230,INR/Acre,"CACP Cost of Cultivation Scheme (DES, MoA&FW)",2024-2025
jute,Kharif,Bihar,20815,1800,3200,10120,1620,2475,1600,20815,INR/Acre,"CACP Cost of Cultivation Scheme (DES, MoA&FW)",2024-2025
jute,Kharif,Assam,21925,1800,3200,11270,1476,2579,1600,21925,INR/Acre,"CACP Cost of Cultivation Scheme (DES, MoA&FW)",2024-2025
jute,Kharif,Odisha,20779,1800,3200,10120,1584,2475,1600,20779,INR/Acre,"CACP Cost of Cultivation Scheme (DES, MoA&FW)",2024-2025
jute,Kharif,Andhra Pradesh,23844,1800,3200,12650,1890,2704,1600,23844,INR/Acre,"CACP Cost of Cultivation Scheme (DES, MoA&FW)",2024-2025
jute,Kharif,Meghalaya,21246,1800,3200,10350,1800,2496,1600,21246,INR/Acre,"CACP Cost of Cultivation Scheme (DES, MoA&FW)",2024-2025
jute,Kharif,Tripura,21497,1800,3200,10580,1800,2517,1600,21497,INR/Acre,"CACP Cost of Cultivation Scheme (DES, MoA&FW)",2024-2025
mesta,Kharif,West Bengal,17775,1400,2600,9000,1275,2200,1300,17775,INR/Acre,ICAR-CRIJAF Jute & Allied Fibres Norms,2024-2025
mesta,Kharif,Bihar,16664,1400,2600,7920,1350,2094,1300,16664,INR/Acre,ICAR-CRIJAF Jute & Allied Fibres Norms,2024-2025
mesta,Kharif,Assam,17532,1400,2600,8820,1230,2182,1300,17532,INR/Acre,ICAR-CRIJAF Jute & Allied Fibres Norms,2024-2025
mesta,Kharif,Odisha,16634,1400,2600,7920,1320,2094,1300,16634,INR/Acre,ICAR-CRIJAF Jute & Allied Fibres Norms,2024-2025
mesta,Kharif,Andhra Pradesh,19063,1400,2600,9900,1575,2288,1300,19063,INR/Acre,ICAR-CRIJAF Jute & Allied Fibres Norms,2024-2025
mesta,Kharif,Meghalaya,17012,1400,2600,8100,1500,2112,1300,17012,INR/Acre,ICAR-CRIJAF Jute & Allied Fibres Norms,2024-2025
mesta,Kharif,Tripura,17210,1400,2600,8280,1500,2130,1300,17210,INR/Acre,ICAR-CRIJAF Jute & Allied Fibres Norms,2024-2025
sunn hemp,Kharif,West Bengal,15190,1200,2200,7500,1190,2000,1100,15190,INR/Acre,ICAR-CRIJAF Jute & Allied Fibres Norms,2024-2025
sunn hemp,Kharif,Bihar,14264,1200,2200,6600,1260,1904,1100,14264,INR/Acre,ICAR-CRIJAF Jute & Allied Fibres Norms,2024-2025
sunn hemp,Kharif,Assam,14982,1200,2200,7350,1148,1984,1100,14982,INR/Acre,ICAR-CRIJAF Jute & Allied Fibres Norms,2024-2025
sunn hemp,Kharif,Odisha,14236,1200,2200,6600,1232,1904,1100,14236,INR/Acre,ICAR-CRIJAF Jute & Allied Fibres Norms,2024-2025
sunn hemp,Kharif,Andhra Pradesh,16300,1200,2200,8250,1470,2080,1100,16300,INR/Acre,ICAR-CRIJAF Jute & Allied Fibres Norms,2024-2025
sunn hemp,Kharif,Meghalaya,14570,1200,2200,6750,1400,1920,1100,14570,INR/Acre,ICAR-CRIJAF Jute & Allied Fibres Norms,2024-2025
sunn hemp,Kharif,Tripura,14736,1200,2200,6900,1400,1936,1100,14736,INR/Acre,ICAR-CRIJAF Jute & Allied Fibres Norms,2024-2025
tobacco,Kharif,Andhra Pradesh,36215,4000,6500,15400,3675,3640,3000,36215,INR/Acre,CTRI Rajahmundry Cost Guidelines,2024-2025
tobacco,Kharif,Gujarat,35949,4000,6500,14840,4025,3584,3000,35949,INR/Acre,CTRI Rajahmundry Cost Guidelines,2024-2025
tobacco,Kharif,Karnataka,36215,4000,6500,15400,3675,3640,3000,36215,INR/Acre,CTRI Rajahmundry Cost Guidelines,2024-2025
tobacco,Rabi,Andhra Pradesh,37025,4240,6890,15400,3675,3640,3180,37025,INR/Acre,CTRI Rajahmundry Cost Guidelines,2024-2025
tobacco,Rabi,Gujarat,36759,4240,6890,14840,4025,3584,3180,36759,INR/Acre,CTRI Rajahmundry Cost Guidelines,2024-2025
tobacco,Rabi,Uttar Pradesh,34078,4240,6890,12880,3500,3388,3180,34078,INR/Acre,CTRI Rajahmundry Cost Guidelines,2024-2025
tobacco,Rabi,Bihar,33112,4240,6890,12320,3150,3332,3180,33112,INR/Acre,CTRI Rajahmundry Cost Guidelines,2024-2025
tobacco,Rabi,Tamil Nadu,37508,4240,6890,15680,3850,3668,3180,37508,INR/Acre,CTRI Rajahmundry Cost Guidelines,2024-2025
tobacco,Rabi,West Bengal,34785,4240,6890,14000,2975,3500,3180,34785,INR/Acre,CTRI Rajahmundry Cost Guidelines,2024-2025
arecanut,Kharif,Karnataka,36240,2500,7500,15400,4200,3640,3000,36240,INR/Acre,ICAR-CPCRI Kasaragod Guidelines,2024-2025
arecanut,Kharif,Kerala,39290,2500,7500,18900,3400,3990,3000,39290,INR/Acre,ICAR-CPCRI Kasaragod Guidelines,2024-2025
arecanut,Kharif,Tamil Nadu,36748,2500,7500,15680,4400,3668,3000,36748,INR/Acre,ICAR-CPCRI Kasaragod Guidelines,2024-2025
arecanut,Kharif,Assam,33472,2500,7500,13720,3280,3472,3000,33472,INR/Acre,ICAR-CPCRI Kasaragod Guidelines,2024-2025
arecanut,Kharif,West Bengal,33900,2500,7500,14000,3400,3500,3000,33900,INR/Acre,ICAR-CPCRI Kasaragod Guidelines,2024-2025
arecanut,Kharif,Andhra Pradesh,36240,2500,7500,15400,4200,3640,3000,36240,INR/Acre,ICAR-CPCRI Kasaragod Guidelines,2024-2025
arecanut,Kharif,Tripura,33268,2500,7500,12880,4000,3388,3000,33268,INR/Acre,ICAR-CPCRI Kasaragod Guidelines,2024-2025
arecanut,Kharif,Meghalaya,32960,2500,7500,12600,4000,3360,3000,32960,INR/Acre,ICAR-CPCRI Kasaragod Guidelines,2024-2025
arecanut,Rabi,Karnataka,37020,2650,7950,15400,4200,3640,3180,37020,INR/Acre,ICAR-CPCRI Kasaragod Guidelines,2024-2025
arecanut,Rabi,Kerala,40070,2650,7950,18900,3400,3990,3180,40070,INR/Acre,ICAR-CPCRI Kasaragod Guidelines,2024-2025
arecanut,Rabi,Tamil Nadu,37528,2650,7950,15680,4400,3668,3180,37528,INR/Acre,ICAR-CPCRI Kasaragod Guidelines,2024-2025
arecanut,Rabi,Assam,34252,2650,7950,13720,3280,3472,3180,34252,INR/Acre,ICAR-CPCRI Kasaragod Guidelines,2024-2025
arecanut,Rabi,West Bengal,34680,2650,7950,14000,3400,3500,3180,34680,INR/Acre,ICAR-CPCRI Kasaragod Guidelines,2024-2025
arecanut,Rabi,Andhra Pradesh,37020,2650,7950,15400,4200,3640,3180,37020,INR/Acre,ICAR-CPCRI Kasaragod Guidelines,2024-2025
arecanut,Rabi,Tripura,34048,2650,7950,12880,4000,3388,3180,34048,INR/Acre,ICAR-CPCRI Kasaragod Guidelines,2024-2025
arecanut,Rabi,Meghalaya,33740,2650,7950,12600,4000,3360,3180,33740,INR/Acre,ICAR-CPCRI Kasaragod Guidelines,2024-2025
arecanut,Zaid,Karnataka,38010,2800,8400,15400,4410,3640,3360,38010,INR/Acre,ICAR-CPCRI Kasaragod Guidelines,2024-2025
arecanut,Zaid,Kerala,41020,2800,8400,18900,3570,3990,3360,41020,INR/Acre,ICAR-CPCRI Kasaragod Guidelines,2024-2025
arecanut,Zaid,Tamil Nadu,38528,2800,8400,15680,4620,3668,3360,38528,INR/Acre,ICAR-CPCRI Kasaragod Guidelines,2024-2025
arecanut,Zaid,Assam,35196,2800,8400,13720,3444,3472,3360,35196,INR/Acre,ICAR-CPCRI Kasaragod Guidelines,2024-2025
arecanut,Zaid,West Bengal,35630,2800,8400,14000,3570,3500,3360,35630,INR/Acre,ICAR-CPCRI Kasaragod Guidelines,2024-2025
arecanut,Zaid,Andhra Pradesh,38010,2800,8400,15400,4410,3640,3360,38010,INR/Acre,ICAR-CPCRI Kasaragod Guidelines,2024-2025
arecanut,Zaid,Tripura,35028,2800,8400,12880,4200,3388,3360,35028,INR/Acre,ICAR-CPCRI Kasaragod Guidelines,2024-2025
arecanut,Zaid,Meghalaya,34720,2800,8400,12600,4200,3360,3360,34720,INR/Acre,ICAR-CPCRI Kasaragod Guidelines,2024-2025
betel leaf,Kharif,Karnataka,50570,6000,8000,24200,5250,3120,4000,50570,INR/Acre,State Spices & Horticulture Norms,2024-2025
betel leaf,Kharif,Kerala,55370,6000,8000,29700,4250,3420,4000,55370,INR/Acre,State Spices & Horticulture Norms,2024-2025
betel leaf,Kharif,Tamil Nadu,51284,6000,8000,24640,5500,3144,4000,51284,INR/Acre,State Spices & Horticulture Norms,2024-2025
betel leaf,Kharif,Assam,46636,6000,8000,21560,4100,2976,4000,46636,INR/Acre,State Spices & Horticulture Norms,2024-2025
betel leaf,Kharif,West Bengal,47250,6000,8000,22000,4250,3000,4000,47250,INR/Acre,State Spices & Horticulture Norms,2024-2025
betel leaf,Kharif,Andhra Pradesh,50570,6000,8000,24200,5250,3120,4000,50570,INR/Acre,State Spices & Horticulture Norms,2024-2025
betel leaf,Kharif,Tripura,46144,6000,8000,20240,5000,2904,4000,46144,INR/Acre,State Spices & Horticulture Norms,2024-2025
betel leaf,Kharif,Meghalaya,45680,6000,8000,19800,5000,2880,4000,45680,INR/Acre,State Spices & Horticulture Norms,2024-2025
betel leaf,Rabi,Karnataka,51650,6360,8480,24200,5250,3120,4240,51650,INR/Acre,State Spices & Horticulture Norms,2024-2025
betel leaf,Rabi,Kerala,56450,6360,8480,29700,4250,3420,4240,56450,INR/Acre,State Spices & Horticulture Norms,2024-2025
betel leaf,Rabi,Tamil Nadu,52364,6360,8480,24640,5500,3144,4240,52364,INR/Acre,State Spices & Horticulture Norms,2024-2025
betel leaf,Rabi,Assam,47716,6360,8480,21560,4100,2976,4240,47716,INR/Acre,State Spices & Horticulture Norms,2024-2025
betel leaf,Rabi,West Bengal,48330,6360,8480,22000,4250,3000,4240,48330,INR/Acre,State Spices & Horticulture Norms,2024-2025
betel leaf,Rabi,Andhra Pradesh,51650,6360,8480,24200,5250,3120,4240,51650,INR/Acre,State Spices & Horticulture Norms,2024-2025
betel leaf,Rabi,Tripura,47224,6360,8480,20240,5000,2904,4240,47224,INR/Acre,State Spices & Horticulture Norms,2024-2025
betel leaf,Rabi,Meghalaya,46760,6360,8480,19800,5000,2880,4240,46760,INR/Acre,State Spices & Horticulture Norms,2024-2025
betel leaf,Zaid,Karnataka,52992,6720,8960,24200,5512,3120,4480,52992,INR/Acre,State Spices & Horticulture Norms,2024-2025
betel leaf,Zaid,Kerala,57742,6720,8960,29700,4462,3420,4480,57742,INR/Acre,State Spices & Horticulture Norms,2024-2025
betel leaf,Zaid,Tamil Nadu,53719,6720,8960,24640,5775,3144,4480,53719,INR/Acre,State Spices & Horticulture Norms,2024-2025
betel leaf,Zaid,Assam,49001,6720,8960,21560,4305,2976,4480,49001,INR/Acre,State Spices & Horticulture Norms,2024-2025
betel leaf,Zaid,West Bengal,49622,6720,8960,22000,4462,3000,4480,49622,INR/Acre,State Spices & Horticulture Norms,2024-2025
betel leaf,Zaid,Andhra Pradesh,52992,6720,8960,24200,5512,3120,4480,52992,INR/Acre,State Spices & Horticulture Norms,2024-2025
betel leaf,Zaid,Tripura,48554,6720,8960,20240,5250,2904,4480,48554,INR/Acre,State Spices & Horticulture Norms,2024-2025
betel leaf,Zaid,Meghalaya,48090,6720,8960,19800,5250,2880,4480,48090,INR/Acre,State Spices & Horticulture Norms,2024-2025
tea,Kharif,Karnataka,47910,1000,7000,28600,3150,4160,4000,47910,INR/Acre,Tea Board of India Cost Guidelines,2024-2025
tea,Kharif,Kerala,54210,1000,7000,35100,2550,4560,4000,54210,INR/Acre,Tea Board of India Cost Guidelines,2024-2025
tea,Kharif,Tamil Nadu,48612,1000,7000,29120,3300,4192,4000,48612,INR/Acre,Tea Board of India Cost Guidelines,2024-2025
tea,Kharif,Assam,43908,1000,7000,25480,2460,3968,4000,43908,INR/Acre,Tea Board of India Cost Guidelines,2024-2025
tea,Kharif,West Bengal,44550,1000,7000,26000,2550,4000,4000,44550,INR/Acre,Tea Board of India Cost Guidelines,2024-2025
tea,Kharif,Andhra Pradesh,47910,1000,7000,28600,3150,4160,4000,47910,INR/Acre,Tea Board of India Cost Guidelines,2024-2025
tea,Kharif,Tripura,42792,1000,7000,23920,3000,3872,4000,42792,INR/Acre,Tea Board of India Cost Guidelines,2024-2025
tea,Kharif,Meghalaya,42240,1000,7000,23400,3000,3840,4000,42240,INR/Acre,Tea Board of India Cost Guidelines,2024-2025
tea,Rabi,Karnataka,48630,1060,7420,28600,3150,4160,4240,48630,INR/Acre,Tea Board of India Cost Guidelines,2024-2025
tea,Rabi,Kerala,54930,1060,7420,35100,2550,4560,4240,54930,INR/Acre,Tea Board of India Cost Guidelines,2024-2025
tea,Rabi,Tamil Nadu,49332,1060,7420,29120,3300,4192,4240,49332,INR/Acre,Tea Board of India Cost Guidelines,2024-2025
tea,Rabi,Assam,44628,1060,7420,25480,2460,3968,4240,44628,INR/Acre,Tea Board of India Cost Guidelines,2024-2025
tea,Rabi,West Bengal,45270,1060,7420,26000,2550,4000,4240,45270,INR/Acre,Tea Board of India Cost Guidelines,2024-2025
tea,Rabi,Andhra Pradesh,48630,1060,7420,28600,3150,4160,4240,48630,INR/Acre,Tea Board of India Cost Guidelines,2024-2025
tea,Rabi,Tripura,43512,1060,7420,23920,3000,3872,4240,43512,INR/Acre,Tea Board of India Cost Guidelines,2024-2025
tea,Rabi,Meghalaya,42960,1060,7420,23400,3000,3840,4240,42960,INR/Acre,Tea Board of India Cost Guidelines,2024-2025
tea,Zaid,Karnataka,49508,1120,7840,28600,3308,4160,4480,49508,INR/Acre,Tea Board of India Cost Guidelines,2024-2025
tea,Zaid,Kerala,55778,1120,7840,35100,2678,4560,4480,55778,INR/Acre,Tea Board of India Cost Guidelines,2024-2025
tea,Zaid,Tamil Nadu,50217,1120,7840,29120,3465,4192,4480,50217,INR/Acre,Tea Board of India Cost Guidelines,2024-2025
tea,Zaid,Assam,45471,1120,7840,25480,2583,3968,4480,45471,INR/Acre,Tea Board of India Cost Guidelines,2024-2025
tea,Zaid,West Bengal,46118,1120,7840,26000,2678,4000,4480,46118,INR/Acre,Tea Board of India Cost Guidelines,2024-2025
tea,Zaid,Andhra Pradesh,49508,1120,7840,28600,3308,4160,4480,49508,INR/Acre,Tea Board of India Cost Guidelines,2024-2025
tea,Zaid,Tripura,44382,1120,7840,23920,3150,3872,4480,44382,INR/Acre,Tea Board of India Cost Guidelines,2024-2025
tea,Zaid,Meghalaya,43830,1120,7840,23400,3150,3840,4480,43830,INR/Acre,Tea Board of India Cost Guidelines,2024-2025
rubber,Kharif,Karnataka,42965,2500,6500,24200,2625,3640,3500,42965,INR/Acre,Rubber Board of India Cost Norms,2024-2025
rubber,Kharif,Kerala,48315,2500,6500,29700,2125,3990,3500,48315,INR/Acre,Rubber Board of India Cost Norms,2024-2025
rubber,Kharif,Tamil Nadu,43558,2500,6500,24640,2750,3668,3500,43558,INR/Acre,Rubber Board of India Cost Norms,2024-2025
rubber,Kharif,Assam,39582,2500,6500,21560,2050,3472,3500,39582,INR/Acre,Rubber Board of India Cost Norms,2024-2025
rubber,Kharif,West Bengal,40125,2500,6500,22000,2125,3500,3500,40125,INR/Acre,Rubber Board of India Cost Norms,2024-2025
rubber,Kharif,Andhra Pradesh,42965,2500,6500,24200,2625,3640,3500,42965,INR/Acre,Rubber Board of India Cost Norms,2024-2025
rubber,Kharif,Tripura,38628,2500,6500,20240,2500,3388,3500,38628,INR/Acre,Rubber Board of India Cost Norms,2024-2025
rubber,Kharif,Meghalaya,38160,2500,6500,19800,2500,3360,3500,38160,INR/Acre,Rubber Board of India Cost Norms,2024-2025
rubber,Rabi,Karnataka,43715,2650,6890,24200,2625,3640,3710,43715,INR/Acre,Rubber Board of India Cost Norms,2024-2025
rubber,Rabi,Kerala,49065,2650,6890,29700,2125,3990,3710,49065,INR/Acre,Rubber Board of India Cost Norms,2024-2025
rubber,Rabi,Tamil Nadu,44308,2650,6890,24640,2750,3668,3710,44308,INR/Acre,Rubber Board of India Cost Norms,2024-2025
rubber,Rabi,Assam,40332,2650,6890,21560,2050,3472,3710,40332,INR/Acre,Rubber Board of India Cost Norms,2024-2025
rubber,Rabi,West Bengal,40875,2650,6890,22000,2125,3500,3710,40875,INR/Acre,Rubber Board of India Cost Norms,2024-2025
rubber,Rabi,Andhra Pradesh,43715,2650,6890,24200,2625,3640,3710,43715,INR/Acre,Rubber Board of India Cost Norms,2024-2025
rubber,Rabi,Tripura,39378,2650,6890,20240,2500,3388,3710,39378,INR/Acre,Rubber Board of India Cost Norms,2024-2025
rubber,Rabi,Meghalaya,38910,2650,6890,19800,2500,3360,3710,38910,INR/Acre,Rubber Board of India Cost Norms,2024-2025
rubber,Zaid,Karnataka,44596,2800,7280,24200,2756,3640,3920,44596,INR/Acre,Rubber Board of India Cost Norms,2024-2025
rubber,Zaid,Kerala,49921,2800,7280,29700,2231,3990,3920,49921,INR/Acre,Rubber Board of India Cost Norms,2024-2025
rubber,Zaid,Tamil Nadu,45196,2800,7280,24640,2888,3668,3920,45196,INR/Acre,Rubber Board of India Cost Norms,2024-2025
rubber,Zaid,Assam,41184,2800,7280,21560,2152,3472,3920,41184,INR/Acre,Rubber Board of India Cost Norms,2024-2025
rubber,Zaid,West Bengal,41731,2800,7280,22000,2231,3500,3920,41731,INR/Acre,Rubber Board of India Cost Norms,2024-2025
rubber,Zaid,Andhra Pradesh,44596,2800,7280,24200,2756,3640,3920,44596,INR/Acre,Rubber Board of India Cost Norms,2024-2025
rubber,Zaid,Tripura,40253,2800,7280,20240,2625,3388,3920,40253,INR/Acre,Rubber Board of India Cost Norms,2024-2025
rubber,Zaid,Meghalaya,39785,2800,7280,19800,2625,3360,3920,39785,INR/Acre,Rubber Board of India Cost Norms,2024-2025
cocoa,Kharif,Karnataka,32195,2000,5500,15400,3675,3120,2500,32195,INR/Acre,DCCD Directorate of Cashew & Cocoa,2024-2025
cocoa,Kharif,Kerala,35295,2000,5500,18900,2975,3420,2500,35295,INR/Acre,DCCD Directorate of Cashew & Cocoa,2024-2025
cocoa,Kharif,Tamil Nadu,32674,2000,5500,15680,3850,3144,2500,32674,INR/Acre,DCCD Directorate of Cashew & Cocoa,2024-2025
cocoa,Kharif,Assam,29566,2000,5500,13720,2870,2976,2500,29566,INR/Acre,DCCD Directorate of Cashew & Cocoa,2024-2025
cocoa,Kharif,West Bengal,29975,2000,5500,14000,2975,3000,2500,29975,INR/Acre,DCCD Directorate of Cashew & Cocoa,2024-2025
cocoa,Kharif,Andhra Pradesh,32195,2000,5500,15400,3675,3120,2500,32195,INR/Acre,DCCD Directorate of Cashew & Cocoa,2024-2025
cocoa,Kharif,Tripura,29284,2000,5500,12880,3500,2904,2500,29284,INR/Acre,DCCD Directorate of Cashew & Cocoa,2024-2025
cocoa,Kharif,Meghalaya,28980,2000,5500,12600,3500,2880,2500,28980,INR/Acre,DCCD Directorate of Cashew & Cocoa,2024-2025
cocoa,Rabi,Karnataka,32795,2120,5830,15400,3675,3120,2650,32795,INR/Acre,DCCD Directorate of Cashew & Cocoa,2024-2025
cocoa,Rabi,Kerala,35895,2120,5830,18900,2975,3420,2650,35895,INR/Acre,DCCD Directorate of Cashew & Cocoa,2024-2025
cocoa,Rabi,Tamil Nadu,33274,2120,5830,15680,3850,3144,2650,33274,INR/Acre,DCCD Directorate of Cashew & Cocoa,2024-2025
cocoa,Rabi,Assam,30166,2120,5830,13720,2870,2976,2650,30166,INR/Acre,DCCD Directorate of Cashew & Cocoa,2024-2025
cocoa,Rabi,West Bengal,30575,2120,5830,14000,2975,3000,2650,30575,INR/Acre,DCCD Directorate of Cashew & Cocoa,2024-2025
cocoa,Rabi,Andhra Pradesh,32795,2120,5830,15400,3675,3120,2650,32795,INR/Acre,DCCD Directorate of Cashew & Cocoa,2024-2025
cocoa,Rabi,Tripura,29884,2120,5830,12880,3500,2904,2650,29884,INR/Acre,DCCD Directorate of Cashew & Cocoa,2024-2025
cocoa,Rabi,Meghalaya,29580,2120,5830,12600,3500,2880,2650,29580,INR/Acre,DCCD Directorate of Cashew & Cocoa,2024-2025
cocoa,Zaid,Karnataka,33579,2240,6160,15400,3859,3120,2800,33579,INR/Acre,DCCD Directorate of Cashew & Cocoa,2024-2025
cocoa,Zaid,Kerala,36644,2240,6160,18900,3124,3420,2800,36644,INR/Acre,DCCD Directorate of Cashew & Cocoa,2024-2025
cocoa,Zaid,Tamil Nadu,34067,2240,6160,15680,4043,3144,2800,34067,INR/Acre,DCCD Directorate of Cashew & Cocoa,2024-2025
cocoa,Zaid,Assam,30910,2240,6160,13720,3014,2976,2800,30910,INR/Acre,DCCD Directorate of Cashew & Cocoa,2024-2025
cocoa,Zaid,West Bengal,31324,2240,6160,14000,3124,3000,2800,31324,INR/Acre,DCCD Directorate of Cashew & Cocoa,2024-2025
cocoa,Zaid,Andhra Pradesh,33579,2240,6160,15400,3859,3120,2800,33579,INR/Acre,DCCD Directorate of Cashew & Cocoa,2024-2025
cocoa,Zaid,Tripura,30659,2240,6160,12880,3675,2904,2800,30659,INR/Acre,DCCD Directorate of Cashew & Cocoa,2024-2025
cocoa,Zaid,Meghalaya,30355,2240,6160,12600,3675,2880,2800,30355,INR/Acre,DCCD Directorate of Cashew & Cocoa,2024-2025
coffee,Kharif,Karnataka,42490,1000,6500,24200,3150,3640,4000,42490,INR/Acre,Coffee Board of India Cost Guidelines,2024-2025
coffee,Kharif,Kerala,47740,1000,6500,29700,2550,3990,4000,47740,INR/Acre,Coffee Board of India Cost Guidelines,2024-2025
coffee,Kharif,Tamil Nadu,43108,1000,6500,24640,3300,3668,4000,43108,INR/Acre,Coffee Board of India Cost Guidelines,2024-2025
coffee,Kharif,Assam,38992,1000,6500,21560,2460,3472,4000,38992,INR/Acre,Coffee Board of India Cost Guidelines,2024-2025
coffee,Kharif,West Bengal,39550,1000,6500,22000,2550,3500,4000,39550,INR/Acre,Coffee Board of India Cost Guidelines,2024-2025
coffee,Kharif,Andhra Pradesh,42490,1000,6500,24200,3150,3640,4000,42490,INR/Acre,Coffee Board of India Cost Guidelines,2024-2025
coffee,Kharif,Tripura,38128,1000,6500,20240,3000,3388,4000,38128,INR/Acre,Coffee Board of India Cost Guidelines,2024-2025
coffee,Kharif,Meghalaya,37660,1000,6500,19800,3000,3360,4000,37660,INR/Acre,Coffee Board of India Cost Guidelines,2024-2025
coffee,Rabi,Karnataka,43180,1060,6890,24200,3150,3640,4240,43180,INR/Acre,Coffee Board of India Cost Guidelines,2024-2025
coffee,Rabi,Kerala,48430,1060,6890,29700,2550,3990,4240,48430,INR/Acre,Coffee Board of India Cost Guidelines,2024-2025
coffee,Rabi,Tamil Nadu,43798,1060,6890,24640,3300,3668,4240,43798,INR/Acre,Coffee Board of India Cost Guidelines,2024-2025
coffee,Rabi,Assam,39682,1060,6890,21560,2460,3472,4240,39682,INR/Acre,Coffee Board of India Cost Guidelines,2024-2025
coffee,Rabi,West Bengal,40240,1060,6890,22000,2550,3500,4240,40240,INR/Acre,Coffee Board of India Cost Guidelines,2024-2025
coffee,Rabi,Andhra Pradesh,43180,1060,6890,24200,3150,3640,4240,43180,INR/Acre,Coffee Board of India Cost Guidelines,2024-2025
coffee,Rabi,Tripura,38818,1060,6890,20240,3000,3388,4240,38818,INR/Acre,Coffee Board of India Cost Guidelines,2024-2025
coffee,Rabi,Meghalaya,38350,1060,6890,19800,3000,3360,4240,38350,INR/Acre,Coffee Board of India Cost Guidelines,2024-2025
coffee,Zaid,Karnataka,44028,1120,7280,24200,3308,3640,4480,44028,INR/Acre,Coffee Board of India Cost Guidelines,2024-2025
coffee,Zaid,Kerala,49248,1120,7280,29700,2678,3990,4480,49248,INR/Acre,Coffee Board of India Cost Guidelines,2024-2025
coffee,Zaid,Tamil Nadu,44653,1120,7280,24640,3465,3668,4480,44653,INR/Acre,Coffee Board of India Cost Guidelines,2024-2025
coffee,Zaid,Assam,40495,1120,7280,21560,2583,3472,4480,40495,INR/Acre,Coffee Board of India Cost Guidelines,2024-2025
coffee,Zaid,West Bengal,41058,1120,7280,22000,2678,3500,4480,41058,INR/Acre,Coffee Board of India Cost Guidelines,2024-2025
coffee,Zaid,Andhra Pradesh,44028,1120,7280,24200,3308,3640,4480,44028,INR/Acre,Coffee Board of India Cost Guidelines,2024-2025
coffee,Zaid,Tripura,39658,1120,7280,20240,3150,3388,4480,39658,INR/Acre,Coffee Board of India Cost Guidelines,2024-2025
coffee,Zaid,Meghalaya,39190,1120,7280,19800,3150,3360,4480,39190,INR/Acre,Coffee Board of India Cost Guidelines,2024-2025
mulberry,Kharif,Karnataka,26452,2000,4500,12100,2940,2912,2000,26452,INR/Acre,Central Silk Board Cost Norms,2024-2025
mulberry,Kharif,Kerala,28922,2000,4500,14850,2380,3192,2000,28922,INR/Acre,Central Silk Board Cost Norms,2024-2025
mulberry,Kharif,Tamil Nadu,26834,2000,4500,12320,3080,2934,2000,26834,INR/Acre,Central Silk Board Cost Norms,2024-2025
mulberry,Kharif,Assam,24354,2000,4500,10780,2296,2778,2000,24354,INR/Acre,Central Silk Board Cost Norms,2024-2025
mulberry,Kharif,West Bengal,24680,2000,4500,11000,2380,2800,2000,24680,INR/Acre,Central Silk Board Cost Norms,2024-2025
mulberry,Kharif,Andhra Pradesh,26452,2000,4500,12100,2940,2912,2000,26452,INR/Acre,Central Silk Board Cost Norms,2024-2025
mulberry,Kharif,Tripura,24130,2000,4500,10120,2800,2710,2000,24130,INR/Acre,Central Silk Board Cost Norms,2024-2025
mulberry,Kharif,Meghalaya,23888,2000,4500,9900,2800,2688,2000,23888,INR/Acre,Central Silk Board Cost Norms,2024-2025
mulberry,Rabi,Karnataka,26962,2120,4770,12100,2940,2912,2120,26962,INR/Acre,Central Silk Board Cost Norms,2024-2025
mulberry,Rabi,Kerala,29432,2120,4770,14850,2380,3192,2120,29432,INR/Acre,Central Silk Board Cost Norms,2024-2025
mulberry,Rabi,Tamil Nadu,27344,2120,4770,12320,3080,2934,2120,27344,INR/Acre,Central Silk Board Cost Norms,2024-2025
mulberry,Rabi,Assam,24864,2120,4770,10780,2296,2778,2120,24864,INR/Acre,Central Silk Board Cost Norms,2024-2025
mulberry,Rabi,West Bengal,25190,2120,4770,11000,2380,2800,2120,25190,INR/Acre,Central Silk Board Cost Norms,2024-2025
mulberry,Rabi,Andhra Pradesh,26962,2120,4770,12100,2940,2912,2120,26962,INR/Acre,Central Silk Board Cost Norms,2024-2025
mulberry,Rabi,Tripura,24640,2120,4770,10120,2800,2710,2120,24640,INR/Acre,Central Silk Board Cost Norms,2024-2025
mulberry,Rabi,Meghalaya,24398,2120,4770,9900,2800,2688,2120,24398,INR/Acre,Central Silk Board Cost Norms,2024-2025
mulberry,Zaid,Karnataka,27619,2240,5040,12100,3087,2912,2240,27619,INR/Acre,Central Silk Board Cost Norms,2024-2025
mulberry,Zaid,Kerala,30061,2240,5040,14850,2499,3192,2240,30061,INR/Acre,Central Silk Board Cost Norms,2024-2025
mulberry,Zaid,Tamil Nadu,28008,2240,5040,12320,3234,2934,2240,28008,INR/Acre,Central Silk Board Cost Norms,2024-2025
mulberry,Zaid,Assam,25489,2240,5040,10780,2411,2778,2240,25489,INR/Acre,Central Silk Board Cost Norms,2024-2025
mulberry,Zaid,West Bengal,25819,2240,5040,11000,2499,2800,2240,25819,INR/Acre,Central Silk Board Cost Norms,2024-2025
mulberry,Zaid,Andhra Pradesh,27619,2240,5040,12100,3087,2912,2240,27619,INR/Acre,Central Silk Board Cost Norms,2024-2025
mulberry,Zaid,Tripura,25290,2240,5040,10120,2940,2710,2240,25290,INR/Acre,Central Silk Board Cost Norms,2024-2025
mulberry,Zaid,Meghalaya,25048,2240,5040,9900,2940,2688,2240,25048,INR/Acre,Central Silk Board Cost Norms,2024-2025
opium poppy,Rabi,Madhya Pradesh,30748,3710,5830,11960,3500,3098,2650,30748,INR/Acre,CBN Narcotics Dept Cost Guidelines,2024-2025
opium poppy,Rabi,Rajasthan,32520,3710,5830,13000,4130,3200,2650,32520,INR/Acre,CBN Narcotics Dept Cost Guidelines,2024-2025
opium poppy,Rabi,Uttar Pradesh,30748,3710,5830,11960,3500,3098,2650,30748,INR/Acre,CBN Narcotics Dept Cost Guidelines,2024-2025
chicory,Rabi,Gujarat,22258,2332,4028,9010,2530,2662,1696,22258,INR/Acre,State Agriculture Dept Guidelines,2024-2025
chicory,Rabi,Uttar Pradesh,20593,2332,4028,7820,2200,2517,1696,20593,INR/Acre,State Agriculture Dept Guidelines,2024-2025
chicory,Rabi,Punjab,24005,2332,4028,10625,2464,2860,1696,24005,INR/Acre,State Agriculture Dept Guidelines,2024-2025
indigo,Kharif,Rajasthan,17924,1800,3000,7500,2124,2200,1300,17924,INR/Acre,State Agriculture Dept Guidelines,2024-2025
indigo,Kharif,Tamil Nadu,18786,1800,3000,8400,1980,2306,1300,18786,INR/Acre,State Agriculture Dept Guidelines,2024-2025
indigo,Kharif,Gujarat,18373,1800,3000,7950,2070,2253,1300,18373,INR/Acre,State Agriculture Dept Guidelines,2024-2025
indigo,Kharif,Punjab,19911,1800,3000,9375,2016,2420,1300,19911,INR/Acre,State Agriculture Dept Guidelines,2024-2025
indigo,Kharif,Karnataka,18528,1800,3000,8250,1890,2288,1300,18528,INR/Acre,State Agriculture Dept Guidelines,2024-2025
indigo,Rabi,Rajasthan,18290,1908,3180,7500,2124,2200,1378,18290,INR/Acre,State Agriculture Dept Guidelines,2024-2025
indigo,Rabi,Tamil Nadu,19152,1908,3180,8400,1980,2306,1378,19152,INR/Acre,State Agriculture Dept Guidelines,2024-2025
indigo,Rabi,Gujarat,18739,1908,3180,7950,2070,2253,1378,18739,INR/Acre,State Agriculture Dept Guidelines,2024-2025
indigo,Rabi,Punjab,20277,1908,3180,9375,2016,2420,1378,20277,INR/Acre,State Agriculture Dept Guidelines,2024-2025
indigo,Rabi,Karnataka,18894,1908,3180,8250,1890,2288,1378,18894,INR/Acre,State Agriculture Dept Guidelines,2024-2025
pyrethrum,Kharif,Rajasthan,22696,2500,4000,9500,2596,2500,1600,22696,INR/Acre,CIMAP Medicinal Crop Guidelines,2024-2025
pyrethrum,Kharif,Tamil Nadu,23780,2500,4000,10640,2420,2620,1600,23780,INR/Acre,CIMAP Medicinal Crop Guidelines,2024-2025
pyrethrum,Kharif,Gujarat,23260,2500,4000,10070,2530,2560,1600,23260,INR/Acre,CIMAP Medicinal Crop Guidelines,2024-2025
pyrethrum,Kharif,Punjab,25189,2500,4000,11875,2464,2750,1600,25189,INR/Acre,CIMAP Medicinal Crop Guidelines,2024-2025
pyrethrum,Kharif,Karnataka,23460,2500,4000,10450,2310,2600,1600,23460,INR/Acre,CIMAP Medicinal Crop Guidelines,2024-2025
pyrethrum,Rabi,Rajasthan,23182,2650,4240,9500,2596,2500,1696,23182,INR/Acre,CIMAP Medicinal Crop Guidelines,2024-2025
pyrethrum,Rabi,Tamil Nadu,24266,2650,4240,10640,2420,2620,1696,24266,INR/Acre,CIMAP Medicinal Crop Guidelines,2024-2025
pyrethrum,Rabi,Gujarat,23746,2650,4240,10070,2530,2560,1696,23746,INR/Acre,CIMAP Medicinal Crop Guidelines,2024-2025
pyrethrum,Rabi,Punjab,25675,2650,4240,11875,2464,2750,1696,25675,INR/Acre,CIMAP Medicinal Crop Guidelines,2024-2025
pyrethrum,Rabi,Karnataka,23946,2650,4240,10450,2310,2600,1696,23946,INR/Acre,CIMAP Medicinal Crop Guidelines,2024-2025
stevia,Kharif,Rajasthan,32040,4500,5500,13000,3540,3000,2500,32040,INR/Acre,NHB Medicinal & Aromatic Norms,2024-2025
stevia,Kharif,Tamil Nadu,33504,4500,5500,14560,3300,3144,2500,33504,INR/Acre,NHB Medicinal & Aromatic Norms,2024-2025
stevia,Kharif,Gujarat,32802,4500,5500,13780,3450,3072,2500,32802,INR/Acre,NHB Medicinal & Aromatic Norms,2024-2025
stevia,Kharif,Punjab,35410,4500,5500,16250,3360,3300,2500,35410,INR/Acre,NHB Medicinal & Aromatic Norms,2024-2025
stevia,Kharif,Karnataka,33070,4500,5500,14300,3150,3120,2500,33070,INR/Acre,NHB Medicinal & Aromatic Norms,2024-2025
stevia,Rabi,Rajasthan,32790,4770,5830,13000,3540,3000,2650,32790,INR/Acre,NHB Medicinal & Aromatic Norms,2024-2025
stevia,Rabi,Tamil Nadu,34254,4770,5830,14560,3300,3144,2650,34254,INR/Acre,NHB Medicinal & Aromatic Norms,2024-2025
stevia,Rabi,Gujarat,33552,4770,5830,13780,3450,3072,2650,33552,INR/Acre,NHB Medicinal & Aromatic Norms,2024-2025
stevia,Rabi,Punjab,36160,4770,5830,16250,3360,3300,2650,36160,INR/Acre,NHB Medicinal & Aromatic Norms,2024-2025
stevia,Rabi,Karnataka,33820,4770,5830,14300,3150,3120,2650,33820,INR/Acre,NHB Medicinal & Aromatic Norms,2024-2025
henna,Kharif,Rajasthan,16670,1200,2800,7500,1770,2200,1200,16670,INR/Acre,CAZRI Jodhpur Henna Guidelines,2024-2025
henna,Kharif,Tamil Nadu,17556,1200,2800,8400,1650,2306,1200,17556,INR/Acre,CAZRI Jodhpur Henna Guidelines,2024-2025
henna,Kharif,Gujarat,17128,1200,2800,7950,1725,2253,1200,17128,INR/Acre,CAZRI Jodhpur Henna Guidelines,2024-2025
henna,Kharif,Punjab,18675,1200,2800,9375,1680,2420,1200,18675,INR/Acre,CAZRI Jodhpur Henna Guidelines,2024-2025
henna,Kharif,Karnataka,17313,1200,2800,8250,1575,2288,1200,17313,INR/Acre,CAZRI Jodhpur Henna Guidelines,2024-2025
henna,Rabi,Rajasthan,16982,1272,2968,7500,1770,2200,1272,16982,INR/Acre,CAZRI Jodhpur Henna Guidelines,2024-2025
henna,Rabi,Tamil Nadu,17868,1272,2968,8400,1650,2306,1272,17868,INR/Acre,CAZRI Jodhpur Henna Guidelines,2024-2025
henna,Rabi,Gujarat,17440,1272,2968,7950,1725,2253,1272,17440,INR/Acre,CAZRI Jodhpur Henna Guidelines,2024-2025
henna,Rabi,Punjab,18987,1272,2968,9375,1680,2420,1272,18987,INR/Acre,CAZRI Jodhpur Henna Guidelines,2024-2025
henna,Rabi,Karnataka,17625,1272,2968,8250,1575,2288,1272,17625,INR/Acre,CAZRI Jodhpur Henna Guidelines,2024-2025
tomato,Kharif,Uttar Pradesh,36586,4000,6800,14720,4000,4066,3000,36586,INR/Acre,State Horticulture Dept Cost Norms,2024-2025
tomato,Kharif,Madhya Pradesh,36586,4000,6800,14720,4000,4066,3000,36586,INR/Acre,State Horticulture Dept Cost Norms,2024-2025
tomato,Kharif,Punjab,42900,4000,6800,20000,4480,4620,3000,42900,INR/Acre,State Horticulture Dept Cost Norms,2024-2025
tomato,Kharif,Haryana,42370,4000,6800,19520,4480,4570,3000,42370,INR/Acre,State Horticulture Dept Cost Norms,2024-2025
tomato,Kharif,Rajasthan,38720,4000,6800,16000,4720,4200,3000,38720,INR/Acre,State Horticulture Dept Cost Norms,2024-2025
tomato,Kharif,Bihar,35478,4000,6800,14080,3600,3998,3000,35478,INR/Acre,State Horticulture Dept Cost Norms,2024-2025
tomato,Kharif,Gujarat,39661,4000,6800,16960,4600,4301,3000,39661,INR/Acre,State Horticulture Dept Cost Norms,2024-2025
tomato,Kharif,Maharashtra,39734,4000,6800,17280,4320,4334,3000,39734,INR/Acre,State Horticulture Dept Cost Norms,2024-2025
tomato,Kharif,West Bengal,37400,4000,6800,16000,3400,4200,3000,37400,INR/Acre,State Horticulture Dept Cost Norms,2024-2025
tomato,Kharif,Andhra Pradesh,39968,4000,6800,17600,4200,4368,3000,39968,INR/Acre,State Horticulture Dept Cost Norms,2024-2025
tomato,Kharif,Telangana,39968,4000,6800,17600,4200,4368,3000,39968,INR/Acre,State Horticulture Dept Cost Norms,2024-2025
tomato,Kharif,Karnataka,39968,4000,6800,17600,4200,4368,3000,39968,INR/Acre,State Horticulture Dept Cost Norms,2024-2025
tomato,Kharif,Tamil Nadu,40522,4000,6800,17920,4400,4402,3000,40522,INR/Acre,State Horticulture Dept Cost Norms,2024-2025
tomato,Kharif,Odisha,35398,4000,6800,14080,3520,3998,3000,35398,INR/Acre,State Horticulture Dept Cost Norms,2024-2025
tomato,Kharif,Assam,36926,4000,6800,15680,3280,4166,3000,36926,INR/Acre,State Horticulture Dept Cost Norms,2024-2025
tomato,Kharif,Chhattisgarh,36232,4000,6800,14400,4000,4032,3000,36232,INR/Acre,State Horticulture Dept Cost Norms,2024-2025
tomato,Kharif,Jharkhand,35878,4000,6800,14080,4000,3998,3000,35878,INR/Acre,State Horticulture Dept Cost Norms,2024-2025
tomato,Kharif,Uttarakhand,38884,4000,6800,16800,4000,4284,3000,38884,INR/Acre,State Horticulture Dept Cost Norms,2024-2025
tomato,Kharif,Himachal Pradesh,41182,4000,6800,18880,4000,4502,3000,41182,INR/Acre,State Horticulture Dept Cost Norms,2024-2025
tomato,Rabi,Uttar Pradesh,37414,4240,7208,14720,4000,4066,3180,37414,INR/Acre,State Horticulture Dept Cost Norms,2024-2025
tomato,Rabi,Madhya Pradesh,37414,4240,7208,14720,4000,4066,3180,37414,INR/Acre,State Horticulture Dept Cost Norms,2024-2025
tomato,Rabi,Punjab,43728,4240,7208,20000,4480,4620,3180,43728,INR/Acre,State Horticulture Dept Cost Norms,2024-2025
tomato,Rabi,Haryana,43198,4240,7208,19520,4480,4570,3180,43198,INR/Acre,State Horticulture Dept Cost Norms,2024-2025
tomato,Rabi,Rajasthan,39548,4240,7208,16000,4720,4200,3180,39548,INR/Acre,State Horticulture Dept Cost Norms,2024-2025
tomato,Rabi,Bihar,36306,4240,7208,14080,3600,3998,3180,36306,INR/Acre,State Horticulture Dept Cost Norms,2024-2025
tomato,Rabi,Gujarat,40489,4240,7208,16960,4600,4301,3180,40489,INR/Acre,State Horticulture Dept Cost Norms,2024-2025
tomato,Rabi,Maharashtra,40562,4240,7208,17280,4320,4334,3180,40562,INR/Acre,State Horticulture Dept Cost Norms,2024-2025
tomato,Rabi,West Bengal,38228,4240,7208,16000,3400,4200,3180,38228,INR/Acre,State Horticulture Dept Cost Norms,2024-2025
tomato,Rabi,Andhra Pradesh,40796,4240,7208,17600,4200,4368,3180,40796,INR/Acre,State Horticulture Dept Cost Norms,2024-2025
tomato,Rabi,Telangana,40796,4240,7208,17600,4200,4368,3180,40796,INR/Acre,State Horticulture Dept Cost Norms,2024-2025
tomato,Rabi,Karnataka,40796,4240,7208,17600,4200,4368,3180,40796,INR/Acre,State Horticulture Dept Cost Norms,2024-2025
tomato,Rabi,Tamil Nadu,41350,4240,7208,17920,4400,4402,3180,41350,INR/Acre,State Horticulture Dept Cost Norms,2024-2025
tomato,Rabi,Odisha,36226,4240,7208,14080,3520,3998,3180,36226,INR/Acre,State Horticulture Dept Cost Norms,2024-2025
tomato,Rabi,Assam,37754,4240,7208,15680,3280,4166,3180,37754,INR/Acre,State Horticulture Dept Cost Norms,2024-2025
tomato,Rabi,Chhattisgarh,37060,4240,7208,14400,4000,4032,3180,37060,INR/Acre,State Horticulture Dept Cost Norms,2024-2025
tomato,Rabi,Jharkhand,36706,4240,7208,14080,4000,3998,3180,36706,INR/Acre,State Horticulture Dept Cost Norms,2024-2025
tomato,Rabi,Uttarakhand,39712,4240,7208,16800,4000,4284,3180,39712,INR/Acre,State Horticulture Dept Cost Norms,2024-2025
tomato,Rabi,Himachal Pradesh,42010,4240,7208,18880,4000,4502,3180,42010,INR/Acre,State Horticulture Dept Cost Norms,2024-2025
tomato,Zaid,Uttar Pradesh,38442,4480,7616,14720,4200,4066,3360,38442,INR/Acre,State Horticulture Dept Cost Norms,2024-2025
tomato,Zaid,Madhya Pradesh,38442,4480,7616,14720,4200,4066,3360,38442,INR/Acre,State Horticulture Dept Cost Norms,2024-2025
tomato,Zaid,Punjab,44780,4480,7616,20000,4704,4620,3360,44780,INR/Acre,State Horticulture Dept Cost Norms,2024-2025
tomato,Zaid,Haryana,44250,4480,7616,19520,4704,4570,3360,44250,INR/Acre,State Horticulture Dept Cost Norms,2024-2025
tomato,Zaid,Rajasthan,40612,4480,7616,16000,4956,4200,3360,40612,INR/Acre,State Horticulture Dept Cost Norms,2024-2025
tomato,Zaid,Bihar,37314,4480,7616,14080,3780,3998,3360,37314,INR/Acre,State Horticulture Dept Cost Norms,2024-2025
tomato,Zaid,Gujarat,41547,4480,7616,16960,4830,4301,3360,41547,INR/Acre,State Horticulture Dept Cost Norms,2024-2025
tomato,Zaid,Maharashtra,41606,4480,7616,17280,4536,4334,3360,41606,INR/Acre,State Horticulture Dept Cost Norms,2024-2025
tomato,Zaid,West Bengal,39226,4480,7616,16000,3570,4200,3360,39226,INR/Acre,State Horticulture Dept Cost Norms,2024-2025
tomato,Zaid,Andhra Pradesh,41834,4480,7616,17600,4410,4368,3360,41834,INR/Acre,State Horticulture Dept Cost Norms,2024-2025
tomato,Zaid,Telangana,41834,4480,7616,17600,4410,4368,3360,41834,INR/Acre,State Horticulture Dept Cost Norms,2024-2025
tomato,Zaid,Karnataka,41834,4480,7616,17600,4410,4368,3360,41834,INR/Acre,State Horticulture Dept Cost Norms,2024-2025
tomato,Zaid,Tamil Nadu,42398,4480,7616,17920,4620,4402,3360,42398,INR/Acre,State Horticulture Dept Cost Norms,2024-2025
tomato,Zaid,Odisha,37230,4480,7616,14080,3696,3998,3360,37230,INR/Acre,State Horticulture Dept Cost Norms,2024-2025
tomato,Zaid,Assam,38746,4480,7616,15680,3444,4166,3360,38746,INR/Acre,State Horticulture Dept Cost Norms,2024-2025
tomato,Zaid,Chhattisgarh,38088,4480,7616,14400,4200,4032,3360,38088,INR/Acre,State Horticulture Dept Cost Norms,2024-2025
tomato,Zaid,Jharkhand,37734,4480,7616,14080,4200,3998,3360,37734,INR/Acre,State Horticulture Dept Cost Norms,2024-2025
tomato,Zaid,Uttarakhand,40740,4480,7616,16800,4200,4284,3360,40740,INR/Acre,State Horticulture Dept Cost Norms,2024-2025
tomato,Zaid,Himachal Pradesh,43038,4480,7616,18880,4200,4502,3360,43038,INR/Acre,State Horticulture Dept Cost Norms,2024-2025
eggplant (brinjal),Kharif,Uttar Pradesh,29648,3200,5500,11960,3200,3388,2400,29648,INR/Acre,State Horticulture Dept Cost Norms,2024-2025
eggplant (brinjal),Kharif,Madhya Pradesh,29648,3200,5500,11960,3200,3388,2400,29648,INR/Acre,State Horticulture Dept Cost Norms,2024-2025
eggplant (brinjal),Kharif,Punjab,34784,3200,5500,16250,3584,3850,2400,34784,INR/Acre,State Horticulture Dept Cost Norms,2024-2025
eggplant (brinjal),Kharif,Haryana,34352,3200,5500,15860,3584,3808,2400,34352,INR/Acre,State Horticulture Dept Cost Norms,2024-2025
eggplant (brinjal),Kharif,Rajasthan,31376,3200,5500,13000,3776,3500,2400,31376,INR/Acre,State Horticulture Dept Cost Norms,2024-2025
eggplant (brinjal),Kharif,Bihar,28752,3200,5500,11440,2880,3332,2400,28752,INR/Acre,State Horticulture Dept Cost Norms,2024-2025
eggplant (brinjal),Kharif,Gujarat,32144,3200,5500,13780,3680,3584,2400,32144,INR/Acre,State Horticulture Dept Cost Norms,2024-2025
eggplant (brinjal),Kharif,Maharashtra,32208,3200,5500,14040,3456,3612,2400,32208,INR/Acre,State Horticulture Dept Cost Norms,2024-2025
eggplant (brinjal),Kharif,West Bengal,30320,3200,5500,13000,2720,3500,2400,30320,INR/Acre,State Horticulture Dept Cost Norms,2024-2025
eggplant (brinjal),Kharif,Andhra Pradesh,32400,3200,5500,14300,3360,3640,2400,32400,INR/Acre,State Horticulture Dept Cost Norms,2024-2025
eggplant (brinjal),Kharif,Telangana,32400,3200,5500,14300,3360,3640,2400,32400,INR/Acre,State Horticulture Dept Cost Norms,2024-2025
eggplant (brinjal),Kharif,Karnataka,32400,3200,5500,14300,3360,3640,2400,32400,INR/Acre,State Horticulture Dept Cost Norms,2024-2025
eggplant (brinjal),Kharif,Tamil Nadu,32848,3200,5500,14560,3520,3668,2400,32848,INR/Acre,State Horticulture Dept Cost Norms,2024-2025
eggplant (brinjal),Kharif,Odisha,28688,3200,5500,11440,2816,3332,2400,28688,INR/Acre,State Horticulture Dept Cost Norms,2024-2025
eggplant (brinjal),Kharif,Assam,29936,3200,5500,12740,2624,3472,2400,29936,INR/Acre,State Horticulture Dept Cost Norms,2024-2025
eggplant (brinjal),Kharif,Chhattisgarh,29360,3200,5500,11700,3200,3360,2400,29360,INR/Acre,State Horticulture Dept Cost Norms,2024-2025
eggplant (brinjal),Kharif,Jharkhand,29072,3200,5500,11440,3200,3332,2400,29072,INR/Acre,State Horticulture Dept Cost Norms,2024-2025
eggplant (brinjal),Kharif,Uttarakhand,31520,3200,5500,13650,3200,3570,2400,31520,INR/Acre,State Horticulture Dept Cost Norms,2024-2025
eggplant (brinjal),Kharif,Himachal Pradesh,33392,3200,5500,15340,3200,3752,2400,33392,INR/Acre,State Horticulture Dept Cost Norms,2024-2025
eggplant (brinjal),Rabi,Uttar Pradesh,30314,3392,5830,11960,3200,3388,2544,30314,INR/Acre,State Horticulture Dept Cost Norms,2024-2025
eggplant (brinjal),Rabi,Madhya Pradesh,30314,3392,5830,11960,3200,3388,2544,30314,INR/Acre,State Horticulture Dept Cost Norms,2024-2025
eggplant (brinjal),Rabi,Punjab,35450,3392,5830,16250,3584,3850,2544,35450,INR/Acre,State Horticulture Dept Cost Norms,2024-2025
eggplant (brinjal),Rabi,Haryana,35018,3392,5830,15860,3584,3808,2544,35018,INR/Acre,State Horticulture Dept Cost Norms,2024-2025
eggplant (brinjal),Rabi,Rajasthan,32042,3392,5830,13000,3776,3500,2544,32042,INR/Acre,State Horticulture Dept Cost Norms,2024-2025
eggplant (brinjal),Rabi,Bihar,29418,3392,5830,11440,2880,3332,2544,29418,INR/Acre,State Horticulture Dept Cost Norms,2024-2025
eggplant (brinjal),Rabi,Gujarat,32810,3392,5830,13780,3680,3584,2544,32810,INR/Acre,State Horticulture Dept Cost Norms,2024-2025
eggplant (brinjal),Rabi,Maharashtra,32874,3392,5830,14040,3456,3612,2544,32874,INR/Acre,State Horticulture Dept Cost Norms,2024-2025
eggplant (brinjal),Rabi,West Bengal,30986,3392,5830,13000,2720,3500,2544,30986,INR/Acre,State Horticulture Dept Cost Norms,2024-2025
eggplant (brinjal),Rabi,Andhra Pradesh,33066,3392,5830,14300,3360,3640,2544,33066,INR/Acre,State Horticulture Dept Cost Norms,2024-2025
eggplant (brinjal),Rabi,Telangana,33066,3392,5830,14300,3360,3640,2544,33066,INR/Acre,State Horticulture Dept Cost Norms,2024-2025
eggplant (brinjal),Rabi,Karnataka,33066,3392,5830,14300,3360,3640,2544,33066,INR/Acre,State Horticulture Dept Cost Norms,2024-2025
eggplant (brinjal),Rabi,Tamil Nadu,33514,3392,5830,14560,3520,3668,2544,33514,INR/Acre,State Horticulture Dept Cost Norms,2024-2025
eggplant (brinjal),Rabi,Odisha,29354,3392,5830,11440,2816,3332,2544,29354,INR/Acre,State Horticulture Dept Cost Norms,2024-2025
eggplant (brinjal),Rabi,Assam,30602,3392,5830,12740,2624,3472,2544,30602,INR/Acre,State Horticulture Dept Cost Norms,2024-2025
eggplant (brinjal),Rabi,Chhattisgarh,30026,3392,5830,11700,3200,3360,2544,30026,INR/Acre,State Horticulture Dept Cost Norms,2024-2025
eggplant (brinjal),Rabi,Jharkhand,29738,3392,5830,11440,3200,3332,2544,29738,INR/Acre,State Horticulture Dept Cost Norms,2024-2025
eggplant (brinjal),Rabi,Uttarakhand,32186,3392,5830,13650,3200,3570,2544,32186,INR/Acre,State Horticulture Dept Cost Norms,2024-2025
eggplant (brinjal),Rabi,Himachal Pradesh,34058,3392,5830,15340,3200,3752,2544,34058,INR/Acre,State Horticulture Dept Cost Norms,2024-2025
eggplant (brinjal),Zaid,Uttar Pradesh,31140,3584,6160,11960,3360,3388,2688,31140,INR/Acre,State Horticulture Dept Cost Norms,2024-2025
eggplant (brinjal),Zaid,Madhya Pradesh,31140,3584,6160,11960,3360,3388,2688,31140,INR/Acre,State Horticulture Dept Cost Norms,2024-2025
eggplant (brinjal),Zaid,Punjab,36295,3584,6160,16250,3763,3850,2688,36295,INR/Acre,State Horticulture Dept Cost Norms,2024-2025
eggplant (brinjal),Zaid,Haryana,35863,3584,6160,15860,3763,3808,2688,35863,INR/Acre,State Horticulture Dept Cost Norms,2024-2025
eggplant (brinjal),Zaid,Rajasthan,32897,3584,6160,13000,3965,3500,2688,32897,INR/Acre,State Horticulture Dept Cost Norms,2024-2025
eggplant (brinjal),Zaid,Bihar,30228,3584,6160,11440,3024,3332,2688,30228,INR/Acre,State Horticulture Dept Cost Norms,2024-2025
eggplant (brinjal),Zaid,Gujarat,33660,3584,6160,13780,3864,3584,2688,33660,INR/Acre,State Horticulture Dept Cost Norms,2024-2025
eggplant (brinjal),Zaid,Maharashtra,33713,3584,6160,14040,3629,3612,2688,33713,INR/Acre,State Horticulture Dept Cost Norms,2024-2025
eggplant (brinjal),Zaid,West Bengal,31788,3584,6160,13000,2856,3500,2688,31788,INR/Acre,State Horticulture Dept Cost Norms,2024-2025
eggplant (brinjal),Zaid,Andhra Pradesh,33900,3584,6160,14300,3528,3640,2688,33900,INR/Acre,State Horticulture Dept Cost Norms,2024-2025
eggplant (brinjal),Zaid,Telangana,33900,3584,6160,14300,3528,3640,2688,33900,INR/Acre,State Horticulture Dept Cost Norms,2024-2025
eggplant (brinjal),Zaid,Karnataka,33900,3584,6160,14300,3528,3640,2688,33900,INR/Acre,State Horticulture Dept Cost Norms,2024-2025
eggplant (brinjal),Zaid,Tamil Nadu,34356,3584,6160,14560,3696,3668,2688,34356,INR/Acre,State Horticulture Dept Cost Norms,2024-2025
eggplant (brinjal),Zaid,Odisha,30161,3584,6160,11440,2957,3332,2688,30161,INR/Acre,State Horticulture Dept Cost Norms,2024-2025
eggplant (brinjal),Zaid,Assam,31399,3584,6160,12740,2755,3472,2688,31399,INR/Acre,State Horticulture Dept Cost Norms,2024-2025
eggplant (brinjal),Zaid,Chhattisgarh,30852,3584,6160,11700,3360,3360,2688,30852,INR/Acre,State Horticulture Dept Cost Norms,2024-2025
eggplant (brinjal),Zaid,Jharkhand,30564,3584,6160,11440,3360,3332,2688,30564,INR/Acre,State Horticulture Dept Cost Norms,2024-2025
eggplant (brinjal),Zaid,Uttarakhand,33012,3584,6160,13650,3360,3570,2688,33012,INR/Acre,State Horticulture Dept Cost Norms,2024-2025
eggplant (brinjal),Zaid,Himachal Pradesh,34884,3584,6160,15340,3360,3752,2688,34884,INR/Acre,State Horticulture Dept Cost Norms,2024-2025
capsicum,Kharif,Uttar Pradesh,41456,5500,7500,16100,4200,4356,3800,41456,INR/Acre,NHB & State Horticulture Guidelines,2024-2025
capsicum,Kharif,Madhya Pradesh,41456,5500,7500,16100,4200,4356,3800,41456,INR/Acre,NHB & State Horticulture Guidelines,2024-2025
capsicum,Kharif,Punjab,48329,5500,7500,21875,4704,4950,3800,48329,INR/Acre,NHB & State Horticulture Guidelines,2024-2025
capsicum,Kharif,Haryana,47750,5500,7500,21350,4704,4896,3800,47750,INR/Acre,NHB & State Horticulture Guidelines,2024-2025
capsicum,Kharif,Rajasthan,43756,5500,7500,17500,4956,4500,3800,43756,INR/Acre,NHB & State Horticulture Guidelines,2024-2025
capsicum,Kharif,Bihar,40264,5500,7500,15400,3780,4284,3800,40264,INR/Acre,NHB & State Horticulture Guidelines,2024-2025
capsicum,Kharif,Gujarat,44788,5500,7500,18550,4830,4608,3800,44788,INR/Acre,NHB & State Horticulture Guidelines,2024-2025
capsicum,Kharif,Maharashtra,44880,5500,7500,18900,4536,4644,3800,44880,INR/Acre,NHB & State Horticulture Guidelines,2024-2025
capsicum,Kharif,West Bengal,42370,5500,7500,17500,3570,4500,3800,42370,INR/Acre,NHB & State Horticulture Guidelines,2024-2025
capsicum,Kharif,Andhra Pradesh,45140,5500,7500,19250,4410,4680,3800,45140,INR/Acre,NHB & State Horticulture Guidelines,2024-2025
capsicum,Kharif,Telangana,45140,5500,7500,19250,4410,4680,3800,45140,INR/Acre,NHB & State Horticulture Guidelines,2024-2025
capsicum,Kharif,Karnataka,45140,5500,7500,19250,4410,4680,3800,45140,INR/Acre,NHB & State Horticulture Guidelines,2024-2025
capsicum,Kharif,Tamil Nadu,45736,5500,7500,19600,4620,4716,3800,45736,INR/Acre,NHB & State Horticulture Guidelines,2024-2025
capsicum,Kharif,Odisha,40180,5500,7500,15400,3696,4284,3800,40180,INR/Acre,NHB & State Horticulture Guidelines,2024-2025
capsicum,Kharif,Assam,41858,5500,7500,17150,3444,4464,3800,41858,INR/Acre,NHB & State Horticulture Guidelines,2024-2025
capsicum,Kharif,Chhattisgarh,41070,5500,7500,15750,4200,4320,3800,41070,INR/Acre,NHB & State Horticulture Guidelines,2024-2025
capsicum,Kharif,Jharkhand,40684,5500,7500,15400,4200,4284,3800,40684,INR/Acre,NHB & State Horticulture Guidelines,2024-2025
capsicum,Kharif,Uttarakhand,43965,5500,7500,18375,4200,4590,3800,43965,INR/Acre,NHB & State Horticulture Guidelines,2024-2025
capsicum,Kharif,Himachal Pradesh,46474,5500,7500,20650,4200,4824,3800,46474,INR/Acre,NHB & State Horticulture Guidelines,2024-2025
capsicum,Rabi,Uttar Pradesh,42464,5830,7950,16100,4200,4356,4028,42464,INR/Acre,NHB & State Horticulture Guidelines,2024-2025
capsicum,Rabi,Madhya Pradesh,42464,5830,7950,16100,4200,4356,4028,42464,INR/Acre,NHB & State Horticulture Guidelines,2024-2025
capsicum,Rabi,Punjab,49337,5830,7950,21875,4704,4950,4028,49337,INR/Acre,NHB & State Horticulture Guidelines,2024-2025
capsicum,Rabi,Haryana,48758,5830,7950,21350,4704,4896,4028,48758,INR/Acre,NHB & State Horticulture Guidelines,2024-2025
capsicum,Rabi,Rajasthan,44764,5830,7950,17500,4956,4500,4028,44764,INR/Acre,NHB & State Horticulture Guidelines,2024-2025
capsicum,Rabi,Bihar,41272,5830,7950,15400,3780,4284,4028,41272,INR/Acre,NHB & State Horticulture Guidelines,2024-2025
capsicum,Rabi,Gujarat,45796,5830,7950,18550,4830,4608,4028,45796,INR/Acre,NHB & State Horticulture Guidelines,2024-2025
capsicum,Rabi,Maharashtra,45888,5830,7950,18900,4536,4644,4028,45888,INR/Acre,NHB & State Horticulture Guidelines,2024-2025
capsicum,Rabi,West Bengal,43378,5830,7950,17500,3570,4500,4028,43378,INR/Acre,NHB & State Horticulture Guidelines,2024-2025
capsicum,Rabi,Andhra Pradesh,46148,5830,7950,19250,4410,4680,4028,46148,INR/Acre,NHB & State Horticulture Guidelines,2024-2025
capsicum,Rabi,Telangana,46148,5830,7950,19250,4410,4680,4028,46148,INR/Acre,NHB & State Horticulture Guidelines,2024-2025
capsicum,Rabi,Karnataka,46148,5830,7950,19250,4410,4680,4028,46148,INR/Acre,NHB & State Horticulture Guidelines,2024-2025
capsicum,Rabi,Tamil Nadu,46744,5830,7950,19600,4620,4716,4028,46744,INR/Acre,NHB & State Horticulture Guidelines,2024-2025
capsicum,Rabi,Odisha,41188,5830,7950,15400,3696,4284,4028,41188,INR/Acre,NHB & State Horticulture Guidelines,2024-2025
capsicum,Rabi,Assam,42866,5830,7950,17150,3444,4464,4028,42866,INR/Acre,NHB & State Horticulture Guidelines,2024-2025
capsicum,Rabi,Chhattisgarh,42078,5830,7950,15750,4200,4320,4028,42078,INR/Acre,NHB & State Horticulture Guidelines,2024-2025
capsicum,Rabi,Jharkhand,41692,5830,7950,15400,4200,4284,4028,41692,INR/Acre,NHB & State Horticulture Guidelines,2024-2025
capsicum,Rabi,Uttarakhand,44973,5830,7950,18375,4200,4590,4028,44973,INR/Acre,NHB & State Horticulture Guidelines,2024-2025
capsicum,Rabi,Himachal Pradesh,47482,5830,7950,20650,4200,4824,4028,47482,INR/Acre,NHB & State Horticulture Guidelines,2024-2025
capsicum,Zaid,Uttar Pradesh,43682,6160,8400,16100,4410,4356,4256,43682,INR/Acre,NHB & State Horticulture Guidelines,2024-2025
capsicum,Zaid,Madhya Pradesh,43682,6160,8400,16100,4410,4356,4256,43682,INR/Acre,NHB & State Horticulture Guidelines,2024-2025
capsicum,Zaid,Punjab,50580,6160,8400,21875,4939,4950,4256,50580,INR/Acre,NHB & State Horticulture Guidelines,2024-2025
capsicum,Zaid,Haryana,50001,6160,8400,21350,4939,4896,4256,50001,INR/Acre,NHB & State Horticulture Guidelines,2024-2025
capsicum,Zaid,Rajasthan,46020,6160,8400,17500,5204,4500,4256,46020,INR/Acre,NHB & State Horticulture Guidelines,2024-2025
capsicum,Zaid,Bihar,42469,6160,8400,15400,3969,4284,4256,42469,INR/Acre,NHB & State Horticulture Guidelines,2024-2025
capsicum,Zaid,Gujarat,47046,6160,8400,18550,5072,4608,4256,47046,INR/Acre,NHB & State Horticulture Guidelines,2024-2025
capsicum,Zaid,Maharashtra,47123,6160,8400,18900,4763,4644,4256,47123,INR/Acre,NHB & State Horticulture Guidelines,2024-2025
capsicum,Zaid,West Bengal,44564,6160,8400,17500,3748,4500,4256,44564,INR/Acre,NHB & State Horticulture Guidelines,2024-2025
capsicum,Zaid,Andhra Pradesh,47376,6160,8400,19250,4630,4680,4256,47376,INR/Acre,NHB & State Horticulture Guidelines,2024-2025
capsicum,Zaid,Telangana,47376,6160,8400,19250,4630,4680,4256,47376,INR/Acre,NHB & State Horticulture Guidelines,2024-2025
capsicum,Zaid,Karnataka,47376,6160,8400,19250,4630,4680,4256,47376,INR/Acre,NHB & State Horticulture Guidelines,2024-2025
capsicum,Zaid,Tamil Nadu,47983,6160,8400,19600,4851,4716,4256,47983,INR/Acre,NHB & State Horticulture Guidelines,2024-2025
capsicum,Zaid,Odisha,42381,6160,8400,15400,3881,4284,4256,42381,INR/Acre,NHB & State Horticulture Guidelines,2024-2025
capsicum,Zaid,Assam,44046,6160,8400,17150,3616,4464,4256,44046,INR/Acre,NHB & State Horticulture Guidelines,2024-2025
capsicum,Zaid,Chhattisgarh,43296,6160,8400,15750,4410,4320,4256,43296,INR/Acre,NHB & State Horticulture Guidelines,2024-2025
capsicum,Zaid,Jharkhand,42910,6160,8400,15400,4410,4284,4256,42910,INR/Acre,NHB & State Horticulture Guidelines,2024-2025
capsicum,Zaid,Uttarakhand,46191,6160,8400,18375,4410,4590,4256,46191,INR/Acre,NHB & State Horticulture Guidelines,2024-2025
capsicum,Zaid,Himachal Pradesh,48700,6160,8400,20650,4410,4824,4256,48700,INR/Acre,NHB & State Horticulture Guidelines,2024-2025
green chili,Kharif,Uttar Pradesh,34478,4200,6200,13800,3800,3678,2800,34478,INR/Acre,State Horticulture Dept Cost Norms,2024-2025
green chili,Kharif,Madhya Pradesh,34478,4200,6200,13800,3800,3678,2800,34478,INR/Acre,State Horticulture Dept Cost Norms,2024-2025
green chili,Kharif,Punjab,40386,4200,6200,18750,4256,4180,2800,40386,INR/Acre,State Horticulture Dept Cost Norms,2024-2025
green chili,Kharif,Haryana,39890,4200,6200,18300,4256,4134,2800,39890,INR/Acre,State Horticulture Dept Cost Norms,2024-2025
green chili,Kharif,Rajasthan,36484,4200,6200,15000,4484,3800,2800,36484,INR/Acre,State Horticulture Dept Cost Norms,2024-2025
green chili,Kharif,Bihar,33438,4200,6200,13200,3420,3618,2800,33438,INR/Acre,State Horticulture Dept Cost Norms,2024-2025
green chili,Kharif,Gujarat,37361,4200,6200,15900,4370,3891,2800,37361,INR/Acre,State Horticulture Dept Cost Norms,2024-2025
green chili,Kharif,Maharashtra,37426,4200,6200,16200,4104,3922,2800,37426,INR/Acre,State Horticulture Dept Cost Norms,2024-2025
green chili,Kharif,West Bengal,35230,4200,6200,15000,3230,3800,2800,35230,INR/Acre,State Horticulture Dept Cost Norms,2024-2025
green chili,Kharif,Andhra Pradesh,37642,4200,6200,16500,3990,3952,2800,37642,INR/Acre,State Horticulture Dept Cost Norms,2024-2025
green chili,Kharif,Telangana,37642,4200,6200,16500,3990,3952,2800,37642,INR/Acre,State Horticulture Dept Cost Norms,2024-2025
green chili,Kharif,Karnataka,37642,4200,6200,16500,3990,3952,2800,37642,INR/Acre,State Horticulture Dept Cost Norms,2024-2025
green chili,Kharif,Tamil Nadu,38162,4200,6200,16800,4180,3982,2800,38162,INR/Acre,State Horticulture Dept Cost Norms,2024-2025
green chili,Kharif,Odisha,33362,4200,6200,13200,3344,3618,2800,33362,INR/Acre,State Horticulture Dept Cost Norms,2024-2025
green chili,Kharif,Assam,34786,4200,6200,14700,3116,3770,2800,34786,INR/Acre,State Horticulture Dept Cost Norms,2024-2025
green chili,Kharif,Chhattisgarh,34148,4200,6200,13500,3800,3648,2800,34148,INR/Acre,State Horticulture Dept Cost Norms,2024-2025
green chili,Kharif,Jharkhand,33818,4200,6200,13200,3800,3618,2800,33818,INR/Acre,State Horticulture Dept Cost Norms,2024-2025
green chili,Kharif,Uttarakhand,36626,4200,6200,15750,3800,3876,2800,36626,INR/Acre,State Horticulture Dept Cost Norms,2024-2025
green chili,Kharif,Himachal Pradesh,38774,4200,6200,17700,3800,4074,2800,38774,INR/Acre,State Horticulture Dept Cost Norms,2024-2025
green chili,Rabi,Uttar Pradesh,35270,4452,6572,13800,3800,3678,2968,35270,INR/Acre,State Horticulture Dept Cost Norms,2024-2025
green chili,Rabi,Madhya Pradesh,35270,4452,6572,13800,3800,3678,2968,35270,INR/Acre,State Horticulture Dept Cost Norms,2024-2025
green chili,Rabi,Punjab,41178,4452,6572,18750,4256,4180,2968,41178,INR/Acre,State Horticulture Dept Cost Norms,2024-2025
green chili,Rabi,Haryana,40682,4452,6572,18300,4256,4134,2968,40682,INR/Acre,State Horticulture Dept Cost Norms,2024-2025
green chili,Rabi,Rajasthan,37276,4452,6572,15000,4484,3800,2968,37276,INR/Acre,State Horticulture Dept Cost Norms,2024-2025
green chili,Rabi,Bihar,34230,4452,6572,13200,3420,3618,2968,34230,INR/Acre,State Horticulture Dept Cost Norms,2024-2025
green chili,Rabi,Gujarat,38153,4452,6572,15900,4370,3891,2968,38153,INR/Acre,State Horticulture Dept Cost Norms,2024-2025
green chili,Rabi,Maharashtra,38218,4452,6572,16200,4104,3922,2968,38218,INR/Acre,State Horticulture Dept Cost Norms,2024-2025
green chili,Rabi,West Bengal,36022,4452,6572,15000,3230,3800,2968,36022,INR/Acre,State Horticulture Dept Cost Norms,2024-2025
green chili,Rabi,Andhra Pradesh,38434,4452,6572,16500,3990,3952,2968,38434,INR/Acre,State Horticulture Dept Cost Norms,2024-2025
green chili,Rabi,Telangana,38434,4452,6572,16500,3990,3952,2968,38434,INR/Acre,State Horticulture Dept Cost Norms,2024-2025
green chili,Rabi,Karnataka,38434,4452,6572,16500,3990,3952,2968,38434,INR/Acre,State Horticulture Dept Cost Norms,2024-2025
green chili,Rabi,Tamil Nadu,38954,4452,6572,16800,4180,3982,2968,38954,INR/Acre,State Horticulture Dept Cost Norms,2024-2025
green chili,Rabi,Odisha,34154,4452,6572,13200,3344,3618,2968,34154,INR/Acre,State Horticulture Dept Cost Norms,2024-2025
green chili,Rabi,Assam,35578,4452,6572,14700,3116,3770,2968,35578,INR/Acre,State Horticulture Dept Cost Norms,2024-2025
green chili,Rabi,Chhattisgarh,34940,4452,6572,13500,3800,3648,2968,34940,INR/Acre,State Horticulture Dept Cost Norms,2024-2025
green chili,Rabi,Jharkhand,34610,4452,6572,13200,3800,3618,2968,34610,INR/Acre,State Horticulture Dept Cost Norms,2024-2025
green chili,Rabi,Uttarakhand,37418,4452,6572,15750,3800,3876,2968,37418,INR/Acre,State Horticulture Dept Cost Norms,2024-2025
green chili,Rabi,Himachal Pradesh,39566,4452,6572,17700,3800,4074,2968,39566,INR/Acre,State Horticulture Dept Cost Norms,2024-2025
green chili,Zaid,Uttar Pradesh,36252,4704,6944,13800,3990,3678,3136,36252,INR/Acre,State Horticulture Dept Cost Norms,2024-2025
green chili,Zaid,Madhya Pradesh,36252,4704,6944,13800,3990,3678,3136,36252,INR/Acre,State Horticulture Dept Cost Norms,2024-2025
green chili,Zaid,Punjab,42183,4704,6944,18750,4469,4180,3136,42183,INR/Acre,State Horticulture Dept Cost Norms,2024-2025
green chili,Zaid,Haryana,41687,4704,6944,18300,4469,4134,3136,41687,INR/Acre,State Horticulture Dept Cost Norms,2024-2025
green chili,Zaid,Rajasthan,38292,4704,6944,15000,4708,3800,3136,38292,INR/Acre,State Horticulture Dept Cost Norms,2024-2025
green chili,Zaid,Bihar,35193,4704,6944,13200,3591,3618,3136,35193,INR/Acre,State Horticulture Dept Cost Norms,2024-2025
green chili,Zaid,Gujarat,39163,4704,6944,15900,4588,3891,3136,39163,INR/Acre,State Horticulture Dept Cost Norms,2024-2025
green chili,Zaid,Maharashtra,39215,4704,6944,16200,4309,3922,3136,39215,INR/Acre,State Horticulture Dept Cost Norms,2024-2025
green chili,Zaid,West Bengal,36976,4704,6944,15000,3392,3800,3136,36976,INR/Acre,State Horticulture Dept Cost Norms,2024-2025
green chili,Zaid,Andhra Pradesh,39426,4704,6944,16500,4190,3952,3136,39426,INR/Acre,State Horticulture Dept Cost Norms,2024-2025
green chili,Zaid,Telangana,39426,4704,6944,16500,4190,3952,3136,39426,INR/Acre,State Horticulture Dept Cost Norms,2024-2025
green chili,Zaid,Karnataka,39426,4704,6944,16500,4190,3952,3136,39426,INR/Acre,State Horticulture Dept Cost Norms,2024-2025
green chili,Zaid,Tamil Nadu,39955,4704,6944,16800,4389,3982,3136,39955,INR/Acre,State Horticulture Dept Cost Norms,2024-2025
green chili,Zaid,Odisha,35113,4704,6944,13200,3511,3618,3136,35113,INR/Acre,State Horticulture Dept Cost Norms,2024-2025
green chili,Zaid,Assam,36526,4704,6944,14700,3272,3770,3136,36526,INR/Acre,State Horticulture Dept Cost Norms,2024-2025
green chili,Zaid,Chhattisgarh,35922,4704,6944,13500,3990,3648,3136,35922,INR/Acre,State Horticulture Dept Cost Norms,2024-2025
green chili,Zaid,Jharkhand,35592,4704,6944,13200,3990,3618,3136,35592,INR/Acre,State Horticulture Dept Cost Norms,2024-2025
green chili,Zaid,Uttarakhand,38400,4704,6944,15750,3990,3876,3136,38400,INR/Acre,State Horticulture Dept Cost Norms,2024-2025
green chili,Zaid,Himachal Pradesh,40548,4704,6944,17700,3990,4074,3136,40548,INR/Acre,State Horticulture Dept Cost Norms,2024-2025
red chili,Kharif,Uttar Pradesh,36592,4500,6500,14720,4000,3872,3000,36592,INR/Acre,CACP & ANGRAU Spices Cost Guidelines,2024-2025
red chili,Kharif,Madhya Pradesh,36592,4500,6500,14720,4000,3872,3000,36592,INR/Acre,CACP & ANGRAU Spices Cost Guidelines,2024-2025
red chili,Kharif,Punjab,42880,4500,6500,20000,4480,4400,3000,42880,INR/Acre,CACP & ANGRAU Spices Cost Guidelines,2024-2025
red chili,Kharif,Haryana,42352,4500,6500,19520,4480,4352,3000,42352,INR/Acre,CACP & ANGRAU Spices Cost Guidelines,2024-2025
red chili,Kharif,Rajasthan,38720,4500,6500,16000,4720,4000,3000,38720,INR/Acre,CACP & ANGRAU Spices Cost Guidelines,2024-2025
red chili,Kharif,Bihar,35488,4500,6500,14080,3600,3808,3000,35488,INR/Acre,CACP & ANGRAU Spices Cost Guidelines,2024-2025
red chili,Kharif,Gujarat,39656,4500,6500,16960,4600,4096,3000,39656,INR/Acre,CACP & ANGRAU Spices Cost Guidelines,2024-2025
red chili,Kharif,Maharashtra,39728,4500,6500,17280,4320,4128,3000,39728,INR/Acre,CACP & ANGRAU Spices Cost Guidelines,2024-2025
red chili,Kharif,West Bengal,37400,4500,6500,16000,3400,4000,3000,37400,INR/Acre,CACP & ANGRAU Spices Cost Guidelines,2024-2025
red chili,Kharif,Andhra Pradesh,39960,4500,6500,17600,4200,4160,3000,39960,INR/Acre,CACP & ANGRAU Spices Cost Guidelines,2024-2025
red chili,Kharif,Telangana,39960,4500,6500,17600,4200,4160,3000,39960,INR/Acre,CACP & ANGRAU Spices Cost Guidelines,2024-2025
red chili,Kharif,Karnataka,39960,4500,6500,17600,4200,4160,3000,39960,INR/Acre,CACP & ANGRAU Spices Cost Guidelines,2024-2025
red chili,Kharif,Tamil Nadu,40512,4500,6500,17920,4400,4192,3000,40512,INR/Acre,CACP & ANGRAU Spices Cost Guidelines,2024-2025
red chili,Kharif,Odisha,35408,4500,6500,14080,3520,3808,3000,35408,INR/Acre,CACP & ANGRAU Spices Cost Guidelines,2024-2025
red chili,Kharif,Assam,36928,4500,6500,15680,3280,3968,3000,36928,INR/Acre,CACP & ANGRAU Spices Cost Guidelines,2024-2025
red chili,Kharif,Chhattisgarh,36240,4500,6500,14400,4000,3840,3000,36240,INR/Acre,CACP & ANGRAU Spices Cost Guidelines,2024-2025
red chili,Kharif,Jharkhand,35888,4500,6500,14080,4000,3808,3000,35888,INR/Acre,CACP & ANGRAU Spices Cost Guidelines,2024-2025
red chili,Kharif,Uttarakhand,38880,4500,6500,16800,4000,4080,3000,38880,INR/Acre,CACP & ANGRAU Spices Cost Guidelines,2024-2025
red chili,Kharif,Himachal Pradesh,41168,4500,6500,18880,4000,4288,3000,41168,INR/Acre,CACP & ANGRAU Spices Cost Guidelines,2024-2025
red chili,Rabi,Uttar Pradesh,37432,4770,6890,14720,4000,3872,3180,37432,INR/Acre,CACP & ANGRAU Spices Cost Guidelines,2024-2025
red chili,Rabi,Madhya Pradesh,37432,4770,6890,14720,4000,3872,3180,37432,INR/Acre,CACP & ANGRAU Spices Cost Guidelines,2024-2025
red chili,Rabi,Punjab,43720,4770,6890,20000,4480,4400,3180,43720,INR/Acre,CACP & ANGRAU Spices Cost Guidelines,2024-2025
red chili,Rabi,Haryana,43192,4770,6890,19520,4480,4352,3180,43192,INR/Acre,CACP & ANGRAU Spices Cost Guidelines,2024-2025
red chili,Rabi,Rajasthan,39560,4770,6890,16000,4720,4000,3180,39560,INR/Acre,CACP & ANGRAU Spices Cost Guidelines,2024-2025
red chili,Rabi,Bihar,36328,4770,6890,14080,3600,3808,3180,36328,INR/Acre,CACP & ANGRAU Spices Cost Guidelines,2024-2025
red chili,Rabi,Gujarat,40496,4770,6890,16960,4600,4096,3180,40496,INR/Acre,CACP & ANGRAU Spices Cost Guidelines,2024-2025
red chili,Rabi,Maharashtra,40568,4770,6890,17280,4320,4128,3180,40568,INR/Acre,CACP & ANGRAU Spices Cost Guidelines,2024-2025
red chili,Rabi,West Bengal,38240,4770,6890,16000,3400,4000,3180,38240,INR/Acre,CACP & ANGRAU Spices Cost Guidelines,2024-2025
red chili,Rabi,Andhra Pradesh,40800,4770,6890,17600,4200,4160,3180,40800,INR/Acre,CACP & ANGRAU Spices Cost Guidelines,2024-2025
red chili,Rabi,Telangana,40800,4770,6890,17600,4200,4160,3180,40800,INR/Acre,CACP & ANGRAU Spices Cost Guidelines,2024-2025
red chili,Rabi,Karnataka,40800,4770,6890,17600,4200,4160,3180,40800,INR/Acre,CACP & ANGRAU Spices Cost Guidelines,2024-2025
red chili,Rabi,Tamil Nadu,41352,4770,6890,17920,4400,4192,3180,41352,INR/Acre,CACP & ANGRAU Spices Cost Guidelines,2024-2025
red chili,Rabi,Odisha,36248,4770,6890,14080,3520,3808,3180,36248,INR/Acre,CACP & ANGRAU Spices Cost Guidelines,2024-2025
red chili,Rabi,Assam,37768,4770,6890,15680,3280,3968,3180,37768,INR/Acre,CACP & ANGRAU Spices Cost Guidelines,2024-2025
red chili,Rabi,Chhattisgarh,37080,4770,6890,14400,4000,3840,3180,37080,INR/Acre,CACP & ANGRAU Spices Cost Guidelines,2024-2025
red chili,Rabi,Jharkhand,36728,4770,6890,14080,4000,3808,3180,36728,INR/Acre,CACP & ANGRAU Spices Cost Guidelines,2024-2025
red chili,Rabi,Uttarakhand,39720,4770,6890,16800,4000,4080,3180,39720,INR/Acre,CACP & ANGRAU Spices Cost Guidelines,2024-2025
red chili,Rabi,Himachal Pradesh,42008,4770,6890,18880,4000,4288,3180,42008,INR/Acre,CACP & ANGRAU Spices Cost Guidelines,2024-2025
red chili,Zaid,Uttar Pradesh,38472,5040,7280,14720,4200,3872,3360,38472,INR/Acre,CACP & ANGRAU Spices Cost Guidelines,2024-2025
red chili,Zaid,Madhya Pradesh,38472,5040,7280,14720,4200,3872,3360,38472,INR/Acre,CACP & ANGRAU Spices Cost Guidelines,2024-2025
red chili,Zaid,Punjab,44784,5040,7280,20000,4704,4400,3360,44784,INR/Acre,CACP & ANGRAU Spices Cost Guidelines,2024-2025
red chili,Zaid,Haryana,44256,5040,7280,19520,4704,4352,3360,44256,INR/Acre,CACP & ANGRAU Spices Cost Guidelines,2024-2025
red chili,Zaid,Rajasthan,40636,5040,7280,16000,4956,4000,3360,40636,INR/Acre,CACP & ANGRAU Spices Cost Guidelines,2024-2025
red chili,Zaid,Bihar,37348,5040,7280,14080,3780,3808,3360,37348,INR/Acre,CACP & ANGRAU Spices Cost Guidelines,2024-2025
red chili,Zaid,Gujarat,41566,5040,7280,16960,4830,4096,3360,41566,INR/Acre,CACP & ANGRAU Spices Cost Guidelines,2024-2025
red chili,Zaid,Maharashtra,41624,5040,7280,17280,4536,4128,3360,41624,INR/Acre,CACP & ANGRAU Spices Cost Guidelines,2024-2025
red chili,Zaid,West Bengal,39250,5040,7280,16000,3570,4000,3360,39250,INR/Acre,CACP & ANGRAU Spices Cost Guidelines,2024-2025
red chili,Zaid,Andhra Pradesh,41850,5040,7280,17600,4410,4160,3360,41850,INR/Acre,CACP & ANGRAU Spices Cost Guidelines,2024-2025
red chili,Zaid,Telangana,41850,5040,7280,17600,4410,4160,3360,41850,INR/Acre,CACP & ANGRAU Spices Cost Guidelines,2024-2025
red chili,Zaid,Karnataka,41850,5040,7280,17600,4410,4160,3360,41850,INR/Acre,CACP & ANGRAU Spices Cost Guidelines,2024-2025
red chili,Zaid,Tamil Nadu,42412,5040,7280,17920,4620,4192,3360,42412,INR/Acre,CACP & ANGRAU Spices Cost Guidelines,2024-2025
red chili,Zaid,Odisha,37264,5040,7280,14080,3696,3808,3360,37264,INR/Acre,CACP & ANGRAU Spices Cost Guidelines,2024-2025
red chili,Zaid,Assam,38772,5040,7280,15680,3444,3968,3360,38772,INR/Acre,CACP & ANGRAU Spices Cost Guidelines,2024-2025
red chili,Zaid,Chhattisgarh,38120,5040,7280,14400,4200,3840,3360,38120,INR/Acre,CACP & ANGRAU Spices Cost Guidelines,2024-2025
red chili,Zaid,Jharkhand,37768,5040,7280,14080,4200,3808,3360,37768,INR/Acre,CACP & ANGRAU Spices Cost Guidelines,2024-2025
red chili,Zaid,Uttarakhand,40760,5040,7280,16800,4200,4080,3360,40760,INR/Acre,CACP & ANGRAU Spices Cost Guidelines,2024-2025
red chili,Zaid,Himachal Pradesh,43048,5040,7280,18880,4200,4288,3360,43048,INR/Acre,CACP & ANGRAU Spices Cost Guidelines,2024-2025
okra,Kharif,Uttar Pradesh,26078,2800,4800,10580,2800,3098,2000,26078,INR/Acre,State Horticulture Dept Cost Norms,2024-2025
okra,Kharif,Madhya Pradesh,26078,2800,4800,10580,2800,3098,2000,26078,INR/Acre,State Horticulture Dept Cost Norms,2024-2025
okra,Kharif,Punjab,30631,2800,4800,14375,3136,3520,2000,30631,INR/Acre,State Horticulture Dept Cost Norms,2024-2025
okra,Kharif,Haryana,30248,2800,4800,14030,3136,3482,2000,30248,INR/Acre,State Horticulture Dept Cost Norms,2024-2025
okra,Kharif,Rajasthan,27604,2800,4800,11500,3304,3200,2000,27604,INR/Acre,State Horticulture Dept Cost Norms,2024-2025
okra,Kharif,Bihar,25286,2800,4800,10120,2520,3046,2000,25286,INR/Acre,State Horticulture Dept Cost Norms,2024-2025
okra,Kharif,Gujarat,28287,2800,4800,12190,3220,3277,2000,28287,INR/Acre,State Horticulture Dept Cost Norms,2024-2025
okra,Kharif,Maharashtra,28346,2800,4800,12420,3024,3302,2000,28346,INR/Acre,State Horticulture Dept Cost Norms,2024-2025
okra,Kharif,West Bengal,26680,2800,4800,11500,2380,3200,2000,26680,INR/Acre,State Horticulture Dept Cost Norms,2024-2025
okra,Kharif,Andhra Pradesh,28518,2800,4800,12650,2940,3328,2000,28518,INR/Acre,State Horticulture Dept Cost Norms,2024-2025
okra,Kharif,Telangana,28518,2800,4800,12650,2940,3328,2000,28518,INR/Acre,State Horticulture Dept Cost Norms,2024-2025
okra,Kharif,Karnataka,28518,2800,4800,12650,2940,3328,2000,28518,INR/Acre,State Horticulture Dept Cost Norms,2024-2025
okra,Kharif,Tamil Nadu,28914,2800,4800,12880,3080,3354,2000,28914,INR/Acre,State Horticulture Dept Cost Norms,2024-2025
okra,Kharif,Odisha,25230,2800,4800,10120,2464,3046,2000,25230,INR/Acre,State Horticulture Dept Cost Norms,2024-2025
okra,Kharif,Assam,26340,2800,4800,11270,2296,3174,2000,26340,INR/Acre,State Horticulture Dept Cost Norms,2024-2025
okra,Kharif,Chhattisgarh,25822,2800,4800,10350,2800,3072,2000,25822,INR/Acre,State Horticulture Dept Cost Norms,2024-2025
okra,Kharif,Jharkhand,25566,2800,4800,10120,2800,3046,2000,25566,INR/Acre,State Horticulture Dept Cost Norms,2024-2025
okra,Kharif,Uttarakhand,27739,2800,4800,12075,2800,3264,2000,27739,INR/Acre,State Horticulture Dept Cost Norms,2024-2025
okra,Kharif,Himachal Pradesh,29400,2800,4800,13570,2800,3430,2000,29400,INR/Acre,State Horticulture Dept Cost Norms,2024-2025
okra,Rabi,Uttar Pradesh,26654,2968,5088,10580,2800,3098,2120,26654,INR/Acre,State Horticulture Dept Cost Norms,2024-2025
okra,Rabi,Madhya Pradesh,26654,2968,5088,10580,2800,3098,2120,26654,INR/Acre,State Horticulture Dept Cost Norms,2024-2025
okra,Rabi,Punjab,31207,2968,5088,14375,3136,3520,2120,31207,INR/Acre,State Horticulture Dept Cost Norms,2024-2025
okra,Rabi,Haryana,30824,2968,5088,14030,3136,3482,2120,30824,INR/Acre,State Horticulture Dept Cost Norms,2024-2025
okra,Rabi,Rajasthan,28180,2968,5088,11500,3304,3200,2120,28180,INR/Acre,State Horticulture Dept Cost Norms,2024-2025
okra,Rabi,Bihar,25862,2968,5088,10120,2520,3046,2120,25862,INR/Acre,State Horticulture Dept Cost Norms,2024-2025
okra,Rabi,Gujarat,28863,2968,5088,12190,3220,3277,2120,28863,INR/Acre,State Horticulture Dept Cost Norms,2024-2025
okra,Rabi,Maharashtra,28922,2968,5088,12420,3024,3302,2120,28922,INR/Acre,State Horticulture Dept Cost Norms,2024-2025
okra,Rabi,West Bengal,27256,2968,5088,11500,2380,3200,2120,27256,INR/Acre,State Horticulture Dept Cost Norms,2024-2025
okra,Rabi,Andhra Pradesh,29094,2968,5088,12650,2940,3328,2120,29094,INR/Acre,State Horticulture Dept Cost Norms,2024-2025
okra,Rabi,Telangana,29094,2968,5088,12650,2940,3328,2120,29094,INR/Acre,State Horticulture Dept Cost Norms,2024-2025
okra,Rabi,Karnataka,29094,2968,5088,12650,2940,3328,2120,29094,INR/Acre,State Horticulture Dept Cost Norms,2024-2025
okra,Rabi,Tamil Nadu,29490,2968,5088,12880,3080,3354,2120,29490,INR/Acre,State Horticulture Dept Cost Norms,2024-2025
okra,Rabi,Odisha,25806,2968,5088,10120,2464,3046,2120,25806,INR/Acre,State Horticulture Dept Cost Norms,2024-2025
okra,Rabi,Assam,26916,2968,5088,11270,2296,3174,2120,26916,INR/Acre,State Horticulture Dept Cost Norms,2024-2025
okra,Rabi,Chhattisgarh,26398,2968,5088,10350,2800,3072,2120,26398,INR/Acre,State Horticulture Dept Cost Norms,2024-2025
okra,Rabi,Jharkhand,26142,2968,5088,10120,2800,3046,2120,26142,INR/Acre,State Horticulture Dept Cost Norms,2024-2025
okra,Rabi,Uttarakhand,28315,2968,5088,12075,2800,3264,2120,28315,INR/Acre,State Horticulture Dept Cost Norms,2024-2025
okra,Rabi,Himachal Pradesh,29976,2968,5088,13570,2800,3430,2120,29976,INR/Acre,State Horticulture Dept Cost Norms,2024-2025
okra,Zaid,Uttar Pradesh,27370,3136,5376,10580,2940,3098,2240,27370,INR/Acre,State Horticulture Dept Cost Norms,2024-2025
okra,Zaid,Madhya Pradesh,27370,3136,5376,10580,2940,3098,2240,27370,INR/Acre,State Horticulture Dept Cost Norms,2024-2025
okra,Zaid,Punjab,31940,3136,5376,14375,3293,3520,2240,31940,INR/Acre,State Horticulture Dept Cost Norms,2024-2025
okra,Zaid,Haryana,31557,3136,5376,14030,3293,3482,2240,31557,INR/Acre,State Horticulture Dept Cost Norms,2024-2025
okra,Zaid,Rajasthan,28921,3136,5376,11500,3469,3200,2240,28921,INR/Acre,State Horticulture Dept Cost Norms,2024-2025
okra,Zaid,Bihar,26564,3136,5376,10120,2646,3046,2240,26564,INR/Acre,State Horticulture Dept Cost Norms,2024-2025
okra,Zaid,Gujarat,29600,3136,5376,12190,3381,3277,2240,29600,INR/Acre,State Horticulture Dept Cost Norms,2024-2025
okra,Zaid,Maharashtra,29649,3136,5376,12420,3175,3302,2240,29649,INR/Acre,State Horticulture Dept Cost Norms,2024-2025
okra,Zaid,West Bengal,27951,3136,5376,11500,2499,3200,2240,27951,INR/Acre,State Horticulture Dept Cost Norms,2024-2025
okra,Zaid,Andhra Pradesh,29817,3136,5376,12650,3087,3328,2240,29817,INR/Acre,State Horticulture Dept Cost Norms,2024-2025
okra,Zaid,Telangana,29817,3136,5376,12650,3087,3328,2240,29817,INR/Acre,State Horticulture Dept Cost Norms,2024-2025
okra,Zaid,Karnataka,29817,3136,5376,12650,3087,3328,2240,29817,INR/Acre,State Horticulture Dept Cost Norms,2024-2025
okra,Zaid,Tamil Nadu,30220,3136,5376,12880,3234,3354,2240,30220,INR/Acre,State Horticulture Dept Cost Norms,2024-2025
okra,Zaid,Odisha,26505,3136,5376,10120,2587,3046,2240,26505,INR/Acre,State Horticulture Dept Cost Norms,2024-2025
okra,Zaid,Assam,27607,3136,5376,11270,2411,3174,2240,27607,INR/Acre,State Horticulture Dept Cost Norms,2024-2025
okra,Zaid,Chhattisgarh,27114,3136,5376,10350,2940,3072,2240,27114,INR/Acre,State Horticulture Dept Cost Norms,2024-2025
okra,Zaid,Jharkhand,26858,3136,5376,10120,2940,3046,2240,26858,INR/Acre,State Horticulture Dept Cost Norms,2024-2025
okra,Zaid,Uttarakhand,29031,3136,5376,12075,2940,3264,2240,29031,INR/Acre,State Horticulture Dept Cost Norms,2024-2025
okra,Zaid,Himachal Pradesh,30692,3136,5376,13570,2940,3430,2240,30692,INR/Acre,State Horticulture Dept Cost Norms,2024-2025
drumstick pods,Kharif,Uttar Pradesh,22250,2500,4000,8740,2500,2710,1800,22250,INR/Acre,TNAU Horticulture Package of Practices,2024-2025
drumstick pods,Kharif,Madhya Pradesh,22250,2500,4000,8740,2500,2710,1800,22250,INR/Acre,TNAU Horticulture Package of Practices,2024-2025
drumstick pods,Kharif,Punjab,26055,2500,4000,11875,2800,3080,1800,26055,INR/Acre,TNAU Horticulture Package of Practices,2024-2025
drumstick pods,Kharif,Haryana,25736,2500,4000,11590,2800,3046,1800,25736,INR/Acre,TNAU Horticulture Package of Practices,2024-2025
drumstick pods,Kharif,Rajasthan,23550,2500,4000,9500,2950,2800,1800,23550,INR/Acre,TNAU Horticulture Package of Practices,2024-2025
drumstick pods,Kharif,Bihar,21576,2500,4000,8360,2250,2666,1800,21576,INR/Acre,TNAU Horticulture Package of Practices,2024-2025
drumstick pods,Kharif,Gujarat,24112,2500,4000,10070,2875,2867,1800,24112,INR/Acre,TNAU Horticulture Package of Practices,2024-2025
drumstick pods,Kharif,Maharashtra,24150,2500,4000,10260,2700,2890,1800,24150,INR/Acre,TNAU Horticulture Package of Practices,2024-2025
drumstick pods,Kharif,West Bengal,22725,2500,4000,9500,2125,2800,1800,22725,INR/Acre,TNAU Horticulture Package of Practices,2024-2025
drumstick pods,Kharif,Andhra Pradesh,24287,2500,4000,10450,2625,2912,1800,24287,INR/Acre,TNAU Horticulture Package of Practices,2024-2025
drumstick pods,Kharif,Telangana,24287,2500,4000,10450,2625,2912,1800,24287,INR/Acre,TNAU Horticulture Package of Practices,2024-2025
drumstick pods,Kharif,Karnataka,24287,2500,4000,10450,2625,2912,1800,24287,INR/Acre,TNAU Horticulture Package of Practices,2024-2025
drumstick pods,Kharif,Tamil Nadu,24624,2500,4000,10640,2750,2934,1800,24624,INR/Acre,TNAU Horticulture Package of Practices,2024-2025
drumstick pods,Kharif,Odisha,21526,2500,4000,8360,2200,2666,1800,21526,INR/Acre,TNAU Horticulture Package of Practices,2024-2025
drumstick pods,Kharif,Assam,22438,2500,4000,9310,2050,2778,1800,22438,INR/Acre,TNAU Horticulture Package of Practices,2024-2025
drumstick pods,Kharif,Chhattisgarh,22038,2500,4000,8550,2500,2688,1800,22038,INR/Acre,TNAU Horticulture Package of Practices,2024-2025
drumstick pods,Kharif,Jharkhand,21826,2500,4000,8360,2500,2666,1800,21826,INR/Acre,TNAU Horticulture Package of Practices,2024-2025
drumstick pods,Kharif,Uttarakhand,23631,2500,4000,9975,2500,2856,1800,23631,INR/Acre,TNAU Horticulture Package of Practices,2024-2025
drumstick pods,Kharif,Himachal Pradesh,25012,2500,4000,11210,2500,3002,1800,25012,INR/Acre,TNAU Horticulture Package of Practices,2024-2025
drumstick pods,Rabi,Uttar Pradesh,22748,2650,4240,8740,2500,2710,1908,22748,INR/Acre,TNAU Horticulture Package of Practices,2024-2025
drumstick pods,Rabi,Madhya Pradesh,22748,2650,4240,8740,2500,2710,1908,22748,INR/Acre,TNAU Horticulture Package of Practices,2024-2025
drumstick pods,Rabi,Punjab,26553,2650,4240,11875,2800,3080,1908,26553,INR/Acre,TNAU Horticulture Package of Practices,2024-2025
drumstick pods,Rabi,Haryana,26234,2650,4240,11590,2800,3046,1908,26234,INR/Acre,TNAU Horticulture Package of Practices,2024-2025
drumstick pods,Rabi,Rajasthan,24048,2650,4240,9500,2950,2800,1908,24048,INR/Acre,TNAU Horticulture Package of Practices,2024-2025
drumstick pods,Rabi,Bihar,22074,2650,4240,8360,2250,2666,1908,22074,INR/Acre,TNAU Horticulture Package of Practices,2024-2025
drumstick pods,Rabi,Gujarat,24610,2650,4240,10070,2875,2867,1908,24610,INR/Acre,TNAU Horticulture Package of Practices,2024-2025
drumstick pods,Rabi,Maharashtra,24648,2650,4240,10260,2700,2890,1908,24648,INR/Acre,TNAU Horticulture Package of Practices,2024-2025
drumstick pods,Rabi,West Bengal,23223,2650,4240,9500,2125,2800,1908,23223,INR/Acre,TNAU Horticulture Package of Practices,2024-2025
drumstick pods,Rabi,Andhra Pradesh,24785,2650,4240,10450,2625,2912,1908,24785,INR/Acre,TNAU Horticulture Package of Practices,2024-2025
drumstick pods,Rabi,Telangana,24785,2650,4240,10450,2625,2912,1908,24785,INR/Acre,TNAU Horticulture Package of Practices,2024-2025
drumstick pods,Rabi,Karnataka,24785,2650,4240,10450,2625,2912,1908,24785,INR/Acre,TNAU Horticulture Package of Practices,2024-2025
drumstick pods,Rabi,Tamil Nadu,25122,2650,4240,10640,2750,2934,1908,25122,INR/Acre,TNAU Horticulture Package of Practices,2024-2025
drumstick pods,Rabi,Odisha,22024,2650,4240,8360,2200,2666,1908,22024,INR/Acre,TNAU Horticulture Package of Practices,2024-2025
drumstick pods,Rabi,Assam,22936,2650,4240,9310,2050,2778,1908,22936,INR/Acre,TNAU Horticulture Package of Practices,2024-2025
drumstick pods,Rabi,Chhattisgarh,22536,2650,4240,8550,2500,2688,1908,22536,INR/Acre,TNAU Horticulture Package of Practices,2024-2025
drumstick pods,Rabi,Jharkhand,22324,2650,4240,8360,2500,2666,1908,22324,INR/Acre,TNAU Horticulture Package of Practices,2024-2025
drumstick pods,Rabi,Uttarakhand,24129,2650,4240,9975,2500,2856,1908,24129,INR/Acre,TNAU Horticulture Package of Practices,2024-2025
drumstick pods,Rabi,Himachal Pradesh,25510,2650,4240,11210,2500,3002,1908,25510,INR/Acre,TNAU Horticulture Package of Practices,2024-2025
drumstick pods,Zaid,Uttar Pradesh,23371,2800,4480,8740,2625,2710,2016,23371,INR/Acre,TNAU Horticulture Package of Practices,2024-2025
drumstick pods,Zaid,Madhya Pradesh,23371,2800,4480,8740,2625,2710,2016,23371,INR/Acre,TNAU Horticulture Package of Practices,2024-2025
drumstick pods,Zaid,Punjab,27191,2800,4480,11875,2940,3080,2016,27191,INR/Acre,TNAU Horticulture Package of Practices,2024-2025
drumstick pods,Zaid,Haryana,26872,2800,4480,11590,2940,3046,2016,26872,INR/Acre,TNAU Horticulture Package of Practices,2024-2025
drumstick pods,Zaid,Rajasthan,24694,2800,4480,9500,3098,2800,2016,24694,INR/Acre,TNAU Horticulture Package of Practices,2024-2025
drumstick pods,Zaid,Bihar,22684,2800,4480,8360,2362,2666,2016,22684,INR/Acre,TNAU Horticulture Package of Practices,2024-2025
drumstick pods,Zaid,Gujarat,25252,2800,4480,10070,3019,2867,2016,25252,INR/Acre,TNAU Horticulture Package of Practices,2024-2025
drumstick pods,Zaid,Maharashtra,25281,2800,4480,10260,2835,2890,2016,25281,INR/Acre,TNAU Horticulture Package of Practices,2024-2025
drumstick pods,Zaid,West Bengal,23827,2800,4480,9500,2231,2800,2016,23827,INR/Acre,TNAU Horticulture Package of Practices,2024-2025
drumstick pods,Zaid,Andhra Pradesh,25414,2800,4480,10450,2756,2912,2016,25414,INR/Acre,TNAU Horticulture Package of Practices,2024-2025
drumstick pods,Zaid,Telangana,25414,2800,4480,10450,2756,2912,2016,25414,INR/Acre,TNAU Horticulture Package of Practices,2024-2025
drumstick pods,Zaid,Karnataka,25414,2800,4480,10450,2756,2912,2016,25414,INR/Acre,TNAU Horticulture Package of Practices,2024-2025
drumstick pods,Zaid,Tamil Nadu,25758,2800,4480,10640,2888,2934,2016,25758,INR/Acre,TNAU Horticulture Package of Practices,2024-2025
drumstick pods,Zaid,Odisha,22632,2800,4480,8360,2310,2666,2016,22632,INR/Acre,TNAU Horticulture Package of Practices,2024-2025
drumstick pods,Zaid,Assam,23536,2800,4480,9310,2152,2778,2016,23536,INR/Acre,TNAU Horticulture Package of Practices,2024-2025
drumstick pods,Zaid,Chhattisgarh,23159,2800,4480,8550,2625,2688,2016,23159,INR/Acre,TNAU Horticulture Package of Practices,2024-2025
drumstick pods,Zaid,Jharkhand,22947,2800,4480,8360,2625,2666,2016,22947,INR/Acre,TNAU Horticulture Package of Practices,2024-2025
drumstick pods,Zaid,Uttarakhand,24752,2800,4480,9975,2625,2856,2016,24752,INR/Acre,TNAU Horticulture Package of Practices,2024-2025
drumstick pods,Zaid,Himachal Pradesh,26133,2800,4480,11210,2625,3002,2016,26133,INR/Acre,TNAU Horticulture Package of Practices,2024-2025
baby corn,Kharif,Uttar Pradesh,22918,3200,4500,7820,2500,3098,1800,22918,INR/Acre,ICAR-IIMR Maize & Baby Corn Guidelines,2024-2025
baby corn,Kharif,Madhya Pradesh,22918,3200,4500,7820,2500,3098,1800,22918,INR/Acre,ICAR-IIMR Maize & Baby Corn Guidelines,2024-2025
baby corn,Kharif,Punjab,26445,3200,4500,10625,2800,3520,1800,26445,INR/Acre,ICAR-IIMR Maize & Baby Corn Guidelines,2024-2025
baby corn,Kharif,Haryana,26152,3200,4500,10370,2800,3482,1800,26152,INR/Acre,ICAR-IIMR Maize & Baby Corn Guidelines,2024-2025
baby corn,Kharif,Rajasthan,24150,3200,4500,8500,2950,3200,1800,24150,INR/Acre,ICAR-IIMR Maize & Baby Corn Guidelines,2024-2025
baby corn,Kharif,Bihar,22276,3200,4500,7480,2250,3046,1800,22276,INR/Acre,ICAR-IIMR Maize & Baby Corn Guidelines,2024-2025
baby corn,Kharif,Gujarat,24662,3200,4500,9010,2875,3277,1800,24662,INR/Acre,ICAR-IIMR Maize & Baby Corn Guidelines,2024-2025
baby corn,Kharif,Maharashtra,24682,3200,4500,9180,2700,3302,1800,24682,INR/Acre,ICAR-IIMR Maize & Baby Corn Guidelines,2024-2025
baby corn,Kharif,West Bengal,23325,3200,4500,8500,2125,3200,1800,23325,INR/Acre,ICAR-IIMR Maize & Baby Corn Guidelines,2024-2025
baby corn,Kharif,Andhra Pradesh,24803,3200,4500,9350,2625,3328,1800,24803,INR/Acre,ICAR-IIMR Maize & Baby Corn Guidelines,2024-2025
baby corn,Kharif,Telangana,24803,3200,4500,9350,2625,3328,1800,24803,INR/Acre,ICAR-IIMR Maize & Baby Corn Guidelines,2024-2025
baby corn,Kharif,Karnataka,24803,3200,4500,9350,2625,3328,1800,24803,INR/Acre,ICAR-IIMR Maize & Baby Corn Guidelines,2024-2025
baby corn,Kharif,Tamil Nadu,25124,3200,4500,9520,2750,3354,1800,25124,INR/Acre,ICAR-IIMR Maize & Baby Corn Guidelines,2024-2025
baby corn,Kharif,Odisha,22226,3200,4500,7480,2200,3046,1800,22226,INR/Acre,ICAR-IIMR Maize & Baby Corn Guidelines,2024-2025
baby corn,Kharif,Assam,23054,3200,4500,8330,2050,3174,1800,23054,INR/Acre,ICAR-IIMR Maize & Baby Corn Guidelines,2024-2025
baby corn,Kharif,Chhattisgarh,22722,3200,4500,7650,2500,3072,1800,22722,INR/Acre,ICAR-IIMR Maize & Baby Corn Guidelines,2024-2025
baby corn,Kharif,Jharkhand,22526,3200,4500,7480,2500,3046,1800,22526,INR/Acre,ICAR-IIMR Maize & Baby Corn Guidelines,2024-2025
baby corn,Kharif,Uttarakhand,24189,3200,4500,8925,2500,3264,1800,24189,INR/Acre,ICAR-IIMR Maize & Baby Corn Guidelines,2024-2025
baby corn,Kharif,Himachal Pradesh,25460,3200,4500,10030,2500,3430,1800,25460,INR/Acre,ICAR-IIMR Maize & Baby Corn Guidelines,2024-2025
baby corn,Rabi,Uttar Pradesh,23488,3392,4770,7820,2500,3098,1908,23488,INR/Acre,ICAR-IIMR Maize & Baby Corn Guidelines,2024-2025
baby corn,Rabi,Madhya Pradesh,23488,3392,4770,7820,2500,3098,1908,23488,INR/Acre,ICAR-IIMR Maize & Baby Corn Guidelines,2024-2025
baby corn,Rabi,Punjab,27015,3392,4770,10625,2800,3520,1908,27015,INR/Acre,ICAR-IIMR Maize & Baby Corn Guidelines,2024-2025
baby corn,Rabi,Haryana,26722,3392,4770,10370,2800,3482,1908,26722,INR/Acre,ICAR-IIMR Maize & Baby Corn Guidelines,2024-2025
baby corn,Rabi,Rajasthan,24720,3392,4770,8500,2950,3200,1908,24720,INR/Acre,ICAR-IIMR Maize & Baby Corn Guidelines,2024-2025
baby corn,Rabi,Bihar,22846,3392,4770,7480,2250,3046,1908,22846,INR/Acre,ICAR-IIMR Maize & Baby Corn Guidelines,2024-2025
baby corn,Rabi,Gujarat,25232,3392,4770,9010,2875,3277,1908,25232,INR/Acre,ICAR-IIMR Maize & Baby Corn Guidelines,2024-2025
baby corn,Rabi,Maharashtra,25252,3392,4770,9180,2700,3302,1908,25252,INR/Acre,ICAR-IIMR Maize & Baby Corn Guidelines,2024-2025
baby corn,Rabi,West Bengal,23895,3392,4770,8500,2125,3200,1908,23895,INR/Acre,ICAR-IIMR Maize & Baby Corn Guidelines,2024-2025
baby corn,Rabi,Andhra Pradesh,25373,3392,4770,9350,2625,3328,1908,25373,INR/Acre,ICAR-IIMR Maize & Baby Corn Guidelines,2024-2025
baby corn,Rabi,Telangana,25373,3392,4770,9350,2625,3328,1908,25373,INR/Acre,ICAR-IIMR Maize & Baby Corn Guidelines,2024-2025
baby corn,Rabi,Karnataka,25373,3392,4770,9350,2625,3328,1908,25373,INR/Acre,ICAR-IIMR Maize & Baby Corn Guidelines,2024-2025
baby corn,Rabi,Tamil Nadu,25694,3392,4770,9520,2750,3354,1908,25694,INR/Acre,ICAR-IIMR Maize & Baby Corn Guidelines,2024-2025
baby corn,Rabi,Odisha,22796,3392,4770,7480,2200,3046,1908,22796,INR/Acre,ICAR-IIMR Maize & Baby Corn Guidelines,2024-2025
baby corn,Rabi,Assam,23624,3392,4770,8330,2050,3174,1908,23624,INR/Acre,ICAR-IIMR Maize & Baby Corn Guidelines,2024-2025
baby corn,Rabi,Chhattisgarh,23292,3392,4770,7650,2500,3072,1908,23292,INR/Acre,ICAR-IIMR Maize & Baby Corn Guidelines,2024-2025
baby corn,Rabi,Jharkhand,23096,3392,4770,7480,2500,3046,1908,23096,INR/Acre,ICAR-IIMR Maize & Baby Corn Guidelines,2024-2025
baby corn,Rabi,Uttarakhand,24759,3392,4770,8925,2500,3264,1908,24759,INR/Acre,ICAR-IIMR Maize & Baby Corn Guidelines,2024-2025
baby corn,Rabi,Himachal Pradesh,26030,3392,4770,10030,2500,3430,1908,26030,INR/Acre,ICAR-IIMR Maize & Baby Corn Guidelines,2024-2025
baby corn,Zaid,Uttar Pradesh,24183,3584,5040,7820,2625,3098,2016,24183,INR/Acre,ICAR-IIMR Maize & Baby Corn Guidelines,2024-2025
baby corn,Zaid,Madhya Pradesh,24183,3584,5040,7820,2625,3098,2016,24183,INR/Acre,ICAR-IIMR Maize & Baby Corn Guidelines,2024-2025
baby corn,Zaid,Punjab,27725,3584,5040,10625,2940,3520,2016,27725,INR/Acre,ICAR-IIMR Maize & Baby Corn Guidelines,2024-2025
baby corn,Zaid,Haryana,27432,3584,5040,10370,2940,3482,2016,27432,INR/Acre,ICAR-IIMR Maize & Baby Corn Guidelines,2024-2025
baby corn,Zaid,Rajasthan,25438,3584,5040,8500,3098,3200,2016,25438,INR/Acre,ICAR-IIMR Maize & Baby Corn Guidelines,2024-2025
baby corn,Zaid,Bihar,23528,3584,5040,7480,2362,3046,2016,23528,INR/Acre,ICAR-IIMR Maize & Baby Corn Guidelines,2024-2025
baby corn,Zaid,Gujarat,25946,3584,5040,9010,3019,3277,2016,25946,INR/Acre,ICAR-IIMR Maize & Baby Corn Guidelines,2024-2025
baby corn,Zaid,Maharashtra,25957,3584,5040,9180,2835,3302,2016,25957,INR/Acre,ICAR-IIMR Maize & Baby Corn Guidelines,2024-2025
baby corn,Zaid,West Bengal,24571,3584,5040,8500,2231,3200,2016,24571,INR/Acre,ICAR-IIMR Maize & Baby Corn Guidelines,2024-2025
baby corn,Zaid,Andhra Pradesh,26074,3584,5040,9350,2756,3328,2016,26074,INR/Acre,ICAR-IIMR Maize & Baby Corn Guidelines,2024-2025
baby corn,Zaid,Telangana,26074,3584,5040,9350,2756,3328,2016,26074,INR/Acre,ICAR-IIMR Maize & Baby Corn Guidelines,2024-2025
baby corn,Zaid,Karnataka,26074,3584,5040,9350,2756,3328,2016,26074,INR/Acre,ICAR-IIMR Maize & Baby Corn Guidelines,2024-2025
baby corn,Zaid,Tamil Nadu,26402,3584,5040,9520,2888,3354,2016,26402,INR/Acre,ICAR-IIMR Maize & Baby Corn Guidelines,2024-2025
baby corn,Zaid,Odisha,23476,3584,5040,7480,2310,3046,2016,23476,INR/Acre,ICAR-IIMR Maize & Baby Corn Guidelines,2024-2025
baby corn,Zaid,Assam,24296,3584,5040,8330,2152,3174,2016,24296,INR/Acre,ICAR-IIMR Maize & Baby Corn Guidelines,2024-2025
baby corn,Zaid,Chhattisgarh,23987,3584,5040,7650,2625,3072,2016,23987,INR/Acre,ICAR-IIMR Maize & Baby Corn Guidelines,2024-2025
baby corn,Zaid,Jharkhand,23791,3584,5040,7480,2625,3046,2016,23791,INR/Acre,ICAR-IIMR Maize & Baby Corn Guidelines,2024-2025
baby corn,Zaid,Uttarakhand,25454,3584,5040,8925,2625,3264,2016,25454,INR/Acre,ICAR-IIMR Maize & Baby Corn Guidelines,2024-2025
baby corn,Zaid,Himachal Pradesh,26725,3584,5040,10030,2625,3430,2016,26725,INR/Acre,ICAR-IIMR Maize & Baby Corn Guidelines,2024-2025
sweet corn,Kharif,Uttar Pradesh,24090,3500,4800,8096,2600,3194,1900,24090,INR/Acre,ICAR-IIMR Maize Guidelines,2024-2025
sweet corn,Kharif,Madhya Pradesh,24090,3500,4800,8096,2600,3194,1900,24090,INR/Acre,ICAR-IIMR Maize Guidelines,2024-2025
sweet corn,Kharif,Punjab,27742,3500,4800,11000,2912,3630,1900,27742,INR/Acre,ICAR-IIMR Maize Guidelines,2024-2025
sweet corn,Kharif,Haryana,27438,3500,4800,10736,2912,3590,1900,27438,INR/Acre,ICAR-IIMR Maize Guidelines,2024-2025
sweet corn,Kharif,Rajasthan,25368,3500,4800,8800,3068,3300,1900,25368,INR/Acre,ICAR-IIMR Maize Guidelines,2024-2025
sweet corn,Kharif,Bihar,23426,3500,4800,7744,2340,3142,1900,23426,INR/Acre,ICAR-IIMR Maize Guidelines,2024-2025
sweet corn,Kharif,Gujarat,25897,3500,4800,9328,2990,3379,1900,25897,INR/Acre,ICAR-IIMR Maize Guidelines,2024-2025
sweet corn,Kharif,Maharashtra,25918,3500,4800,9504,2808,3406,1900,25918,INR/Acre,ICAR-IIMR Maize Guidelines,2024-2025
sweet corn,Kharif,West Bengal,24510,3500,4800,8800,2210,3300,1900,24510,INR/Acre,ICAR-IIMR Maize Guidelines,2024-2025
sweet corn,Kharif,Andhra Pradesh,26042,3500,4800,9680,2730,3432,1900,26042,INR/Acre,ICAR-IIMR Maize Guidelines,2024-2025
sweet corn,Kharif,Telangana,26042,3500,4800,9680,2730,3432,1900,26042,INR/Acre,ICAR-IIMR Maize Guidelines,2024-2025
sweet corn,Kharif,Karnataka,26042,3500,4800,9680,2730,3432,1900,26042,INR/Acre,ICAR-IIMR Maize Guidelines,2024-2025
sweet corn,Kharif,Tamil Nadu,26374,3500,4800,9856,2860,3458,1900,26374,INR/Acre,ICAR-IIMR Maize Guidelines,2024-2025
sweet corn,Kharif,Odisha,23374,3500,4800,7744,2288,3142,1900,23374,INR/Acre,ICAR-IIMR Maize Guidelines,2024-2025
sweet corn,Kharif,Assam,24230,3500,4800,8624,2132,3274,1900,24230,INR/Acre,ICAR-IIMR Maize Guidelines,2024-2025
sweet corn,Kharif,Chhattisgarh,23888,3500,4800,7920,2600,3168,1900,23888,INR/Acre,ICAR-IIMR Maize Guidelines,2024-2025
sweet corn,Kharif,Jharkhand,23686,3500,4800,7744,2600,3142,1900,23686,INR/Acre,ICAR-IIMR Maize Guidelines,2024-2025
sweet corn,Kharif,Uttarakhand,25406,3500,4800,9240,2600,3366,1900,25406,INR/Acre,ICAR-IIMR Maize Guidelines,2024-2025
sweet corn,Kharif,Himachal Pradesh,26722,3500,4800,10384,2600,3538,1900,26722,INR/Acre,ICAR-IIMR Maize Guidelines,2024-2025
sweet corn,Rabi,Uttar Pradesh,24702,3710,5088,8096,2600,3194,2014,24702,INR/Acre,ICAR-IIMR Maize Guidelines,2024-2025
sweet corn,Rabi,Madhya Pradesh,24702,3710,5088,8096,2600,3194,2014,24702,INR/Acre,ICAR-IIMR Maize Guidelines,2024-2025
sweet corn,Rabi,Punjab,28354,3710,5088,11000,2912,3630,2014,28354,INR/Acre,ICAR-IIMR Maize Guidelines,2024-2025
sweet corn,Rabi,Haryana,28050,3710,5088,10736,2912,3590,2014,28050,INR/Acre,ICAR-IIMR Maize Guidelines,2024-2025
sweet corn,Rabi,Rajasthan,25980,3710,5088,8800,3068,3300,2014,25980,INR/Acre,ICAR-IIMR Maize Guidelines,2024-2025
sweet corn,Rabi,Bihar,24038,3710,5088,7744,2340,3142,2014,24038,INR/Acre,ICAR-IIMR Maize Guidelines,2024-2025
sweet corn,Rabi,Gujarat,26509,3710,5088,9328,2990,3379,2014,26509,INR/Acre,ICAR-IIMR Maize Guidelines,2024-2025
sweet corn,Rabi,Maharashtra,26530,3710,5088,9504,2808,3406,2014,26530,INR/Acre,ICAR-IIMR Maize Guidelines,2024-2025
sweet corn,Rabi,West Bengal,25122,3710,5088,8800,2210,3300,2014,25122,INR/Acre,ICAR-IIMR Maize Guidelines,2024-2025
sweet corn,Rabi,Andhra Pradesh,26654,3710,5088,9680,2730,3432,2014,26654,INR/Acre,ICAR-IIMR Maize Guidelines,2024-2025
sweet corn,Rabi,Telangana,26654,3710,5088,9680,2730,3432,2014,26654,INR/Acre,ICAR-IIMR Maize Guidelines,2024-2025
sweet corn,Rabi,Karnataka,26654,3710,5088,9680,2730,3432,2014,26654,INR/Acre,ICAR-IIMR Maize Guidelines,2024-2025
sweet corn,Rabi,Tamil Nadu,26986,3710,5088,9856,2860,3458,2014,26986,INR/Acre,ICAR-IIMR Maize Guidelines,2024-2025
sweet corn,Rabi,Odisha,23986,3710,5088,7744,2288,3142,2014,23986,INR/Acre,ICAR-IIMR Maize Guidelines,2024-2025
sweet corn,Rabi,Assam,24842,3710,5088,8624,2132,3274,2014,24842,INR/Acre,ICAR-IIMR Maize Guidelines,2024-2025
sweet corn,Rabi,Chhattisgarh,24500,3710,5088,7920,2600,3168,2014,24500,INR/Acre,ICAR-IIMR Maize Guidelines,2024-2025
sweet corn,Rabi,Jharkhand,24298,3710,5088,7744,2600,3142,2014,24298,INR/Acre,ICAR-IIMR Maize Guidelines,2024-2025
sweet corn,Rabi,Uttarakhand,26018,3710,5088,9240,2600,3366,2014,26018,INR/Acre,ICAR-IIMR Maize Guidelines,2024-2025
sweet corn,Rabi,Himachal Pradesh,27334,3710,5088,10384,2600,3538,2014,27334,INR/Acre,ICAR-IIMR Maize Guidelines,2024-2025
sweet corn,Zaid,Uttar Pradesh,25444,3920,5376,8096,2730,3194,2128,25444,INR/Acre,ICAR-IIMR Maize Guidelines,2024-2025
sweet corn,Zaid,Madhya Pradesh,25444,3920,5376,8096,2730,3194,2128,25444,INR/Acre,ICAR-IIMR Maize Guidelines,2024-2025
sweet corn,Zaid,Punjab,29112,3920,5376,11000,3058,3630,2128,29112,INR/Acre,ICAR-IIMR Maize Guidelines,2024-2025
sweet corn,Zaid,Haryana,28808,3920,5376,10736,3058,3590,2128,28808,INR/Acre,ICAR-IIMR Maize Guidelines,2024-2025
sweet corn,Zaid,Rajasthan,26745,3920,5376,8800,3221,3300,2128,26745,INR/Acre,ICAR-IIMR Maize Guidelines,2024-2025
sweet corn,Zaid,Bihar,24767,3920,5376,7744,2457,3142,2128,24767,INR/Acre,ICAR-IIMR Maize Guidelines,2024-2025
sweet corn,Zaid,Gujarat,27270,3920,5376,9328,3139,3379,2128,27270,INR/Acre,ICAR-IIMR Maize Guidelines,2024-2025
sweet corn,Zaid,Maharashtra,27282,3920,5376,9504,2948,3406,2128,27282,INR/Acre,ICAR-IIMR Maize Guidelines,2024-2025
sweet corn,Zaid,West Bengal,25844,3920,5376,8800,2320,3300,2128,25844,INR/Acre,ICAR-IIMR Maize Guidelines,2024-2025
sweet corn,Zaid,Andhra Pradesh,27402,3920,5376,9680,2866,3432,2128,27402,INR/Acre,ICAR-IIMR Maize Guidelines,2024-2025
sweet corn,Zaid,Telangana,27402,3920,5376,9680,2866,3432,2128,27402,INR/Acre,ICAR-IIMR Maize Guidelines,2024-2025
sweet corn,Zaid,Karnataka,27402,3920,5376,9680,2866,3432,2128,27402,INR/Acre,ICAR-IIMR Maize Guidelines,2024-2025
sweet corn,Zaid,Tamil Nadu,27741,3920,5376,9856,3003,3458,2128,27741,INR/Acre,ICAR-IIMR Maize Guidelines,2024-2025
sweet corn,Zaid,Odisha,24712,3920,5376,7744,2402,3142,2128,24712,INR/Acre,ICAR-IIMR Maize Guidelines,2024-2025
sweet corn,Zaid,Assam,25561,3920,5376,8624,2239,3274,2128,25561,INR/Acre,ICAR-IIMR Maize Guidelines,2024-2025
sweet corn,Zaid,Chhattisgarh,25242,3920,5376,7920,2730,3168,2128,25242,INR/Acre,ICAR-IIMR Maize Guidelines,2024-2025
sweet corn,Zaid,Jharkhand,25040,3920,5376,7744,2730,3142,2128,25040,INR/Acre,ICAR-IIMR Maize Guidelines,2024-2025
sweet corn,Zaid,Uttarakhand,26760,3920,5376,9240,2730,3366,2128,26760,INR/Acre,ICAR-IIMR Maize Guidelines,2024-2025
sweet corn,Zaid,Himachal Pradesh,28076,3920,5376,10384,2730,3538,2128,28076,INR/Acre,ICAR-IIMR Maize Guidelines,2024-2025
mushroom,Kharif,Uttar Pradesh,34736,8500,4000,13800,2000,1936,4500,34736,INR/Acre,ICAR-DMR Solan Mushroom Cost Norms,2024-2025
mushroom,Kharif,Madhya Pradesh,34736,8500,4000,13800,2000,1936,4500,34736,INR/Acre,ICAR-DMR Solan Mushroom Cost Norms,2024-2025
mushroom,Kharif,Punjab,40190,8500,4000,18750,2240,2200,4500,40190,INR/Acre,ICAR-DMR Solan Mushroom Cost Norms,2024-2025
mushroom,Kharif,Haryana,39716,8500,4000,18300,2240,2176,4500,39716,INR/Acre,ICAR-DMR Solan Mushroom Cost Norms,2024-2025
mushroom,Kharif,Rajasthan,36360,8500,4000,15000,2360,2000,4500,36360,INR/Acre,ICAR-DMR Solan Mushroom Cost Norms,2024-2025
mushroom,Kharif,Bihar,33904,8500,4000,13200,1800,1904,4500,33904,INR/Acre,ICAR-DMR Solan Mushroom Cost Norms,2024-2025
mushroom,Kharif,Gujarat,37248,8500,4000,15900,2300,2048,4500,37248,INR/Acre,ICAR-DMR Solan Mushroom Cost Norms,2024-2025
mushroom,Kharif,Maharashtra,37424,8500,4000,16200,2160,2064,4500,37424,INR/Acre,ICAR-DMR Solan Mushroom Cost Norms,2024-2025
mushroom,Kharif,West Bengal,35700,8500,4000,15000,1700,2000,4500,35700,INR/Acre,ICAR-DMR Solan Mushroom Cost Norms,2024-2025
mushroom,Kharif,Andhra Pradesh,37680,8500,4000,16500,2100,2080,4500,37680,INR/Acre,ICAR-DMR Solan Mushroom Cost Norms,2024-2025
mushroom,Kharif,Telangana,37680,8500,4000,16500,2100,2080,4500,37680,INR/Acre,ICAR-DMR Solan Mushroom Cost Norms,2024-2025
mushroom,Kharif,Karnataka,37680,8500,4000,16500,2100,2080,4500,37680,INR/Acre,ICAR-DMR Solan Mushroom Cost Norms,2024-2025
mushroom,Kharif,Tamil Nadu,38096,8500,4000,16800,2200,2096,4500,38096,INR/Acre,ICAR-DMR Solan Mushroom Cost Norms,2024-2025
mushroom,Kharif,Odisha,33864,8500,4000,13200,1760,1904,4500,33864,INR/Acre,ICAR-DMR Solan Mushroom Cost Norms,2024-2025
mushroom,Kharif,Assam,35324,8500,4000,14700,1640,1984,4500,35324,INR/Acre,ICAR-DMR Solan Mushroom Cost Norms,2024-2025
mushroom,Kharif,Chhattisgarh,34420,8500,4000,13500,2000,1920,4500,34420,INR/Acre,ICAR-DMR Solan Mushroom Cost Norms,2024-2025
mushroom,Kharif,Jharkhand,34104,8500,4000,13200,2000,1904,4500,34104,INR/Acre,ICAR-DMR Solan Mushroom Cost Norms,2024-2025
mushroom,Kharif,Uttarakhand,36790,8500,4000,15750,2000,2040,4500,36790,INR/Acre,ICAR-DMR Solan Mushroom Cost Norms,2024-2025
mushroom,Kharif,Himachal Pradesh,38844,8500,4000,17700,2000,2144,4500,38844,INR/Acre,ICAR-DMR Solan Mushroom Cost Norms,2024-2025
mushroom,Rabi,Uttar Pradesh,35756,9010,4240,13800,2000,1936,4770,35756,INR/Acre,ICAR-DMR Solan Mushroom Cost Norms,2024-2025
mushroom,Rabi,Madhya Pradesh,35756,9010,4240,13800,2000,1936,4770,35756,INR/Acre,ICAR-DMR Solan Mushroom Cost Norms,2024-2025
mushroom,Rabi,Punjab,41210,9010,4240,18750,2240,2200,4770,41210,INR/Acre,ICAR-DMR Solan Mushroom Cost Norms,2024-2025
mushroom,Rabi,Haryana,40736,9010,4240,18300,2240,2176,4770,40736,INR/Acre,ICAR-DMR Solan Mushroom Cost Norms,2024-2025
mushroom,Rabi,Rajasthan,37380,9010,4240,15000,2360,2000,4770,37380,INR/Acre,ICAR-DMR Solan Mushroom Cost Norms,2024-2025
mushroom,Rabi,Bihar,34924,9010,4240,13200,1800,1904,4770,34924,INR/Acre,ICAR-DMR Solan Mushroom Cost Norms,2024-2025
mushroom,Rabi,Gujarat,38268,9010,4240,15900,2300,2048,4770,38268,INR/Acre,ICAR-DMR Solan Mushroom Cost Norms,2024-2025
mushroom,Rabi,Maharashtra,38444,9010,4240,16200,2160,2064,4770,38444,INR/Acre,ICAR-DMR Solan Mushroom Cost Norms,2024-2025
mushroom,Rabi,West Bengal,36720,9010,4240,15000,1700,2000,4770,36720,INR/Acre,ICAR-DMR Solan Mushroom Cost Norms,2024-2025
mushroom,Rabi,Andhra Pradesh,38700,9010,4240,16500,2100,2080,4770,38700,INR/Acre,ICAR-DMR Solan Mushroom Cost Norms,2024-2025
mushroom,Rabi,Telangana,38700,9010,4240,16500,2100,2080,4770,38700,INR/Acre,ICAR-DMR Solan Mushroom Cost Norms,2024-2025
mushroom,Rabi,Karnataka,38700,9010,4240,16500,2100,2080,4770,38700,INR/Acre,ICAR-DMR Solan Mushroom Cost Norms,2024-2025
mushroom,Rabi,Tamil Nadu,39116,9010,4240,16800,2200,2096,4770,39116,INR/Acre,ICAR-DMR Solan Mushroom Cost Norms,2024-2025
mushroom,Rabi,Odisha,34884,9010,4240,13200,1760,1904,4770,34884,INR/Acre,ICAR-DMR Solan Mushroom Cost Norms,2024-2025
mushroom,Rabi,Assam,36344,9010,4240,14700,1640,1984,4770,36344,INR/Acre,ICAR-DMR Solan Mushroom Cost Norms,2024-2025
mushroom,Rabi,Chhattisgarh,35440,9010,4240,13500,2000,1920,4770,35440,INR/Acre,ICAR-DMR Solan Mushroom Cost Norms,2024-2025
mushroom,Rabi,Jharkhand,35124,9010,4240,13200,2000,1904,4770,35124,INR/Acre,ICAR-DMR Solan Mushroom Cost Norms,2024-2025
mushroom,Rabi,Uttarakhand,37810,9010,4240,15750,2000,2040,4770,37810,INR/Acre,ICAR-DMR Solan Mushroom Cost Norms,2024-2025
mushroom,Rabi,Himachal Pradesh,39864,9010,4240,17700,2000,2144,4770,39864,INR/Acre,ICAR-DMR Solan Mushroom Cost Norms,2024-2025
mushroom,Zaid,Uttar Pradesh,36876,9520,4480,13800,2100,1936,5040,36876,INR/Acre,ICAR-DMR Solan Mushroom Cost Norms,2024-2025
mushroom,Zaid,Madhya Pradesh,36876,9520,4480,13800,2100,1936,5040,36876,INR/Acre,ICAR-DMR Solan Mushroom Cost Norms,2024-2025
mushroom,Zaid,Punjab,42342,9520,4480,18750,2352,2200,5040,42342,INR/Acre,ICAR-DMR Solan Mushroom Cost Norms,2024-2025
mushroom,Zaid,Haryana,41868,9520,4480,18300,2352,2176,5040,41868,INR/Acre,ICAR-DMR Solan Mushroom Cost Norms,2024-2025
mushroom,Zaid,Rajasthan,38518,9520,4480,15000,2478,2000,5040,38518,INR/Acre,ICAR-DMR Solan Mushroom Cost Norms,2024-2025
mushroom,Zaid,Bihar,36034,9520,4480,13200,1890,1904,5040,36034,INR/Acre,ICAR-DMR Solan Mushroom Cost Norms,2024-2025
mushroom,Zaid,Gujarat,39403,9520,4480,15900,2415,2048,5040,39403,INR/Acre,ICAR-DMR Solan Mushroom Cost Norms,2024-2025
mushroom,Zaid,Maharashtra,39572,9520,4480,16200,2268,2064,5040,39572,INR/Acre,ICAR-DMR Solan Mushroom Cost Norms,2024-2025
mushroom,Zaid,West Bengal,37825,9520,4480,15000,1785,2000,5040,37825,INR/Acre,ICAR-DMR Solan Mushroom Cost Norms,2024-2025
mushroom,Zaid,Andhra Pradesh,39825,9520,4480,16500,2205,2080,5040,39825,INR/Acre,ICAR-DMR Solan Mushroom Cost Norms,2024-2025
mushroom,Zaid,Telangana,39825,9520,4480,16500,2205,2080,5040,39825,INR/Acre,ICAR-DMR Solan Mushroom Cost Norms,2024-2025
mushroom,Zaid,Karnataka,39825,9520,4480,16500,2205,2080,5040,39825,INR/Acre,ICAR-DMR Solan Mushroom Cost Norms,2024-2025
mushroom,Zaid,Tamil Nadu,40246,9520,4480,16800,2310,2096,5040,40246,INR/Acre,ICAR-DMR Solan Mushroom Cost Norms,2024-2025
mushroom,Zaid,Odisha,35992,9520,4480,13200,1848,1904,5040,35992,INR/Acre,ICAR-DMR Solan Mushroom Cost Norms,2024-2025
mushroom,Zaid,Assam,37446,9520,4480,14700,1722,1984,5040,37446,INR/Acre,ICAR-DMR Solan Mushroom Cost Norms,2024-2025
mushroom,Zaid,Chhattisgarh,36560,9520,4480,13500,2100,1920,5040,36560,INR/Acre,ICAR-DMR Solan Mushroom Cost Norms,2024-2025
mushroom,Zaid,Jharkhand,36244,9520,4480,13200,2100,1904,5040,36244,INR/Acre,ICAR-DMR Solan Mushroom Cost Norms,2024-2025
mushroom,Zaid,Uttarakhand,38930,9520,4480,15750,2100,2040,5040,38930,INR/Acre,ICAR-DMR Solan Mushroom Cost Norms,2024-2025
mushroom,Zaid,Himachal Pradesh,40984,9520,4480,17700,2100,2144,5040,40984,INR/Acre,ICAR-DMR Solan Mushroom Cost Norms,2024-2025
red onion,Kharif,Maharashtra,35528,4500,5500,15120,3780,4128,2500,35528,INR/Acre,CACP & DOGR Benchmark,2024-2025
red onion,Kharif,Karnataka,35735,4500,5500,15400,3675,4160,2500,35735,INR/Acre,CACP & DOGR Benchmark,2024-2025
red onion,Kharif,Gujarat,35461,4500,5500,14840,4025,4096,2500,35461,INR/Acre,CACP & DOGR Benchmark,2024-2025
red onion,Kharif,Madhya Pradesh,32752,4500,5500,12880,3500,3872,2500,32752,INR/Acre,CACP & DOGR Benchmark,2024-2025
red onion,Kharif,Rajasthan,34630,4500,5500,14000,4130,4000,2500,34630,INR/Acre,CACP & DOGR Benchmark,2024-2025
red onion,Rabi,Maharashtra,36278,4770,5830,15120,3780,4128,2650,36278,INR/Acre,CACP & DOGR Benchmark,2024-2025
red onion,Rabi,Karnataka,36485,4770,5830,15400,3675,4160,2650,36485,INR/Acre,CACP & DOGR Benchmark,2024-2025
red onion,Rabi,Gujarat,36211,4770,5830,14840,4025,4096,2650,36211,INR/Acre,CACP & DOGR Benchmark,2024-2025
red onion,Rabi,Madhya Pradesh,33502,4770,5830,12880,3500,3872,2650,33502,INR/Acre,CACP & DOGR Benchmark,2024-2025
red onion,Rabi,Rajasthan,35380,4770,5830,14000,4130,4000,2650,35380,INR/Acre,CACP & DOGR Benchmark,2024-2025
red onion,Rabi,Uttar Pradesh,33502,4770,5830,12880,3500,3872,2650,33502,INR/Acre,CACP & DOGR Benchmark,2024-2025
red onion,Rabi,Bihar,32528,4770,5830,12320,3150,3808,2650,32528,INR/Acre,CACP & DOGR Benchmark,2024-2025
red onion,Rabi,Tamil Nadu,36972,4770,5830,15680,3850,4192,2650,36972,INR/Acre,CACP & DOGR Benchmark,2024-2025
red onion,Rabi,Haryana,38602,4770,5830,17080,3920,4352,2650,38602,INR/Acre,CACP & DOGR Benchmark,2024-2025
red onion,Rabi,Punjab,39070,4770,5830,17500,3920,4400,2650,39070,INR/Acre,CACP & DOGR Benchmark,2024-2025
red onion,Zaid,Maharashtra,37217,5040,6160,15120,3969,4128,2800,37217,INR/Acre,CACP & DOGR Benchmark,2024-2025
red onion,Zaid,Karnataka,37419,5040,6160,15400,3859,4160,2800,37419,INR/Acre,CACP & DOGR Benchmark,2024-2025
red onion,Zaid,Gujarat,37162,5040,6160,14840,4226,4096,2800,37162,INR/Acre,CACP & DOGR Benchmark,2024-2025
red onion,Zaid,Tamil Nadu,37915,5040,6160,15680,4043,4192,2800,37915,INR/Acre,CACP & DOGR Benchmark,2024-2025
red onion,Zaid,Andhra Pradesh,37419,5040,6160,15400,3859,4160,2800,37419,INR/Acre,CACP & DOGR Benchmark,2024-2025
white onion,Kharif,Maharashtra,36979,4800,5800,15660,3888,4231,2600,36979,INR/Acre,CACP & DOGR Benchmark,2024-2025
white onion,Kharif,Karnataka,37194,4800,5800,15950,3780,4264,2600,37194,INR/Acre,CACP & DOGR Benchmark,2024-2025
white onion,Kharif,Gujarat,36908,4800,5800,15370,4140,4198,2600,36908,INR/Acre,CACP & DOGR Benchmark,2024-2025
white onion,Kharif,Madhya Pradesh,34109,4800,5800,13340,3600,3969,2600,34109,INR/Acre,CACP & DOGR Benchmark,2024-2025
white onion,Kharif,Rajasthan,36048,4800,5800,14500,4248,4100,2600,36048,INR/Acre,CACP & DOGR Benchmark,2024-2025
white onion,Rabi,Maharashtra,37771,5088,6148,15660,3888,4231,2756,37771,INR/Acre,CACP & DOGR Benchmark,2024-2025
white onion,Rabi,Karnataka,37986,5088,6148,15950,3780,4264,2756,37986,INR/Acre,CACP & DOGR Benchmark,2024-2025
white onion,Rabi,Gujarat,37700,5088,6148,15370,4140,4198,2756,37700,INR/Acre,CACP & DOGR Benchmark,2024-2025
white onion,Rabi,Madhya Pradesh,34901,5088,6148,13340,3600,3969,2756,34901,INR/Acre,CACP & DOGR Benchmark,2024-2025
white onion,Rabi,Rajasthan,36840,5088,6148,14500,4248,4100,2756,36840,INR/Acre,CACP & DOGR Benchmark,2024-2025
white onion,Rabi,Uttar Pradesh,34901,5088,6148,13340,3600,3969,2756,34901,INR/Acre,CACP & DOGR Benchmark,2024-2025
white onion,Rabi,Bihar,33895,5088,6148,12760,3240,3903,2756,33895,INR/Acre,CACP & DOGR Benchmark,2024-2025
white onion,Rabi,Tamil Nadu,38489,5088,6148,16240,3960,4297,2756,38489,INR/Acre,CACP & DOGR Benchmark,2024-2025
white onion,Rabi,Haryana,40175,5088,6148,17690,4032,4461,2756,40175,INR/Acre,CACP & DOGR Benchmark,2024-2025
white onion,Rabi,Punjab,40659,5088,6148,18125,4032,4510,2756,40659,INR/Acre,CACP & DOGR Benchmark,2024-2025
white onion,Zaid,Maharashtra,38757,5376,6496,15660,4082,4231,2912,38757,INR/Acre,CACP & DOGR Benchmark,2024-2025
white onion,Zaid,Karnataka,38967,5376,6496,15950,3969,4264,2912,38967,INR/Acre,CACP & DOGR Benchmark,2024-2025
white onion,Zaid,Gujarat,38699,5376,6496,15370,4347,4198,2912,38699,INR/Acre,CACP & DOGR Benchmark,2024-2025
white onion,Zaid,Tamil Nadu,39479,5376,6496,16240,4158,4297,2912,39479,INR/Acre,CACP & DOGR Benchmark,2024-2025
white onion,Zaid,Andhra Pradesh,38967,5376,6496,15950,3969,4264,2912,38967,INR/Acre,CACP & DOGR Benchmark,2024-2025
shallot,Kharif,Maharashtra,34458,5000,5200,14580,3456,3922,2300,34458,INR/Acre,TNAU Vegetable Cost Norms,2024-2025
shallot,Kharif,Karnataka,34662,5000,5200,14850,3360,3952,2300,34662,INR/Acre,TNAU Vegetable Cost Norms,2024-2025
shallot,Kharif,Gujarat,34381,5000,5200,14310,3680,3891,2300,34381,INR/Acre,TNAU Vegetable Cost Norms,2024-2025
shallot,Kharif,Madhya Pradesh,31798,5000,5200,12420,3200,3678,2300,31798,INR/Acre,TNAU Vegetable Cost Norms,2024-2025
shallot,Kharif,Rajasthan,33576,5000,5200,13500,3776,3800,2300,33576,INR/Acre,TNAU Vegetable Cost Norms,2024-2025
shallot,Rabi,Maharashtra,35208,5300,5512,14580,3456,3922,2438,35208,INR/Acre,TNAU Vegetable Cost Norms,2024-2025
shallot,Rabi,Karnataka,35412,5300,5512,14850,3360,3952,2438,35412,INR/Acre,TNAU Vegetable Cost Norms,2024-2025
shallot,Rabi,Gujarat,35131,5300,5512,14310,3680,3891,2438,35131,INR/Acre,TNAU Vegetable Cost Norms,2024-2025
shallot,Rabi,Madhya Pradesh,32548,5300,5512,12420,3200,3678,2438,32548,INR/Acre,TNAU Vegetable Cost Norms,2024-2025
shallot,Rabi,Rajasthan,34326,5300,5512,13500,3776,3800,2438,34326,INR/Acre,TNAU Vegetable Cost Norms,2024-2025
shallot,Rabi,Uttar Pradesh,32548,5300,5512,12420,3200,3678,2438,32548,INR/Acre,TNAU Vegetable Cost Norms,2024-2025
shallot,Rabi,Bihar,31628,5300,5512,11880,2880,3618,2438,31628,INR/Acre,TNAU Vegetable Cost Norms,2024-2025
shallot,Rabi,Tamil Nadu,35872,5300,5512,15120,3520,3982,2438,35872,INR/Acre,TNAU Vegetable Cost Norms,2024-2025
shallot,Rabi,Haryana,37438,5300,5512,16470,3584,4134,2438,37438,INR/Acre,TNAU Vegetable Cost Norms,2024-2025
shallot,Rabi,Punjab,37889,5300,5512,16875,3584,4180,2438,37889,INR/Acre,TNAU Vegetable Cost Norms,2024-2025
shallot,Zaid,Maharashtra,36131,5600,5824,14580,3629,3922,2576,36131,INR/Acre,TNAU Vegetable Cost Norms,2024-2025
shallot,Zaid,Karnataka,36330,5600,5824,14850,3528,3952,2576,36330,INR/Acre,TNAU Vegetable Cost Norms,2024-2025
shallot,Zaid,Gujarat,36065,5600,5824,14310,3864,3891,2576,36065,INR/Acre,TNAU Vegetable Cost Norms,2024-2025
shallot,Zaid,Tamil Nadu,36798,5600,5824,15120,3696,3982,2576,36798,INR/Acre,TNAU Vegetable Cost Norms,2024-2025
shallot,Zaid,Andhra Pradesh,36330,5600,5824,14850,3528,3952,2576,36330,INR/Acre,TNAU Vegetable Cost Norms,2024-2025
sweet potato,Kharif,Kerala,24737,2800,3800,11475,1870,3192,1600,24737,INR/Acre,ICAR-CTCRI Tuber Crops Cost Norms,2024-2025
sweet potato,Kharif,Tamil Nadu,23074,2800,3800,9520,2420,2934,1600,23074,INR/Acre,ICAR-CTCRI Tuber Crops Cost Norms,2024-2025
sweet potato,Kharif,Andhra Pradesh,22772,2800,3800,9350,2310,2912,1600,22772,INR/Acre,ICAR-CTCRI Tuber Crops Cost Norms,2024-2025
sweet potato,Kharif,West Bengal,21370,2800,3800,8500,1870,2800,1600,21370,INR/Acre,ICAR-CTCRI Tuber Crops Cost Norms,2024-2025
sweet potato,Kharif,Odisha,20282,2800,3800,7480,1936,2666,1600,20282,INR/Acre,ICAR-CTCRI Tuber Crops Cost Norms,2024-2025
sweet potato,Kharif,Assam,21112,2800,3800,8330,1804,2778,1600,21112,INR/Acre,ICAR-CTCRI Tuber Crops Cost Norms,2024-2025
sweet potato,Kharif,Karnataka,22772,2800,3800,9350,2310,2912,1600,22772,INR/Acre,ICAR-CTCRI Tuber Crops Cost Norms,2024-2025
sweet potato,Kharif,Bihar,20326,2800,3800,7480,1980,2666,1600,20326,INR/Acre,ICAR-CTCRI Tuber Crops Cost Norms,2024-2025
sweet potato,Kharif,Uttar Pradesh,20930,2800,3800,7820,2200,2710,1600,20930,INR/Acre,ICAR-CTCRI Tuber Crops Cost Norms,2024-2025
sweet potato,Rabi,Kerala,25229,2968,4028,11475,1870,3192,1696,25229,INR/Acre,ICAR-CTCRI Tuber Crops Cost Norms,2024-2025
sweet potato,Rabi,Tamil Nadu,23566,2968,4028,9520,2420,2934,1696,23566,INR/Acre,ICAR-CTCRI Tuber Crops Cost Norms,2024-2025
sweet potato,Rabi,Andhra Pradesh,23264,2968,4028,9350,2310,2912,1696,23264,INR/Acre,ICAR-CTCRI Tuber Crops Cost Norms,2024-2025
sweet potato,Rabi,West Bengal,21862,2968,4028,8500,1870,2800,1696,21862,INR/Acre,ICAR-CTCRI Tuber Crops Cost Norms,2024-2025
sweet potato,Rabi,Odisha,20774,2968,4028,7480,1936,2666,1696,20774,INR/Acre,ICAR-CTCRI Tuber Crops Cost Norms,2024-2025
sweet potato,Rabi,Assam,21604,2968,4028,8330,1804,2778,1696,21604,INR/Acre,ICAR-CTCRI Tuber Crops Cost Norms,2024-2025
sweet potato,Rabi,Karnataka,23264,2968,4028,9350,2310,2912,1696,23264,INR/Acre,ICAR-CTCRI Tuber Crops Cost Norms,2024-2025
sweet potato,Rabi,Bihar,20818,2968,4028,7480,1980,2666,1696,20818,INR/Acre,ICAR-CTCRI Tuber Crops Cost Norms,2024-2025
sweet potato,Rabi,Uttar Pradesh,21422,2968,4028,7820,2200,2710,1696,21422,INR/Acre,ICAR-CTCRI Tuber Crops Cost Norms,2024-2025
cassava (tapioca),Kharif,Kerala,26810,3200,4200,12150,2040,3420,1800,26810,INR/Acre,ICAR-CTCRI Tuber Crops Cost Norms,2024-2025
cassava (tapioca),Kharif,Tamil Nadu,25064,3200,4200,10080,2640,3144,1800,25064,INR/Acre,ICAR-CTCRI Tuber Crops Cost Norms,2024-2025
cassava (tapioca),Kharif,Andhra Pradesh,24740,3200,4200,9900,2520,3120,1800,24740,INR/Acre,ICAR-CTCRI Tuber Crops Cost Norms,2024-2025
cassava (tapioca),Kharif,West Bengal,23240,3200,4200,9000,2040,3000,1800,23240,INR/Acre,ICAR-CTCRI Tuber Crops Cost Norms,2024-2025
cassava (tapioca),Kharif,Odisha,22088,3200,4200,7920,2112,2856,1800,22088,INR/Acre,ICAR-CTCRI Tuber Crops Cost Norms,2024-2025
cassava (tapioca),Kharif,Assam,22964,3200,4200,8820,1968,2976,1800,22964,INR/Acre,ICAR-CTCRI Tuber Crops Cost Norms,2024-2025
cassava (tapioca),Kharif,Karnataka,24740,3200,4200,9900,2520,3120,1800,24740,INR/Acre,ICAR-CTCRI Tuber Crops Cost Norms,2024-2025
cassava (tapioca),Kharif,Bihar,22136,3200,4200,7920,2160,2856,1800,22136,INR/Acre,ICAR-CTCRI Tuber Crops Cost Norms,2024-2025
cassava (tapioca),Kharif,Uttar Pradesh,22784,3200,4200,8280,2400,2904,1800,22784,INR/Acre,ICAR-CTCRI Tuber Crops Cost Norms,2024-2025
cassava (tapioca),Rabi,Kerala,27362,3392,4452,12150,2040,3420,1908,27362,INR/Acre,ICAR-CTCRI Tuber Crops Cost Norms,2024-2025
cassava (tapioca),Rabi,Tamil Nadu,25616,3392,4452,10080,2640,3144,1908,25616,INR/Acre,ICAR-CTCRI Tuber Crops Cost Norms,2024-2025
cassava (tapioca),Rabi,Andhra Pradesh,25292,3392,4452,9900,2520,3120,1908,25292,INR/Acre,ICAR-CTCRI Tuber Crops Cost Norms,2024-2025
cassava (tapioca),Rabi,West Bengal,23792,3392,4452,9000,2040,3000,1908,23792,INR/Acre,ICAR-CTCRI Tuber Crops Cost Norms,2024-2025
cassava (tapioca),Rabi,Odisha,22640,3392,4452,7920,2112,2856,1908,22640,INR/Acre,ICAR-CTCRI Tuber Crops Cost Norms,2024-2025
cassava (tapioca),Rabi,Assam,23516,3392,4452,8820,1968,2976,1908,23516,INR/Acre,ICAR-CTCRI Tuber Crops Cost Norms,2024-2025
cassava (tapioca),Rabi,Karnataka,25292,3392,4452,9900,2520,3120,1908,25292,INR/Acre,ICAR-CTCRI Tuber Crops Cost Norms,2024-2025
cassava (tapioca),Rabi,Bihar,22688,3392,4452,7920,2160,2856,1908,22688,INR/Acre,ICAR-CTCRI Tuber Crops Cost Norms,2024-2025
cassava (tapioca),Rabi,Uttar Pradesh,23336,3392,4452,8280,2400,2904,1908,23336,INR/Acre,ICAR-CTCRI Tuber Crops Cost Norms,2024-2025
elephant foot yam,Kharif,Kerala,42740,12000,5500,16200,2550,3990,2500,42740,INR/Acre,ICAR-CTCRI Tuber Crops Cost Norms,2024-2025
elephant foot yam,Kharif,Tamil Nadu,40408,12000,5500,13440,3300,3668,2500,40408,INR/Acre,ICAR-CTCRI Tuber Crops Cost Norms,2024-2025
elephant foot yam,Kharif,Andhra Pradesh,39990,12000,5500,13200,3150,3640,2500,39990,INR/Acre,ICAR-CTCRI Tuber Crops Cost Norms,2024-2025
elephant foot yam,Kharif,West Bengal,38050,12000,5500,12000,2550,3500,2500,38050,INR/Acre,ICAR-CTCRI Tuber Crops Cost Norms,2024-2025
elephant foot yam,Kharif,Odisha,36532,12000,5500,10560,2640,3332,2500,36532,INR/Acre,ICAR-CTCRI Tuber Crops Cost Norms,2024-2025
elephant foot yam,Kharif,Assam,37692,12000,5500,11760,2460,3472,2500,37692,INR/Acre,ICAR-CTCRI Tuber Crops Cost Norms,2024-2025
elephant foot yam,Kharif,Karnataka,39990,12000,5500,13200,3150,3640,2500,39990,INR/Acre,ICAR-CTCRI Tuber Crops Cost Norms,2024-2025
elephant foot yam,Kharif,Bihar,36592,12000,5500,10560,2700,3332,2500,36592,INR/Acre,ICAR-CTCRI Tuber Crops Cost Norms,2024-2025
elephant foot yam,Kharif,Uttar Pradesh,37428,12000,5500,11040,3000,3388,2500,37428,INR/Acre,ICAR-CTCRI Tuber Crops Cost Norms,2024-2025
elephant foot yam,Rabi,Kerala,43940,12720,5830,16200,2550,3990,2650,43940,INR/Acre,ICAR-CTCRI Tuber Crops Cost Norms,2024-2025
elephant foot yam,Rabi,Tamil Nadu,41608,12720,5830,13440,3300,3668,2650,41608,INR/Acre,ICAR-CTCRI Tuber Crops Cost Norms,2024-2025
elephant foot yam,Rabi,Andhra Pradesh,41190,12720,5830,13200,3150,3640,2650,41190,INR/Acre,ICAR-CTCRI Tuber Crops Cost Norms,2024-2025
elephant foot yam,Rabi,West Bengal,39250,12720,5830,12000,2550,3500,2650,39250,INR/Acre,ICAR-CTCRI Tuber Crops Cost Norms,2024-2025
elephant foot yam,Rabi,Odisha,37732,12720,5830,10560,2640,3332,2650,37732,INR/Acre,ICAR-CTCRI Tuber Crops Cost Norms,2024-2025
elephant foot yam,Rabi,Assam,38892,12720,5830,11760,2460,3472,2650,38892,INR/Acre,ICAR-CTCRI Tuber Crops Cost Norms,2024-2025
elephant foot yam,Rabi,Karnataka,41190,12720,5830,13200,3150,3640,2650,41190,INR/Acre,ICAR-CTCRI Tuber Crops Cost Norms,2024-2025
elephant foot yam,Rabi,Bihar,37792,12720,5830,10560,2700,3332,2650,37792,INR/Acre,ICAR-CTCRI Tuber Crops Cost Norms,2024-2025
elephant foot yam,Rabi,Uttar Pradesh,38628,12720,5830,11040,3000,3388,2650,38628,INR/Acre,ICAR-CTCRI Tuber Crops Cost Norms,2024-2025
yam,Kharif,Kerala,35203,8000,4800,14175,2380,3648,2200,35203,INR/Acre,ICAR-CTCRI Tuber Crops Cost Norms,2024-2025
yam,Kharif,Tamil Nadu,33194,8000,4800,11760,3080,3354,2200,33194,INR/Acre,ICAR-CTCRI Tuber Crops Cost Norms,2024-2025
yam,Kharif,Andhra Pradesh,32818,8000,4800,11550,2940,3328,2200,32818,INR/Acre,ICAR-CTCRI Tuber Crops Cost Norms,2024-2025
yam,Kharif,West Bengal,31080,8000,4800,10500,2380,3200,2200,31080,INR/Acre,ICAR-CTCRI Tuber Crops Cost Norms,2024-2025
yam,Kharif,Odisha,29750,8000,4800,9240,2464,3046,2200,29750,INR/Acre,ICAR-CTCRI Tuber Crops Cost Norms,2024-2025
yam,Kharif,Assam,30760,8000,4800,10290,2296,3174,2200,30760,INR/Acre,ICAR-CTCRI Tuber Crops Cost Norms,2024-2025
yam,Kharif,Karnataka,32818,8000,4800,11550,2940,3328,2200,32818,INR/Acre,ICAR-CTCRI Tuber Crops Cost Norms,2024-2025
yam,Kharif,Bihar,29806,8000,4800,9240,2520,3046,2200,29806,INR/Acre,ICAR-CTCRI Tuber Crops Cost Norms,2024-2025
yam,Kharif,Uttar Pradesh,30558,8000,4800,9660,2800,3098,2200,30558,INR/Acre,ICAR-CTCRI Tuber Crops Cost Norms,2024-2025
yam,Rabi,Kerala,36103,8480,5088,14175,2380,3648,2332,36103,INR/Acre,ICAR-CTCRI Tuber Crops Cost Norms,2024-2025
yam,Rabi,Tamil Nadu,34094,8480,5088,11760,3080,3354,2332,34094,INR/Acre,ICAR-CTCRI Tuber Crops Cost Norms,2024-2025
yam,Rabi,Andhra Pradesh,33718,8480,5088,11550,2940,3328,2332,33718,INR/Acre,ICAR-CTCRI Tuber Crops Cost Norms,2024-2025
yam,Rabi,West Bengal,31980,8480,5088,10500,2380,3200,2332,31980,INR/Acre,ICAR-CTCRI Tuber Crops Cost Norms,2024-2025
yam,Rabi,Odisha,30650,8480,5088,9240,2464,3046,2332,30650,INR/Acre,ICAR-CTCRI Tuber Crops Cost Norms,2024-2025
yam,Rabi,Assam,31660,8480,5088,10290,2296,3174,2332,31660,INR/Acre,ICAR-CTCRI Tuber Crops Cost Norms,2024-2025
yam,Rabi,Karnataka,33718,8480,5088,11550,2940,3328,2332,33718,INR/Acre,ICAR-CTCRI Tuber Crops Cost Norms,2024-2025
yam,Rabi,Bihar,30706,8480,5088,9240,2520,3046,2332,30706,INR/Acre,ICAR-CTCRI Tuber Crops Cost Norms,2024-2025
yam,Rabi,Uttar Pradesh,31458,8480,5088,9660,2800,3098,2332,31458,INR/Acre,ICAR-CTCRI Tuber Crops Cost Norms,2024-2025
taro (arvi),Kharif,Kerala,30970,6500,4200,12825,2125,3420,1900,30970,INR/Acre,ICAR-CTCRI Tuber Crops Cost Norms,2024-2025
taro (arvi),Kharif,Tamil Nadu,29134,6500,4200,10640,2750,3144,1900,29134,INR/Acre,ICAR-CTCRI Tuber Crops Cost Norms,2024-2025
taro (arvi),Kharif,Andhra Pradesh,28795,6500,4200,10450,2625,3120,1900,28795,INR/Acre,ICAR-CTCRI Tuber Crops Cost Norms,2024-2025
taro (arvi),Kharif,West Bengal,27225,6500,4200,9500,2125,3000,1900,27225,INR/Acre,ICAR-CTCRI Tuber Crops Cost Norms,2024-2025
taro (arvi),Kharif,Odisha,26016,6500,4200,8360,2200,2856,1900,26016,INR/Acre,ICAR-CTCRI Tuber Crops Cost Norms,2024-2025
taro (arvi),Kharif,Assam,26936,6500,4200,9310,2050,2976,1900,26936,INR/Acre,ICAR-CTCRI Tuber Crops Cost Norms,2024-2025
taro (arvi),Kharif,Karnataka,28795,6500,4200,10450,2625,3120,1900,28795,INR/Acre,ICAR-CTCRI Tuber Crops Cost Norms,2024-2025
taro (arvi),Kharif,Bihar,26066,6500,4200,8360,2250,2856,1900,26066,INR/Acre,ICAR-CTCRI Tuber Crops Cost Norms,2024-2025
taro (arvi),Kharif,Uttar Pradesh,26744,6500,4200,8740,2500,2904,1900,26744,INR/Acre,ICAR-CTCRI Tuber Crops Cost Norms,2024-2025
taro (arvi),Rabi,Kerala,31726,6890,4452,12825,2125,3420,2014,31726,INR/Acre,ICAR-CTCRI Tuber Crops Cost Norms,2024-2025
taro (arvi),Rabi,Tamil Nadu,29890,6890,4452,10640,2750,3144,2014,29890,INR/Acre,ICAR-CTCRI Tuber Crops Cost Norms,2024-2025
taro (arvi),Rabi,Andhra Pradesh,29551,6890,4452,10450,2625,3120,2014,29551,INR/Acre,ICAR-CTCRI Tuber Crops Cost Norms,2024-2025
taro (arvi),Rabi,West Bengal,27981,6890,4452,9500,2125,3000,2014,27981,INR/Acre,ICAR-CTCRI Tuber Crops Cost Norms,2024-2025
taro (arvi),Rabi,Odisha,26772,6890,4452,8360,2200,2856,2014,26772,INR/Acre,ICAR-CTCRI Tuber Crops Cost Norms,2024-2025
taro (arvi),Rabi,Assam,27692,6890,4452,9310,2050,2976,2014,27692,INR/Acre,ICAR-CTCRI Tuber Crops Cost Norms,2024-2025
taro (arvi),Rabi,Karnataka,29551,6890,4452,10450,2625,3120,2014,29551,INR/Acre,ICAR-CTCRI Tuber Crops Cost Norms,2024-2025
taro (arvi),Rabi,Bihar,26822,6890,4452,8360,2250,2856,2014,26822,INR/Acre,ICAR-CTCRI Tuber Crops Cost Norms,2024-2025
taro (arvi),Rabi,Uttar Pradesh,27500,6890,4452,8740,2500,2904,2014,27500,INR/Acre,ICAR-CTCRI Tuber Crops Cost Norms,2024-2025
chinese potato,Kharif,Kerala,27527,5000,3800,11880,1955,3192,1700,27527,INR/Acre,KAU Kerala Vegetable Guidelines,2024-2025
chinese potato,Kharif,Tamil Nadu,25820,5000,3800,9856,2530,2934,1700,25820,INR/Acre,KAU Kerala Vegetable Guidelines,2024-2025
chinese potato,Kharif,Andhra Pradesh,25507,5000,3800,9680,2415,2912,1700,25507,INR/Acre,KAU Kerala Vegetable Guidelines,2024-2025
chinese potato,Kharif,West Bengal,24055,5000,3800,8800,1955,2800,1700,24055,INR/Acre,KAU Kerala Vegetable Guidelines,2024-2025
chinese potato,Kharif,Odisha,22934,5000,3800,7744,2024,2666,1700,22934,INR/Acre,KAU Kerala Vegetable Guidelines,2024-2025
chinese potato,Kharif,Assam,23788,5000,3800,8624,1886,2778,1700,23788,INR/Acre,KAU Kerala Vegetable Guidelines,2024-2025
chinese potato,Kharif,Karnataka,25507,5000,3800,9680,2415,2912,1700,25507,INR/Acre,KAU Kerala Vegetable Guidelines,2024-2025
chinese potato,Kharif,Bihar,22980,5000,3800,7744,2070,2666,1700,22980,INR/Acre,KAU Kerala Vegetable Guidelines,2024-2025
chinese potato,Kharif,Uttar Pradesh,23606,5000,3800,8096,2300,2710,1700,23606,INR/Acre,KAU Kerala Vegetable Guidelines,2024-2025
chinese potato,Rabi,Kerala,28157,5300,4028,11880,1955,3192,1802,28157,INR/Acre,KAU Kerala Vegetable Guidelines,2024-2025
chinese potato,Rabi,Tamil Nadu,26450,5300,4028,9856,2530,2934,1802,26450,INR/Acre,KAU Kerala Vegetable Guidelines,2024-2025
chinese potato,Rabi,Andhra Pradesh,26137,5300,4028,9680,2415,2912,1802,26137,INR/Acre,KAU Kerala Vegetable Guidelines,2024-2025
chinese potato,Rabi,West Bengal,24685,5300,4028,8800,1955,2800,1802,24685,INR/Acre,KAU Kerala Vegetable Guidelines,2024-2025
chinese potato,Rabi,Odisha,23564,5300,4028,7744,2024,2666,1802,23564,INR/Acre,KAU Kerala Vegetable Guidelines,2024-2025
chinese potato,Rabi,Assam,24418,5300,4028,8624,1886,2778,1802,24418,INR/Acre,KAU Kerala Vegetable Guidelines,2024-2025
chinese potato,Rabi,Karnataka,26137,5300,4028,9680,2415,2912,1802,26137,INR/Acre,KAU Kerala Vegetable Guidelines,2024-2025
chinese potato,Rabi,Bihar,23610,5300,4028,7744,2070,2666,1802,23610,INR/Acre,KAU Kerala Vegetable Guidelines,2024-2025
chinese potato,Rabi,Uttar Pradesh,24236,5300,4028,8096,2300,2710,1802,24236,INR/Acre,KAU Kerala Vegetable Guidelines,2024-2025
arrowroot,Kharif,Kerala,25234,4500,3500,10800,1870,2964,1600,25234,INR/Acre,ICAR-CTCRI Tuber Crops Cost Norms,2024-2025
arrowroot,Kharif,Tamil Nadu,23705,4500,3500,8960,2420,2725,1600,23705,INR/Acre,ICAR-CTCRI Tuber Crops Cost Norms,2024-2025
arrowroot,Kharif,Andhra Pradesh,23414,4500,3500,8800,2310,2704,1600,23414,INR/Acre,ICAR-CTCRI Tuber Crops Cost Norms,2024-2025
arrowroot,Kharif,West Bengal,22070,4500,3500,8000,1870,2600,1600,22070,INR/Acre,ICAR-CTCRI Tuber Crops Cost Norms,2024-2025
arrowroot,Kharif,Odisha,21051,4500,3500,7040,1936,2475,1600,21051,INR/Acre,ICAR-CTCRI Tuber Crops Cost Norms,2024-2025
arrowroot,Kharif,Assam,21823,4500,3500,7840,1804,2579,1600,21823,INR/Acre,ICAR-CTCRI Tuber Crops Cost Norms,2024-2025
arrowroot,Kharif,Karnataka,23414,4500,3500,8800,2310,2704,1600,23414,INR/Acre,ICAR-CTCRI Tuber Crops Cost Norms,2024-2025
arrowroot,Kharif,Bihar,21095,4500,3500,7040,1980,2475,1600,21095,INR/Acre,ICAR-CTCRI Tuber Crops Cost Norms,2024-2025
arrowroot,Kharif,Uttar Pradesh,21677,4500,3500,7360,2200,2517,1600,21677,INR/Acre,ICAR-CTCRI Tuber Crops Cost Norms,2024-2025
arrowroot,Rabi,Kerala,25810,4770,3710,10800,1870,2964,1696,25810,INR/Acre,ICAR-CTCRI Tuber Crops Cost Norms,2024-2025
arrowroot,Rabi,Tamil Nadu,24281,4770,3710,8960,2420,2725,1696,24281,INR/Acre,ICAR-CTCRI Tuber Crops Cost Norms,2024-2025
arrowroot,Rabi,Andhra Pradesh,23990,4770,3710,8800,2310,2704,1696,23990,INR/Acre,ICAR-CTCRI Tuber Crops Cost Norms,2024-2025
arrowroot,Rabi,West Bengal,22646,4770,3710,8000,1870,2600,1696,22646,INR/Acre,ICAR-CTCRI Tuber Crops Cost Norms,2024-2025
arrowroot,Rabi,Odisha,21627,4770,3710,7040,1936,2475,1696,21627,INR/Acre,ICAR-CTCRI Tuber Crops Cost Norms,2024-2025
arrowroot,Rabi,Assam,22399,4770,3710,7840,1804,2579,1696,22399,INR/Acre,ICAR-CTCRI Tuber Crops Cost Norms,2024-2025
arrowroot,Rabi,Karnataka,23990,4770,3710,8800,2310,2704,1696,23990,INR/Acre,ICAR-CTCRI Tuber Crops Cost Norms,2024-2025
arrowroot,Rabi,Bihar,21671,4770,3710,7040,1980,2475,1696,21671,INR/Acre,ICAR-CTCRI Tuber Crops Cost Norms,2024-2025
arrowroot,Rabi,Uttar Pradesh,22253,4770,3710,7360,2200,2517,1696,22253,INR/Acre,ICAR-CTCRI Tuber Crops Cost Norms,2024-2025
jerusalem artichoke,Kharif,Kerala,24250,4000,3500,10530,1870,2850,1500,24250,INR/Acre,KVK Farm Budget Standards,2024-2025
jerusalem artichoke,Kharif,Tamil Nadu,22776,4000,3500,8736,2420,2620,1500,22776,INR/Acre,KVK Farm Budget Standards,2024-2025
jerusalem artichoke,Kharif,Andhra Pradesh,22490,4000,3500,8580,2310,2600,1500,22490,INR/Acre,KVK Farm Budget Standards,2024-2025
jerusalem artichoke,Kharif,West Bengal,21170,4000,3500,7800,1870,2500,1500,21170,INR/Acre,KVK Farm Budget Standards,2024-2025
jerusalem artichoke,Kharif,Odisha,20180,4000,3500,6864,1936,2380,1500,20180,INR/Acre,KVK Farm Budget Standards,2024-2025
jerusalem artichoke,Kharif,Assam,20928,4000,3500,7644,1804,2480,1500,20928,INR/Acre,KVK Farm Budget Standards,2024-2025
jerusalem artichoke,Kharif,Karnataka,22490,4000,3500,8580,2310,2600,1500,22490,INR/Acre,KVK Farm Budget Standards,2024-2025
jerusalem artichoke,Kharif,Bihar,20224,4000,3500,6864,1980,2380,1500,20224,INR/Acre,KVK Farm Budget Standards,2024-2025
jerusalem artichoke,Kharif,Uttar Pradesh,20796,4000,3500,7176,2200,2420,1500,20796,INR/Acre,KVK Farm Budget Standards,2024-2025
jerusalem artichoke,Rabi,Kerala,24790,4240,3710,10530,1870,2850,1590,24790,INR/Acre,KVK Farm Budget Standards,2024-2025
jerusalem artichoke,Rabi,Tamil Nadu,23316,4240,3710,8736,2420,2620,1590,23316,INR/Acre,KVK Farm Budget Standards,2024-2025
jerusalem artichoke,Rabi,Andhra Pradesh,23030,4240,3710,8580,2310,2600,1590,23030,INR/Acre,KVK Farm Budget Standards,2024-2025
jerusalem artichoke,Rabi,West Bengal,21710,4240,3710,7800,1870,2500,1590,21710,INR/Acre,KVK Farm Budget Standards,2024-2025
jerusalem artichoke,Rabi,Odisha,20720,4240,3710,6864,1936,2380,1590,20720,INR/Acre,KVK Farm Budget Standards,2024-2025
jerusalem artichoke,Rabi,Assam,21468,4240,3710,7644,1804,2480,1590,21468,INR/Acre,KVK Farm Budget Standards,2024-2025
jerusalem artichoke,Rabi,Karnataka,23030,4240,3710,8580,2310,2600,1590,23030,INR/Acre,KVK Farm Budget Standards,2024-2025
jerusalem artichoke,Rabi,Bihar,20764,4240,3710,6864,1980,2380,1590,20764,INR/Acre,KVK Farm Budget Standards,2024-2025
jerusalem artichoke,Rabi,Uttar Pradesh,21336,4240,3710,7176,2200,2420,1590,21336,INR/Acre,KVK Farm Budget Standards,2024-2025
water chestnut,Kharif,Bihar,20084,2500,2800,7480,3600,1904,1800,20084,INR/Acre,State Ag Dept Aquatic Crop Guidelines,2024-2025
water chestnut,Kharif,West Bengal,21000,2500,2800,8500,3400,2000,1800,21000,INR/Acre,State Ag Dept Aquatic Crop Guidelines,2024-2025
water chestnut,Kharif,Uttar Pradesh,20856,2500,2800,7820,4000,1936,1800,20856,INR/Acre,State Ag Dept Aquatic Crop Guidelines,2024-2025
water chestnut,Kharif,Madhya Pradesh,20856,2500,2800,7820,4000,1936,1800,20856,INR/Acre,State Ag Dept Aquatic Crop Guidelines,2024-2025
water chestnut,Kharif,Jammu and Kashmir,21600,2500,2800,8500,4000,2000,1800,21600,INR/Acre,State Ag Dept Aquatic Crop Guidelines,2024-2025
water chestnut,Zaid,Bihar,21116,2800,3136,7480,3780,1904,2016,21116,INR/Acre,State Ag Dept Aquatic Crop Guidelines,2024-2025
water chestnut,Zaid,West Bengal,22022,2800,3136,8500,3570,2000,2016,22022,INR/Acre,State Ag Dept Aquatic Crop Guidelines,2024-2025
water chestnut,Zaid,Uttar Pradesh,21908,2800,3136,7820,4200,1936,2016,21908,INR/Acre,State Ag Dept Aquatic Crop Guidelines,2024-2025
water chestnut,Zaid,Madhya Pradesh,21908,2800,3136,7820,4200,1936,2016,21908,INR/Acre,State Ag Dept Aquatic Crop Guidelines,2024-2025
lotus root,Kharif,Bihar,22064,3000,3000,7920,4050,2094,2000,22064,INR/Acre,State Ag Dept Aquatic Crop Guidelines,2024-2025
lotus root,Kharif,West Bengal,23025,3000,3000,9000,3825,2200,2000,23025,INR/Acre,State Ag Dept Aquatic Crop Guidelines,2024-2025
lotus root,Kharif,Uttar Pradesh,22910,3000,3000,8280,4500,2130,2000,22910,INR/Acre,State Ag Dept Aquatic Crop Guidelines,2024-2025
lotus root,Kharif,Madhya Pradesh,22910,3000,3000,8280,4500,2130,2000,22910,INR/Acre,State Ag Dept Aquatic Crop Guidelines,2024-2025
lotus root,Kharif,Jammu and Kashmir,23700,3000,3000,9000,4500,2200,2000,23700,INR/Acre,State Ag Dept Aquatic Crop Guidelines,2024-2025
lotus root,Zaid,Bihar,23226,3360,3360,7920,4252,2094,2240,23226,INR/Acre,State Ag Dept Aquatic Crop Guidelines,2024-2025
lotus root,Zaid,West Bengal,24176,3360,3360,9000,4016,2200,2240,24176,INR/Acre,State Ag Dept Aquatic Crop Guidelines,2024-2025
lotus root,Zaid,Uttar Pradesh,24095,3360,3360,8280,4725,2130,2240,24095,INR/Acre,State Ag Dept Aquatic Crop Guidelines,2024-2025
lotus root,Zaid,Madhya Pradesh,24095,3360,3360,8280,4725,2130,2240,24095,INR/Acre,State Ag Dept Aquatic Crop Guidelines,2024-2025
ivy gourd (tindora),Kharif,Uttar Pradesh,27144,3500,4500,11040,3000,2904,2200,27144,INR/Acre,State Horticulture Dept Guidelines,2024-2025
ivy gourd (tindora),Kharif,Punjab,31860,3500,4500,15000,3360,3300,2200,31860,INR/Acre,State Horticulture Dept Guidelines,2024-2025
ivy gourd (tindora),Kharif,Haryana,31464,3500,4500,14640,3360,3264,2200,31464,INR/Acre,State Horticulture Dept Guidelines,2024-2025
ivy gourd (tindora),Kharif,Bihar,26316,3500,4500,10560,2700,2856,2200,26316,INR/Acre,State Horticulture Dept Guidelines,2024-2025
ivy gourd (tindora),Kharif,West Bengal,27750,3500,4500,12000,2550,3000,2200,27750,INR/Acre,State Horticulture Dept Guidelines,2024-2025
ivy gourd (tindora),Kharif,Rajasthan,28740,3500,4500,12000,3540,3000,2200,28740,INR/Acre,State Horticulture Dept Guidelines,2024-2025
ivy gourd (tindora),Kharif,Gujarat,29442,3500,4500,12720,3450,3072,2200,29442,INR/Acre,State Horticulture Dept Guidelines,2024-2025
ivy gourd (tindora),Kharif,Maharashtra,29496,3500,4500,12960,3240,3096,2200,29496,INR/Acre,State Horticulture Dept Guidelines,2024-2025
ivy gourd (tindora),Kharif,Karnataka,29670,3500,4500,13200,3150,3120,2200,29670,INR/Acre,State Horticulture Dept Guidelines,2024-2025
ivy gourd (tindora),Kharif,Andhra Pradesh,29670,3500,4500,13200,3150,3120,2200,29670,INR/Acre,State Horticulture Dept Guidelines,2024-2025
ivy gourd (tindora),Kharif,Telangana,29670,3500,4500,13200,3150,3120,2200,29670,INR/Acre,State Horticulture Dept Guidelines,2024-2025
ivy gourd (tindora),Kharif,Tamil Nadu,30084,3500,4500,13440,3300,3144,2200,30084,INR/Acre,State Horticulture Dept Guidelines,2024-2025
ivy gourd (tindora),Kharif,Madhya Pradesh,27144,3500,4500,11040,3000,2904,2200,27144,INR/Acre,State Horticulture Dept Guidelines,2024-2025
ivy gourd (tindora),Zaid,Uttar Pradesh,28518,3920,5040,11040,3150,2904,2464,28518,INR/Acre,State Horticulture Dept Guidelines,2024-2025
ivy gourd (tindora),Zaid,Punjab,33252,3920,5040,15000,3528,3300,2464,33252,INR/Acre,State Horticulture Dept Guidelines,2024-2025
ivy gourd (tindora),Zaid,Haryana,32856,3920,5040,14640,3528,3264,2464,32856,INR/Acre,State Horticulture Dept Guidelines,2024-2025
ivy gourd (tindora),Zaid,Bihar,27675,3920,5040,10560,2835,2856,2464,27675,INR/Acre,State Horticulture Dept Guidelines,2024-2025
ivy gourd (tindora),Zaid,West Bengal,29102,3920,5040,12000,2678,3000,2464,29102,INR/Acre,State Horticulture Dept Guidelines,2024-2025
ivy gourd (tindora),Zaid,Rajasthan,30141,3920,5040,12000,3717,3000,2464,30141,INR/Acre,State Horticulture Dept Guidelines,2024-2025
ivy gourd (tindora),Zaid,Gujarat,30838,3920,5040,12720,3622,3072,2464,30838,INR/Acre,State Horticulture Dept Guidelines,2024-2025
ivy gourd (tindora),Zaid,Maharashtra,30882,3920,5040,12960,3402,3096,2464,30882,INR/Acre,State Horticulture Dept Guidelines,2024-2025
ivy gourd (tindora),Zaid,Karnataka,31052,3920,5040,13200,3308,3120,2464,31052,INR/Acre,State Horticulture Dept Guidelines,2024-2025
ivy gourd (tindora),Zaid,Andhra Pradesh,31052,3920,5040,13200,3308,3120,2464,31052,INR/Acre,State Horticulture Dept Guidelines,2024-2025
ivy gourd (tindora),Zaid,Telangana,31052,3920,5040,13200,3308,3120,2464,31052,INR/Acre,State Horticulture Dept Guidelines,2024-2025
ivy gourd (tindora),Zaid,Tamil Nadu,31473,3920,5040,13440,3465,3144,2464,31473,INR/Acre,State Horticulture Dept Guidelines,2024-2025
ivy gourd (tindora),Zaid,Madhya Pradesh,28518,3920,5040,11040,3150,2904,2464,28518,INR/Acre,State Horticulture Dept Guidelines,2024-2025
pointed gourd (parwal),Kharif,Uttar Pradesh,28801,4000,4800,11500,3200,3001,2300,28801,INR/Acre,ICAR-IIHR Vegetable Cost Guidelines,2024-2025
pointed gourd (parwal),Kharif,Punjab,33719,4000,4800,15625,3584,3410,2300,33719,INR/Acre,ICAR-IIHR Vegetable Cost Guidelines,2024-2025
pointed gourd (parwal),Kharif,Haryana,33307,4000,4800,15250,3584,3373,2300,33307,INR/Acre,ICAR-IIHR Vegetable Cost Guidelines,2024-2025
pointed gourd (parwal),Kharif,Bihar,27931,4000,4800,11000,2880,2951,2300,27931,INR/Acre,ICAR-IIHR Vegetable Cost Guidelines,2024-2025
pointed gourd (parwal),Kharif,West Bengal,29420,4000,4800,12500,2720,3100,2300,29420,INR/Acre,ICAR-IIHR Vegetable Cost Guidelines,2024-2025
pointed gourd (parwal),Kharif,Rajasthan,30476,4000,4800,12500,3776,3100,2300,30476,INR/Acre,ICAR-IIHR Vegetable Cost Guidelines,2024-2025
pointed gourd (parwal),Kharif,Gujarat,31204,4000,4800,13250,3680,3174,2300,31204,INR/Acre,ICAR-IIHR Vegetable Cost Guidelines,2024-2025
pointed gourd (parwal),Kharif,Maharashtra,31255,4000,4800,13500,3456,3199,2300,31255,INR/Acre,ICAR-IIHR Vegetable Cost Guidelines,2024-2025
pointed gourd (parwal),Kharif,Karnataka,31434,4000,4800,13750,3360,3224,2300,31434,INR/Acre,ICAR-IIHR Vegetable Cost Guidelines,2024-2025
pointed gourd (parwal),Kharif,Andhra Pradesh,31434,4000,4800,13750,3360,3224,2300,31434,INR/Acre,ICAR-IIHR Vegetable Cost Guidelines,2024-2025
pointed gourd (parwal),Kharif,Telangana,31434,4000,4800,13750,3360,3224,2300,31434,INR/Acre,ICAR-IIHR Vegetable Cost Guidelines,2024-2025
pointed gourd (parwal),Kharif,Tamil Nadu,31869,4000,4800,14000,3520,3249,2300,31869,INR/Acre,ICAR-IIHR Vegetable Cost Guidelines,2024-2025
pointed gourd (parwal),Kharif,Madhya Pradesh,28801,4000,4800,11500,3200,3001,2300,28801,INR/Acre,ICAR-IIHR Vegetable Cost Guidelines,2024-2025
pointed gourd (parwal),Zaid,Uttar Pradesh,30293,4480,5376,11500,3360,3001,2576,30293,INR/Acre,ICAR-IIHR Vegetable Cost Guidelines,2024-2025
pointed gourd (parwal),Zaid,Punjab,35230,4480,5376,15625,3763,3410,2576,35230,INR/Acre,ICAR-IIHR Vegetable Cost Guidelines,2024-2025
pointed gourd (parwal),Zaid,Haryana,34818,4480,5376,15250,3763,3373,2576,34818,INR/Acre,ICAR-IIHR Vegetable Cost Guidelines,2024-2025
pointed gourd (parwal),Zaid,Bihar,29407,4480,5376,11000,3024,2951,2576,29407,INR/Acre,ICAR-IIHR Vegetable Cost Guidelines,2024-2025
pointed gourd (parwal),Zaid,West Bengal,30888,4480,5376,12500,2856,3100,2576,30888,INR/Acre,ICAR-IIHR Vegetable Cost Guidelines,2024-2025
pointed gourd (parwal),Zaid,Rajasthan,31997,4480,5376,12500,3965,3100,2576,31997,INR/Acre,ICAR-IIHR Vegetable Cost Guidelines,2024-2025
pointed gourd (parwal),Zaid,Gujarat,32720,4480,5376,13250,3864,3174,2576,32720,INR/Acre,ICAR-IIHR Vegetable Cost Guidelines,2024-2025
pointed gourd (parwal),Zaid,Maharashtra,32760,4480,5376,13500,3629,3199,2576,32760,INR/Acre,ICAR-IIHR Vegetable Cost Guidelines,2024-2025
pointed gourd (parwal),Zaid,Karnataka,32934,4480,5376,13750,3528,3224,2576,32934,INR/Acre,ICAR-IIHR Vegetable Cost Guidelines,2024-2025
pointed gourd (parwal),Zaid,Andhra Pradesh,32934,4480,5376,13750,3528,3224,2576,32934,INR/Acre,ICAR-IIHR Vegetable Cost Guidelines,2024-2025
pointed gourd (parwal),Zaid,Telangana,32934,4480,5376,13750,3528,3224,2576,32934,INR/Acre,ICAR-IIHR Vegetable Cost Guidelines,2024-2025
pointed gourd (parwal),Zaid,Tamil Nadu,33377,4480,5376,14000,3696,3249,2576,33377,INR/Acre,ICAR-IIHR Vegetable Cost Guidelines,2024-2025
pointed gourd (parwal),Zaid,Madhya Pradesh,30293,4480,5376,11500,3360,3001,2576,30293,INR/Acre,ICAR-IIHR Vegetable Cost Guidelines,2024-2025
ash gourd,Kharif,Uttar Pradesh,20797,2200,3800,8280,2400,2517,1600,20797,INR/Acre,State Horticulture Dept Guidelines,2024-2025
ash gourd,Kharif,Punjab,24398,2200,3800,11250,2688,2860,1600,24398,INR/Acre,State Horticulture Dept Guidelines,2024-2025
ash gourd,Kharif,Haryana,24097,2200,3800,10980,2688,2829,1600,24097,INR/Acre,State Horticulture Dept Guidelines,2024-2025
ash gourd,Kharif,Bihar,20155,2200,3800,7920,2160,2475,1600,20155,INR/Acre,State Horticulture Dept Guidelines,2024-2025
ash gourd,Kharif,West Bengal,21240,2200,3800,9000,2040,2600,1600,21240,INR/Acre,State Horticulture Dept Guidelines,2024-2025
ash gourd,Kharif,Rajasthan,22032,2200,3800,9000,2832,2600,1600,22032,INR/Acre,State Horticulture Dept Guidelines,2024-2025
ash gourd,Kharif,Gujarat,22562,2200,3800,9540,2760,2662,1600,22562,INR/Acre,State Horticulture Dept Guidelines,2024-2025
ash gourd,Kharif,Maharashtra,22595,2200,3800,9720,2592,2683,1600,22595,INR/Acre,State Horticulture Dept Guidelines,2024-2025
ash gourd,Kharif,Karnataka,22724,2200,3800,9900,2520,2704,1600,22724,INR/Acre,State Horticulture Dept Guidelines,2024-2025
ash gourd,Kharif,Andhra Pradesh,22724,2200,3800,9900,2520,2704,1600,22724,INR/Acre,State Horticulture Dept Guidelines,2024-2025
ash gourd,Kharif,Telangana,22724,2200,3800,9900,2520,2704,1600,22724,INR/Acre,State Horticulture Dept Guidelines,2024-2025
ash gourd,Kharif,Tamil Nadu,23045,2200,3800,10080,2640,2725,1600,23045,INR/Acre,State Horticulture Dept Guidelines,2024-2025
ash gourd,Kharif,Madhya Pradesh,20797,2200,3800,8280,2400,2517,1600,20797,INR/Acre,State Horticulture Dept Guidelines,2024-2025
ash gourd,Zaid,Uttar Pradesh,21829,2464,4256,8280,2520,2517,1792,21829,INR/Acre,State Horticulture Dept Guidelines,2024-2025
ash gourd,Zaid,Punjab,25444,2464,4256,11250,2822,2860,1792,25444,INR/Acre,State Horticulture Dept Guidelines,2024-2025
ash gourd,Zaid,Haryana,25143,2464,4256,10980,2822,2829,1792,25143,INR/Acre,State Horticulture Dept Guidelines,2024-2025
ash gourd,Zaid,Bihar,21175,2464,4256,7920,2268,2475,1792,21175,INR/Acre,State Horticulture Dept Guidelines,2024-2025
ash gourd,Zaid,West Bengal,22254,2464,4256,9000,2142,2600,1792,22254,INR/Acre,State Horticulture Dept Guidelines,2024-2025
ash gourd,Zaid,Rajasthan,23086,2464,4256,9000,2974,2600,1792,23086,INR/Acre,State Horticulture Dept Guidelines,2024-2025
ash gourd,Zaid,Gujarat,23612,2464,4256,9540,2898,2662,1792,23612,INR/Acre,State Horticulture Dept Guidelines,2024-2025
ash gourd,Zaid,Maharashtra,23637,2464,4256,9720,2722,2683,1792,23637,INR/Acre,State Horticulture Dept Guidelines,2024-2025
ash gourd,Zaid,Karnataka,23762,2464,4256,9900,2646,2704,1792,23762,INR/Acre,State Horticulture Dept Guidelines,2024-2025
ash gourd,Zaid,Andhra Pradesh,23762,2464,4256,9900,2646,2704,1792,23762,INR/Acre,State Horticulture Dept Guidelines,2024-2025
ash gourd,Zaid,Telangana,23762,2464,4256,9900,2646,2704,1792,23762,INR/Acre,State Horticulture Dept Guidelines,2024-2025
ash gourd,Zaid,Tamil Nadu,24089,2464,4256,10080,2772,2725,1792,24089,INR/Acre,State Horticulture Dept Guidelines,2024-2025
ash gourd,Zaid,Madhya Pradesh,21829,2464,4256,8280,2520,2517,1792,21829,INR/Acre,State Horticulture Dept Guidelines,2024-2025
ridge gourd,Kharif,Uttar Pradesh,21954,2400,4000,8740,2500,2614,1700,21954,INR/Acre,State Horticulture Dept Guidelines,2024-2025
ridge gourd,Kharif,Punjab,25745,2400,4000,11875,2800,2970,1700,25745,INR/Acre,State Horticulture Dept Guidelines,2024-2025
ridge gourd,Kharif,Haryana,25428,2400,4000,11590,2800,2938,1700,25428,INR/Acre,State Horticulture Dept Guidelines,2024-2025
ridge gourd,Kharif,Bihar,21280,2400,4000,8360,2250,2570,1700,21280,INR/Acre,State Horticulture Dept Guidelines,2024-2025
ridge gourd,Kharif,West Bengal,22425,2400,4000,9500,2125,2700,1700,22425,INR/Acre,State Horticulture Dept Guidelines,2024-2025
ridge gourd,Kharif,Rajasthan,23250,2400,4000,9500,2950,2700,1700,23250,INR/Acre,State Horticulture Dept Guidelines,2024-2025
ridge gourd,Kharif,Gujarat,23810,2400,4000,10070,2875,2765,1700,23810,INR/Acre,State Horticulture Dept Guidelines,2024-2025
ridge gourd,Kharif,Maharashtra,23846,2400,4000,10260,2700,2786,1700,23846,INR/Acre,State Horticulture Dept Guidelines,2024-2025
ridge gourd,Kharif,Karnataka,23983,2400,4000,10450,2625,2808,1700,23983,INR/Acre,State Horticulture Dept Guidelines,2024-2025
ridge gourd,Kharif,Andhra Pradesh,23983,2400,4000,10450,2625,2808,1700,23983,INR/Acre,State Horticulture Dept Guidelines,2024-2025
ridge gourd,Kharif,Telangana,23983,2400,4000,10450,2625,2808,1700,23983,INR/Acre,State Horticulture Dept Guidelines,2024-2025
ridge gourd,Kharif,Tamil Nadu,24320,2400,4000,10640,2750,2830,1700,24320,INR/Acre,State Horticulture Dept Guidelines,2024-2025
ridge gourd,Kharif,Madhya Pradesh,21954,2400,4000,8740,2500,2614,1700,21954,INR/Acre,State Horticulture Dept Guidelines,2024-2025
ridge gourd,Zaid,Uttar Pradesh,23051,2688,4480,8740,2625,2614,1904,23051,INR/Acre,State Horticulture Dept Guidelines,2024-2025
ridge gourd,Zaid,Punjab,26857,2688,4480,11875,2940,2970,1904,26857,INR/Acre,State Horticulture Dept Guidelines,2024-2025
ridge gourd,Zaid,Haryana,26540,2688,4480,11590,2940,2938,1904,26540,INR/Acre,State Horticulture Dept Guidelines,2024-2025
ridge gourd,Zaid,Bihar,22364,2688,4480,8360,2362,2570,1904,22364,INR/Acre,State Horticulture Dept Guidelines,2024-2025
ridge gourd,Zaid,West Bengal,23503,2688,4480,9500,2231,2700,1904,23503,INR/Acre,State Horticulture Dept Guidelines,2024-2025
ridge gourd,Zaid,Rajasthan,24370,2688,4480,9500,3098,2700,1904,24370,INR/Acre,State Horticulture Dept Guidelines,2024-2025
ridge gourd,Zaid,Gujarat,24926,2688,4480,10070,3019,2765,1904,24926,INR/Acre,State Horticulture Dept Guidelines,2024-2025
ridge gourd,Zaid,Maharashtra,24953,2688,4480,10260,2835,2786,1904,24953,INR/Acre,State Horticulture Dept Guidelines,2024-2025
ridge gourd,Zaid,Karnataka,25086,2688,4480,10450,2756,2808,1904,25086,INR/Acre,State Horticulture Dept Guidelines,2024-2025
ridge gourd,Zaid,Andhra Pradesh,25086,2688,4480,10450,2756,2808,1904,25086,INR/Acre,State Horticulture Dept Guidelines,2024-2025
ridge gourd,Zaid,Telangana,25086,2688,4480,10450,2756,2808,1904,25086,INR/Acre,State Horticulture Dept Guidelines,2024-2025
ridge gourd,Zaid,Tamil Nadu,25430,2688,4480,10640,2888,2830,1904,25430,INR/Acre,State Horticulture Dept Guidelines,2024-2025
ridge gourd,Zaid,Madhya Pradesh,23051,2688,4480,8740,2625,2614,1904,23051,INR/Acre,State Horticulture Dept Guidelines,2024-2025
sponge gourd,Kharif,Uttar Pradesh,21331,2300,3900,8464,2500,2517,1650,21331,INR/Acre,State Horticulture Dept Guidelines,2024-2025
sponge gourd,Kharif,Punjab,25010,2300,3900,11500,2800,2860,1650,25010,INR/Acre,State Horticulture Dept Guidelines,2024-2025
sponge gourd,Kharif,Haryana,24703,2300,3900,11224,2800,2829,1650,24703,INR/Acre,State Horticulture Dept Guidelines,2024-2025
sponge gourd,Kharif,Bihar,20671,2300,3900,8096,2250,2475,1650,20671,INR/Acre,State Horticulture Dept Guidelines,2024-2025
sponge gourd,Kharif,West Bengal,21775,2300,3900,9200,2125,2600,1650,21775,INR/Acre,State Horticulture Dept Guidelines,2024-2025
sponge gourd,Kharif,Rajasthan,22600,2300,3900,9200,2950,2600,1650,22600,INR/Acre,State Horticulture Dept Guidelines,2024-2025
sponge gourd,Kharif,Gujarat,23139,2300,3900,9752,2875,2662,1650,23139,INR/Acre,State Horticulture Dept Guidelines,2024-2025
sponge gourd,Kharif,Maharashtra,23169,2300,3900,9936,2700,2683,1650,23169,INR/Acre,State Horticulture Dept Guidelines,2024-2025
sponge gourd,Kharif,Karnataka,23299,2300,3900,10120,2625,2704,1650,23299,INR/Acre,State Horticulture Dept Guidelines,2024-2025
sponge gourd,Kharif,Andhra Pradesh,23299,2300,3900,10120,2625,2704,1650,23299,INR/Acre,State Horticulture Dept Guidelines,2024-2025
sponge gourd,Kharif,Telangana,23299,2300,3900,10120,2625,2704,1650,23299,INR/Acre,State Horticulture Dept Guidelines,2024-2025
sponge gourd,Kharif,Tamil Nadu,23629,2300,3900,10304,2750,2725,1650,23629,INR/Acre,State Horticulture Dept Guidelines,2024-2025
sponge gourd,Kharif,Madhya Pradesh,21331,2300,3900,8464,2500,2517,1650,21331,INR/Acre,State Horticulture Dept Guidelines,2024-2025
sponge gourd,Zaid,Uttar Pradesh,22398,2576,4368,8464,2625,2517,1848,22398,INR/Acre,State Horticulture Dept Guidelines,2024-2025
sponge gourd,Zaid,Punjab,26092,2576,4368,11500,2940,2860,1848,26092,INR/Acre,State Horticulture Dept Guidelines,2024-2025
sponge gourd,Zaid,Haryana,25785,2576,4368,11224,2940,2829,1848,25785,INR/Acre,State Horticulture Dept Guidelines,2024-2025
sponge gourd,Zaid,Bihar,21725,2576,4368,8096,2362,2475,1848,21725,INR/Acre,State Horticulture Dept Guidelines,2024-2025
sponge gourd,Zaid,West Bengal,22823,2576,4368,9200,2231,2600,1848,22823,INR/Acre,State Horticulture Dept Guidelines,2024-2025
sponge gourd,Zaid,Rajasthan,23690,2576,4368,9200,3098,2600,1848,23690,INR/Acre,State Horticulture Dept Guidelines,2024-2025
sponge gourd,Zaid,Gujarat,24225,2576,4368,9752,3019,2662,1848,24225,INR/Acre,State Horticulture Dept Guidelines,2024-2025
sponge gourd,Zaid,Maharashtra,24246,2576,4368,9936,2835,2683,1848,24246,INR/Acre,State Horticulture Dept Guidelines,2024-2025
sponge gourd,Zaid,Karnataka,24372,2576,4368,10120,2756,2704,1848,24372,INR/Acre,State Horticulture Dept Guidelines,2024-2025
sponge gourd,Zaid,Andhra Pradesh,24372,2576,4368,10120,2756,2704,1848,24372,INR/Acre,State Horticulture Dept Guidelines,2024-2025
sponge gourd,Zaid,Telangana,24372,2576,4368,10120,2756,2704,1848,24372,INR/Acre,State Horticulture Dept Guidelines,2024-2025
sponge gourd,Zaid,Tamil Nadu,24709,2576,4368,10304,2888,2725,1848,24709,INR/Acre,State Horticulture Dept Guidelines,2024-2025
sponge gourd,Zaid,Madhya Pradesh,22398,2576,4368,8464,2625,2517,1848,22398,INR/Acre,State Horticulture Dept Guidelines,2024-2025
snake gourd,Kharif,Uttar Pradesh,21954,2400,4000,8740,2500,2614,1700,21954,INR/Acre,State Horticulture Dept Guidelines,2024-2025
snake gourd,Kharif,Punjab,25745,2400,4000,11875,2800,2970,1700,25745,INR/Acre,State Horticulture Dept Guidelines,2024-2025
snake gourd,Kharif,Haryana,25428,2400,4000,11590,2800,2938,1700,25428,INR/Acre,State Horticulture Dept Guidelines,2024-2025
snake gourd,Kharif,Bihar,21280,2400,4000,8360,2250,2570,1700,21280,INR/Acre,State Horticulture Dept Guidelines,2024-2025
snake gourd,Kharif,West Bengal,22425,2400,4000,9500,2125,2700,1700,22425,INR/Acre,State Horticulture Dept Guidelines,2024-2025
snake gourd,Kharif,Rajasthan,23250,2400,4000,9500,2950,2700,1700,23250,INR/Acre,State Horticulture Dept Guidelines,2024-2025
snake gourd,Kharif,Gujarat,23810,2400,4000,10070,2875,2765,1700,23810,INR/Acre,State Horticulture Dept Guidelines,2024-2025
snake gourd,Kharif,Maharashtra,23846,2400,4000,10260,2700,2786,1700,23846,INR/Acre,State Horticulture Dept Guidelines,2024-2025
snake gourd,Kharif,Karnataka,23983,2400,4000,10450,2625,2808,1700,23983,INR/Acre,State Horticulture Dept Guidelines,2024-2025
snake gourd,Kharif,Andhra Pradesh,23983,2400,4000,10450,2625,2808,1700,23983,INR/Acre,State Horticulture Dept Guidelines,2024-2025
snake gourd,Kharif,Telangana,23983,2400,4000,10450,2625,2808,1700,23983,INR/Acre,State Horticulture Dept Guidelines,2024-2025
snake gourd,Kharif,Tamil Nadu,24320,2400,4000,10640,2750,2830,1700,24320,INR/Acre,State Horticulture Dept Guidelines,2024-2025
snake gourd,Kharif,Madhya Pradesh,21954,2400,4000,8740,2500,2614,1700,21954,INR/Acre,State Horticulture Dept Guidelines,2024-2025
snake gourd,Zaid,Uttar Pradesh,23051,2688,4480,8740,2625,2614,1904,23051,INR/Acre,State Horticulture Dept Guidelines,2024-2025
snake gourd,Zaid,Punjab,26857,2688,4480,11875,2940,2970,1904,26857,INR/Acre,State Horticulture Dept Guidelines,2024-2025
snake gourd,Zaid,Haryana,26540,2688,4480,11590,2940,2938,1904,26540,INR/Acre,State Horticulture Dept Guidelines,2024-2025
snake gourd,Zaid,Bihar,22364,2688,4480,8360,2362,2570,1904,22364,INR/Acre,State Horticulture Dept Guidelines,2024-2025
snake gourd,Zaid,West Bengal,23503,2688,4480,9500,2231,2700,1904,23503,INR/Acre,State Horticulture Dept Guidelines,2024-2025
snake gourd,Zaid,Rajasthan,24370,2688,4480,9500,3098,2700,1904,24370,INR/Acre,State Horticulture Dept Guidelines,2024-2025
snake gourd,Zaid,Gujarat,24926,2688,4480,10070,3019,2765,1904,24926,INR/Acre,State Horticulture Dept Guidelines,2024-2025
snake gourd,Zaid,Maharashtra,24953,2688,4480,10260,2835,2786,1904,24953,INR/Acre,State Horticulture Dept Guidelines,2024-2025
snake gourd,Zaid,Karnataka,25086,2688,4480,10450,2756,2808,1904,25086,INR/Acre,State Horticulture Dept Guidelines,2024-2025
snake gourd,Zaid,Andhra Pradesh,25086,2688,4480,10450,2756,2808,1904,25086,INR/Acre,State Horticulture Dept Guidelines,2024-2025
snake gourd,Zaid,Telangana,25086,2688,4480,10450,2756,2808,1904,25086,INR/Acre,State Horticulture Dept Guidelines,2024-2025
snake gourd,Zaid,Tamil Nadu,25430,2688,4480,10640,2888,2830,1904,25430,INR/Acre,State Horticulture Dept Guidelines,2024-2025
snake gourd,Zaid,Madhya Pradesh,23051,2688,4480,8740,2625,2614,1904,23051,INR/Acre,State Horticulture Dept Guidelines,2024-2025
bitter gourd,Kharif,Uttar Pradesh,24927,2800,4500,10120,2800,2807,1900,24927,INR/Acre,State Horticulture Dept Guidelines,2024-2025
bitter gourd,Kharif,Punjab,29276,2800,4500,13750,3136,3190,1900,29276,INR/Acre,State Horticulture Dept Guidelines,2024-2025
bitter gourd,Kharif,Haryana,28911,2800,4500,13420,3136,3155,1900,28911,INR/Acre,State Horticulture Dept Guidelines,2024-2025
bitter gourd,Kharif,Bihar,24161,2800,4500,9680,2520,2761,1900,24161,INR/Acre,State Horticulture Dept Guidelines,2024-2025
bitter gourd,Kharif,West Bengal,25480,2800,4500,11000,2380,2900,1900,25480,INR/Acre,State Horticulture Dept Guidelines,2024-2025
bitter gourd,Kharif,Rajasthan,26404,2800,4500,11000,3304,2900,1900,26404,INR/Acre,State Horticulture Dept Guidelines,2024-2025
bitter gourd,Kharif,Gujarat,27050,2800,4500,11660,3220,2970,1900,27050,INR/Acre,State Horticulture Dept Guidelines,2024-2025
bitter gourd,Kharif,Maharashtra,27097,2800,4500,11880,3024,2993,1900,27097,INR/Acre,State Horticulture Dept Guidelines,2024-2025
bitter gourd,Kharif,Karnataka,27256,2800,4500,12100,2940,3016,1900,27256,INR/Acre,State Horticulture Dept Guidelines,2024-2025
bitter gourd,Kharif,Andhra Pradesh,27256,2800,4500,12100,2940,3016,1900,27256,INR/Acre,State Horticulture Dept Guidelines,2024-2025
bitter gourd,Kharif,Telangana,27256,2800,4500,12100,2940,3016,1900,27256,INR/Acre,State Horticulture Dept Guidelines,2024-2025
bitter gourd,Kharif,Tamil Nadu,27639,2800,4500,12320,3080,3039,1900,27639,INR/Acre,State Horticulture Dept Guidelines,2024-2025
bitter gourd,Kharif,Madhya Pradesh,24927,2800,4500,10120,2800,2807,1900,24927,INR/Acre,State Horticulture Dept Guidelines,2024-2025
bitter gourd,Zaid,Uttar Pradesh,26171,3136,5040,10120,2940,2807,2128,26171,INR/Acre,State Horticulture Dept Guidelines,2024-2025
bitter gourd,Zaid,Punjab,30537,3136,5040,13750,3293,3190,2128,30537,INR/Acre,State Horticulture Dept Guidelines,2024-2025
bitter gourd,Zaid,Haryana,30172,3136,5040,13420,3293,3155,2128,30172,INR/Acre,State Horticulture Dept Guidelines,2024-2025
bitter gourd,Zaid,Bihar,25391,3136,5040,9680,2646,2761,2128,25391,INR/Acre,State Horticulture Dept Guidelines,2024-2025
bitter gourd,Zaid,West Bengal,26703,3136,5040,11000,2499,2900,2128,26703,INR/Acre,State Horticulture Dept Guidelines,2024-2025
bitter gourd,Zaid,Rajasthan,27673,3136,5040,11000,3469,2900,2128,27673,INR/Acre,State Horticulture Dept Guidelines,2024-2025
bitter gourd,Zaid,Gujarat,28315,3136,5040,11660,3381,2970,2128,28315,INR/Acre,State Horticulture Dept Guidelines,2024-2025
bitter gourd,Zaid,Maharashtra,28352,3136,5040,11880,3175,2993,2128,28352,INR/Acre,State Horticulture Dept Guidelines,2024-2025
bitter gourd,Zaid,Karnataka,28507,3136,5040,12100,3087,3016,2128,28507,INR/Acre,State Horticulture Dept Guidelines,2024-2025
bitter gourd,Zaid,Andhra Pradesh,28507,3136,5040,12100,3087,3016,2128,28507,INR/Acre,State Horticulture Dept Guidelines,2024-2025
bitter gourd,Zaid,Telangana,28507,3136,5040,12100,3087,3016,2128,28507,INR/Acre,State Horticulture Dept Guidelines,2024-2025
bitter gourd,Zaid,Tamil Nadu,28897,3136,5040,12320,3234,3039,2128,28897,INR/Acre,State Horticulture Dept Guidelines,2024-2025
bitter gourd,Zaid,Madhya Pradesh,26171,3136,5040,10120,2940,2807,2128,26171,INR/Acre,State Horticulture Dept Guidelines,2024-2025
bottle gourd,Kharif,Uttar Pradesh,20797,2200,3800,8280,2400,2517,1600,20797,INR/Acre,State Horticulture Dept Guidelines,2024-2025
bottle gourd,Kharif,Punjab,24398,2200,3800,11250,2688,2860,1600,24398,INR/Acre,State Horticulture Dept Guidelines,2024-2025
bottle gourd,Kharif,Haryana,24097,2200,3800,10980,2688,2829,1600,24097,INR/Acre,State Horticulture Dept Guidelines,2024-2025
bottle gourd,Kharif,Bihar,20155,2200,3800,7920,2160,2475,1600,20155,INR/Acre,State Horticulture Dept Guidelines,2024-2025
bottle gourd,Kharif,West Bengal,21240,2200,3800,9000,2040,2600,1600,21240,INR/Acre,State Horticulture Dept Guidelines,2024-2025
bottle gourd,Kharif,Rajasthan,22032,2200,3800,9000,2832,2600,1600,22032,INR/Acre,State Horticulture Dept Guidelines,2024-2025
bottle gourd,Kharif,Gujarat,22562,2200,3800,9540,2760,2662,1600,22562,INR/Acre,State Horticulture Dept Guidelines,2024-2025
bottle gourd,Kharif,Maharashtra,22595,2200,3800,9720,2592,2683,1600,22595,INR/Acre,State Horticulture Dept Guidelines,2024-2025
bottle gourd,Kharif,Karnataka,22724,2200,3800,9900,2520,2704,1600,22724,INR/Acre,State Horticulture Dept Guidelines,2024-2025
bottle gourd,Kharif,Andhra Pradesh,22724,2200,3800,9900,2520,2704,1600,22724,INR/Acre,State Horticulture Dept Guidelines,2024-2025
bottle gourd,Kharif,Telangana,22724,2200,3800,9900,2520,2704,1600,22724,INR/Acre,State Horticulture Dept Guidelines,2024-2025
bottle gourd,Kharif,Tamil Nadu,23045,2200,3800,10080,2640,2725,1600,23045,INR/Acre,State Horticulture Dept Guidelines,2024-2025
bottle gourd,Kharif,Madhya Pradesh,20797,2200,3800,8280,2400,2517,1600,20797,INR/Acre,State Horticulture Dept Guidelines,2024-2025
bottle gourd,Zaid,Uttar Pradesh,21829,2464,4256,8280,2520,2517,1792,21829,INR/Acre,State Horticulture Dept Guidelines,2024-2025
bottle gourd,Zaid,Punjab,25444,2464,4256,11250,2822,2860,1792,25444,INR/Acre,State Horticulture Dept Guidelines,2024-2025
bottle gourd,Zaid,Haryana,25143,2464,4256,10980,2822,2829,1792,25143,INR/Acre,State Horticulture Dept Guidelines,2024-2025
bottle gourd,Zaid,Bihar,21175,2464,4256,7920,2268,2475,1792,21175,INR/Acre,State Horticulture Dept Guidelines,2024-2025
bottle gourd,Zaid,West Bengal,22254,2464,4256,9000,2142,2600,1792,22254,INR/Acre,State Horticulture Dept Guidelines,2024-2025
bottle gourd,Zaid,Rajasthan,23086,2464,4256,9000,2974,2600,1792,23086,INR/Acre,State Horticulture Dept Guidelines,2024-2025
bottle gourd,Zaid,Gujarat,23612,2464,4256,9540,2898,2662,1792,23612,INR/Acre,State Horticulture Dept Guidelines,2024-2025
bottle gourd,Zaid,Maharashtra,23637,2464,4256,9720,2722,2683,1792,23637,INR/Acre,State Horticulture Dept Guidelines,2024-2025
bottle gourd,Zaid,Karnataka,23762,2464,4256,9900,2646,2704,1792,23762,INR/Acre,State Horticulture Dept Guidelines,2024-2025
bottle gourd,Zaid,Andhra Pradesh,23762,2464,4256,9900,2646,2704,1792,23762,INR/Acre,State Horticulture Dept Guidelines,2024-2025
bottle gourd,Zaid,Telangana,23762,2464,4256,9900,2646,2704,1792,23762,INR/Acre,State Horticulture Dept Guidelines,2024-2025
bottle gourd,Zaid,Tamil Nadu,24089,2464,4256,10080,2772,2725,1792,24089,INR/Acre,State Horticulture Dept Guidelines,2024-2025
bottle gourd,Zaid,Madhya Pradesh,21829,2464,4256,8280,2520,2517,1792,21829,INR/Acre,State Horticulture Dept Guidelines,2024-2025
cucumber,Kharif,Uttar Pradesh,23670,2600,4200,9660,2700,2710,1800,23670,INR/Acre,State Horticulture Dept Guidelines,2024-2025
cucumber,Kharif,Punjab,27829,2600,4200,13125,3024,3080,1800,27829,INR/Acre,State Horticulture Dept Guidelines,2024-2025
cucumber,Kharif,Haryana,27480,2600,4200,12810,3024,3046,1800,27480,INR/Acre,State Horticulture Dept Guidelines,2024-2025
cucumber,Kharif,Bihar,22936,2600,4200,9240,2430,2666,1800,22936,INR/Acre,State Horticulture Dept Guidelines,2024-2025
cucumber,Kharif,West Bengal,24195,2600,4200,10500,2295,2800,1800,24195,INR/Acre,State Horticulture Dept Guidelines,2024-2025
cucumber,Kharif,Rajasthan,25086,2600,4200,10500,3186,2800,1800,25086,INR/Acre,State Horticulture Dept Guidelines,2024-2025
cucumber,Kharif,Gujarat,25702,2600,4200,11130,3105,2867,1800,25702,INR/Acre,State Horticulture Dept Guidelines,2024-2025
cucumber,Kharif,Maharashtra,25746,2600,4200,11340,2916,2890,1800,25746,INR/Acre,State Horticulture Dept Guidelines,2024-2025
cucumber,Kharif,Karnataka,25897,2600,4200,11550,2835,2912,1800,25897,INR/Acre,State Horticulture Dept Guidelines,2024-2025
cucumber,Kharif,Andhra Pradesh,25897,2600,4200,11550,2835,2912,1800,25897,INR/Acre,State Horticulture Dept Guidelines,2024-2025
cucumber,Kharif,Telangana,25897,2600,4200,11550,2835,2912,1800,25897,INR/Acre,State Horticulture Dept Guidelines,2024-2025
cucumber,Kharif,Tamil Nadu,26264,2600,4200,11760,2970,2934,1800,26264,INR/Acre,State Horticulture Dept Guidelines,2024-2025
cucumber,Kharif,Madhya Pradesh,23670,2600,4200,9660,2700,2710,1800,23670,INR/Acre,State Horticulture Dept Guidelines,2024-2025
cucumber,Zaid,Uttar Pradesh,24837,2912,4704,9660,2835,2710,2016,24837,INR/Acre,State Horticulture Dept Guidelines,2024-2025
cucumber,Zaid,Punjab,29012,2912,4704,13125,3175,3080,2016,29012,INR/Acre,State Horticulture Dept Guidelines,2024-2025
cucumber,Zaid,Haryana,28663,2912,4704,12810,3175,3046,2016,28663,INR/Acre,State Horticulture Dept Guidelines,2024-2025
cucumber,Zaid,Bihar,24090,2912,4704,9240,2552,2666,2016,24090,INR/Acre,State Horticulture Dept Guidelines,2024-2025
cucumber,Zaid,West Bengal,25342,2912,4704,10500,2410,2800,2016,25342,INR/Acre,State Horticulture Dept Guidelines,2024-2025
cucumber,Zaid,Rajasthan,26277,2912,4704,10500,3345,2800,2016,26277,INR/Acre,State Horticulture Dept Guidelines,2024-2025
cucumber,Zaid,Gujarat,26889,2912,4704,11130,3260,2867,2016,26889,INR/Acre,State Horticulture Dept Guidelines,2024-2025
cucumber,Zaid,Maharashtra,26924,2912,4704,11340,3062,2890,2016,26924,INR/Acre,State Horticulture Dept Guidelines,2024-2025
cucumber,Zaid,Karnataka,27071,2912,4704,11550,2977,2912,2016,27071,INR/Acre,State Horticulture Dept Guidelines,2024-2025
cucumber,Zaid,Andhra Pradesh,27071,2912,4704,11550,2977,2912,2016,27071,INR/Acre,State Horticulture Dept Guidelines,2024-2025
cucumber,Zaid,Telangana,27071,2912,4704,11550,2977,2912,2016,27071,INR/Acre,State Horticulture Dept Guidelines,2024-2025
cucumber,Zaid,Tamil Nadu,27445,2912,4704,11760,3119,2934,2016,27445,INR/Acre,State Horticulture Dept Guidelines,2024-2025
cucumber,Zaid,Madhya Pradesh,24837,2912,4704,9660,2835,2710,2016,24837,INR/Acre,State Horticulture Dept Guidelines,2024-2025
pumpkin,Kharif,Uttar Pradesh,19540,2000,3600,7820,2200,2420,1500,19540,INR/Acre,State Horticulture Dept Guidelines,2024-2025
pumpkin,Kharif,Punjab,22939,2000,3600,10625,2464,2750,1500,22939,INR/Acre,State Horticulture Dept Guidelines,2024-2025
pumpkin,Kharif,Haryana,22654,2000,3600,10370,2464,2720,1500,22654,INR/Acre,State Horticulture Dept Guidelines,2024-2025
pumpkin,Kharif,Bihar,18940,2000,3600,7480,1980,2380,1500,18940,INR/Acre,State Horticulture Dept Guidelines,2024-2025
pumpkin,Kharif,West Bengal,19970,2000,3600,8500,1870,2500,1500,19970,INR/Acre,State Horticulture Dept Guidelines,2024-2025
pumpkin,Kharif,Rajasthan,20696,2000,3600,8500,2596,2500,1500,20696,INR/Acre,State Horticulture Dept Guidelines,2024-2025
pumpkin,Kharif,Gujarat,21200,2000,3600,9010,2530,2560,1500,21200,INR/Acre,State Horticulture Dept Guidelines,2024-2025
pumpkin,Kharif,Maharashtra,21236,2000,3600,9180,2376,2580,1500,21236,INR/Acre,State Horticulture Dept Guidelines,2024-2025
pumpkin,Kharif,Karnataka,21360,2000,3600,9350,2310,2600,1500,21360,INR/Acre,State Horticulture Dept Guidelines,2024-2025
pumpkin,Kharif,Andhra Pradesh,21360,2000,3600,9350,2310,2600,1500,21360,INR/Acre,State Horticulture Dept Guidelines,2024-2025
pumpkin,Kharif,Telangana,21360,2000,3600,9350,2310,2600,1500,21360,INR/Acre,State Horticulture Dept Guidelines,2024-2025
pumpkin,Kharif,Tamil Nadu,21660,2000,3600,9520,2420,2620,1500,21660,INR/Acre,State Horticulture Dept Guidelines,2024-2025
pumpkin,Kharif,Madhya Pradesh,19540,2000,3600,7820,2200,2420,1500,19540,INR/Acre,State Horticulture Dept Guidelines,2024-2025
pumpkin,Zaid,Uttar Pradesh,20502,2240,4032,7820,2310,2420,1680,20502,INR/Acre,State Horticulture Dept Guidelines,2024-2025
pumpkin,Zaid,Punjab,23914,2240,4032,10625,2587,2750,1680,23914,INR/Acre,State Horticulture Dept Guidelines,2024-2025
pumpkin,Zaid,Haryana,23629,2240,4032,10370,2587,2720,1680,23629,INR/Acre,State Horticulture Dept Guidelines,2024-2025
pumpkin,Zaid,Bihar,19891,2240,4032,7480,2079,2380,1680,19891,INR/Acre,State Horticulture Dept Guidelines,2024-2025
pumpkin,Zaid,West Bengal,20916,2240,4032,8500,1964,2500,1680,20916,INR/Acre,State Horticulture Dept Guidelines,2024-2025
pumpkin,Zaid,Rajasthan,21678,2240,4032,8500,2726,2500,1680,21678,INR/Acre,State Horticulture Dept Guidelines,2024-2025
pumpkin,Zaid,Gujarat,22178,2240,4032,9010,2656,2560,1680,22178,INR/Acre,State Horticulture Dept Guidelines,2024-2025
pumpkin,Zaid,Maharashtra,22207,2240,4032,9180,2495,2580,1680,22207,INR/Acre,State Horticulture Dept Guidelines,2024-2025
pumpkin,Zaid,Karnataka,22328,2240,4032,9350,2426,2600,1680,22328,INR/Acre,State Horticulture Dept Guidelines,2024-2025
pumpkin,Zaid,Andhra Pradesh,22328,2240,4032,9350,2426,2600,1680,22328,INR/Acre,State Horticulture Dept Guidelines,2024-2025
pumpkin,Zaid,Telangana,22328,2240,4032,9350,2426,2600,1680,22328,INR/Acre,State Horticulture Dept Guidelines,2024-2025
pumpkin,Zaid,Tamil Nadu,22633,2240,4032,9520,2541,2620,1680,22633,INR/Acre,State Horticulture Dept Guidelines,2024-2025
pumpkin,Zaid,Madhya Pradesh,20502,2240,4032,7820,2310,2420,1680,20502,INR/Acre,State Horticulture Dept Guidelines,2024-2025
squash,Kharif,Uttar Pradesh,20513,2200,3800,8096,2300,2517,1600,20513,INR/Acre,State Horticulture Dept Guidelines,2024-2025
squash,Kharif,Punjab,24036,2200,3800,11000,2576,2860,1600,24036,INR/Acre,State Horticulture Dept Guidelines,2024-2025
squash,Kharif,Haryana,23741,2200,3800,10736,2576,2829,1600,23741,INR/Acre,State Horticulture Dept Guidelines,2024-2025
squash,Kharif,Bihar,19889,2200,3800,7744,2070,2475,1600,19889,INR/Acre,State Horticulture Dept Guidelines,2024-2025
squash,Kharif,West Bengal,20955,2200,3800,8800,1955,2600,1600,20955,INR/Acre,State Horticulture Dept Guidelines,2024-2025
squash,Kharif,Rajasthan,21714,2200,3800,8800,2714,2600,1600,21714,INR/Acre,State Horticulture Dept Guidelines,2024-2025
squash,Kharif,Gujarat,22235,2200,3800,9328,2645,2662,1600,22235,INR/Acre,State Horticulture Dept Guidelines,2024-2025
squash,Kharif,Maharashtra,22271,2200,3800,9504,2484,2683,1600,22271,INR/Acre,State Horticulture Dept Guidelines,2024-2025
squash,Kharif,Karnataka,22399,2200,3800,9680,2415,2704,1600,22399,INR/Acre,State Horticulture Dept Guidelines,2024-2025
squash,Kharif,Andhra Pradesh,22399,2200,3800,9680,2415,2704,1600,22399,INR/Acre,State Horticulture Dept Guidelines,2024-2025
squash,Kharif,Telangana,22399,2200,3800,9680,2415,2704,1600,22399,INR/Acre,State Horticulture Dept Guidelines,2024-2025
squash,Kharif,Tamil Nadu,22711,2200,3800,9856,2530,2725,1600,22711,INR/Acre,State Horticulture Dept Guidelines,2024-2025
squash,Kharif,Madhya Pradesh,20513,2200,3800,8096,2300,2517,1600,20513,INR/Acre,State Horticulture Dept Guidelines,2024-2025
squash,Zaid,Uttar Pradesh,21540,2464,4256,8096,2415,2517,1792,21540,INR/Acre,State Horticulture Dept Guidelines,2024-2025
squash,Zaid,Punjab,25077,2464,4256,11000,2705,2860,1792,25077,INR/Acre,State Horticulture Dept Guidelines,2024-2025
squash,Zaid,Haryana,24782,2464,4256,10736,2705,2829,1792,24782,INR/Acre,State Horticulture Dept Guidelines,2024-2025
squash,Zaid,Bihar,20905,2464,4256,7744,2174,2475,1792,20905,INR/Acre,State Horticulture Dept Guidelines,2024-2025
squash,Zaid,West Bengal,21965,2464,4256,8800,2053,2600,1792,21965,INR/Acre,State Horticulture Dept Guidelines,2024-2025
squash,Zaid,Rajasthan,22762,2464,4256,8800,2850,2600,1792,22762,INR/Acre,State Horticulture Dept Guidelines,2024-2025
squash,Zaid,Gujarat,23279,2464,4256,9328,2777,2662,1792,23279,INR/Acre,State Horticulture Dept Guidelines,2024-2025
squash,Zaid,Maharashtra,23307,2464,4256,9504,2608,2683,1792,23307,INR/Acre,State Horticulture Dept Guidelines,2024-2025
squash,Zaid,Karnataka,23432,2464,4256,9680,2536,2704,1792,23432,INR/Acre,State Horticulture Dept Guidelines,2024-2025
squash,Zaid,Andhra Pradesh,23432,2464,4256,9680,2536,2704,1792,23432,INR/Acre,State Horticulture Dept Guidelines,2024-2025
squash,Zaid,Telangana,23432,2464,4256,9680,2536,2704,1792,23432,INR/Acre,State Horticulture Dept Guidelines,2024-2025
squash,Zaid,Tamil Nadu,23749,2464,4256,9856,2656,2725,1792,23749,INR/Acre,State Horticulture Dept Guidelines,2024-2025
squash,Zaid,Madhya Pradesh,21540,2464,4256,8096,2415,2517,1792,21540,INR/Acre,State Horticulture Dept Guidelines,2024-2025
chow chow,Kharif,Uttar Pradesh,20500,2500,3500,8280,2200,2420,1600,20500,INR/Acre,Hill Horticulture State Guidelines,2024-2025
chow chow,Kharif,Punjab,24064,2500,3500,11250,2464,2750,1600,24064,INR/Acre,Hill Horticulture State Guidelines,2024-2025
chow chow,Kharif,Haryana,23764,2500,3500,10980,2464,2720,1600,23764,INR/Acre,Hill Horticulture State Guidelines,2024-2025
chow chow,Kharif,Bihar,19880,2500,3500,7920,1980,2380,1600,19880,INR/Acre,Hill Horticulture State Guidelines,2024-2025
chow chow,Kharif,West Bengal,20970,2500,3500,9000,1870,2500,1600,20970,INR/Acre,Hill Horticulture State Guidelines,2024-2025
chow chow,Kharif,Rajasthan,21696,2500,3500,9000,2596,2500,1600,21696,INR/Acre,Hill Horticulture State Guidelines,2024-2025
chow chow,Kharif,Gujarat,22230,2500,3500,9540,2530,2560,1600,22230,INR/Acre,Hill Horticulture State Guidelines,2024-2025
chow chow,Kharif,Maharashtra,22276,2500,3500,9720,2376,2580,1600,22276,INR/Acre,Hill Horticulture State Guidelines,2024-2025
chow chow,Kharif,Karnataka,22410,2500,3500,9900,2310,2600,1600,22410,INR/Acre,Hill Horticulture State Guidelines,2024-2025
chow chow,Kharif,Andhra Pradesh,22410,2500,3500,9900,2310,2600,1600,22410,INR/Acre,Hill Horticulture State Guidelines,2024-2025
chow chow,Kharif,Telangana,22410,2500,3500,9900,2310,2600,1600,22410,INR/Acre,Hill Horticulture State Guidelines,2024-2025
chow chow,Kharif,Tamil Nadu,22720,2500,3500,10080,2420,2620,1600,22720,INR/Acre,Hill Horticulture State Guidelines,2024-2025
chow chow,Kharif,Madhya Pradesh,20500,2500,3500,8280,2200,2420,1600,20500,INR/Acre,Hill Horticulture State Guidelines,2024-2025
chow chow,Zaid,Uttar Pradesh,21522,2800,3920,8280,2310,2420,1792,21522,INR/Acre,Hill Horticulture State Guidelines,2024-2025
chow chow,Zaid,Punjab,25099,2800,3920,11250,2587,2750,1792,25099,INR/Acre,Hill Horticulture State Guidelines,2024-2025
chow chow,Zaid,Haryana,24799,2800,3920,10980,2587,2720,1792,24799,INR/Acre,Hill Horticulture State Guidelines,2024-2025
chow chow,Zaid,Bihar,20891,2800,3920,7920,2079,2380,1792,20891,INR/Acre,Hill Horticulture State Guidelines,2024-2025
chow chow,Zaid,West Bengal,21976,2800,3920,9000,1964,2500,1792,21976,INR/Acre,Hill Horticulture State Guidelines,2024-2025
chow chow,Zaid,Rajasthan,22738,2800,3920,9000,2726,2500,1792,22738,INR/Acre,Hill Horticulture State Guidelines,2024-2025
chow chow,Zaid,Gujarat,23268,2800,3920,9540,2656,2560,1792,23268,INR/Acre,Hill Horticulture State Guidelines,2024-2025
chow chow,Zaid,Maharashtra,23307,2800,3920,9720,2495,2580,1792,23307,INR/Acre,Hill Horticulture State Guidelines,2024-2025
chow chow,Zaid,Karnataka,23438,2800,3920,9900,2426,2600,1792,23438,INR/Acre,Hill Horticulture State Guidelines,2024-2025
chow chow,Zaid,Andhra Pradesh,23438,2800,3920,9900,2426,2600,1792,23438,INR/Acre,Hill Horticulture State Guidelines,2024-2025
chow chow,Zaid,Telangana,23438,2800,3920,9900,2426,2600,1792,23438,INR/Acre,Hill Horticulture State Guidelines,2024-2025
chow chow,Zaid,Tamil Nadu,23753,2800,3920,10080,2541,2620,1792,23753,INR/Acre,Hill Horticulture State Guidelines,2024-2025
chow chow,Zaid,Madhya Pradesh,21522,2800,3920,8280,2310,2420,1792,21522,INR/Acre,Hill Horticulture State Guidelines,2024-2025
round gourd (tinda),Kharif,Uttar Pradesh,19832,2100,3600,7912,2300,2420,1500,19832,INR/Acre,State Horticulture Dept Guidelines,2024-2025
round gourd (tinda),Kharif,Punjab,23276,2100,3600,10750,2576,2750,1500,23276,INR/Acre,State Horticulture Dept Guidelines,2024-2025
round gourd (tinda),Kharif,Haryana,22988,2100,3600,10492,2576,2720,1500,22988,INR/Acre,State Horticulture Dept Guidelines,2024-2025
round gourd (tinda),Kharif,Bihar,19218,2100,3600,7568,2070,2380,1500,19218,INR/Acre,State Horticulture Dept Guidelines,2024-2025
round gourd (tinda),Kharif,West Bengal,20255,2100,3600,8600,1955,2500,1500,20255,INR/Acre,State Horticulture Dept Guidelines,2024-2025
round gourd (tinda),Kharif,Rajasthan,21014,2100,3600,8600,2714,2500,1500,21014,INR/Acre,State Horticulture Dept Guidelines,2024-2025
round gourd (tinda),Kharif,Gujarat,21521,2100,3600,9116,2645,2560,1500,21521,INR/Acre,State Horticulture Dept Guidelines,2024-2025
round gourd (tinda),Kharif,Maharashtra,21552,2100,3600,9288,2484,2580,1500,21552,INR/Acre,State Horticulture Dept Guidelines,2024-2025
round gourd (tinda),Kharif,Karnataka,21675,2100,3600,9460,2415,2600,1500,21675,INR/Acre,State Horticulture Dept Guidelines,2024-2025
round gourd (tinda),Kharif,Andhra Pradesh,21675,2100,3600,9460,2415,2600,1500,21675,INR/Acre,State Horticulture Dept Guidelines,2024-2025
round gourd (tinda),Kharif,Telangana,21675,2100,3600,9460,2415,2600,1500,21675,INR/Acre,State Horticulture Dept Guidelines,2024-2025
round gourd (tinda),Kharif,Tamil Nadu,21982,2100,3600,9632,2530,2620,1500,21982,INR/Acre,State Horticulture Dept Guidelines,2024-2025
round gourd (tinda),Kharif,Madhya Pradesh,19832,2100,3600,7912,2300,2420,1500,19832,INR/Acre,State Horticulture Dept Guidelines,2024-2025
round gourd (tinda),Zaid,Uttar Pradesh,20811,2352,4032,7912,2415,2420,1680,20811,INR/Acre,State Horticulture Dept Guidelines,2024-2025
round gourd (tinda),Zaid,Punjab,24269,2352,4032,10750,2705,2750,1680,24269,INR/Acre,State Horticulture Dept Guidelines,2024-2025
round gourd (tinda),Zaid,Haryana,23981,2352,4032,10492,2705,2720,1680,23981,INR/Acre,State Horticulture Dept Guidelines,2024-2025
round gourd (tinda),Zaid,Bihar,20186,2352,4032,7568,2174,2380,1680,20186,INR/Acre,State Horticulture Dept Guidelines,2024-2025
round gourd (tinda),Zaid,West Bengal,21217,2352,4032,8600,2053,2500,1680,21217,INR/Acre,State Horticulture Dept Guidelines,2024-2025
round gourd (tinda),Zaid,Rajasthan,22014,2352,4032,8600,2850,2500,1680,22014,INR/Acre,State Horticulture Dept Guidelines,2024-2025
round gourd (tinda),Zaid,Gujarat,22517,2352,4032,9116,2777,2560,1680,22517,INR/Acre,State Horticulture Dept Guidelines,2024-2025
round gourd (tinda),Zaid,Maharashtra,22540,2352,4032,9288,2608,2580,1680,22540,INR/Acre,State Horticulture Dept Guidelines,2024-2025
round gourd (tinda),Zaid,Karnataka,22660,2352,4032,9460,2536,2600,1680,22660,INR/Acre,State Horticulture Dept Guidelines,2024-2025
round gourd (tinda),Zaid,Andhra Pradesh,22660,2352,4032,9460,2536,2600,1680,22660,INR/Acre,State Horticulture Dept Guidelines,2024-2025
round gourd (tinda),Zaid,Telangana,22660,2352,4032,9460,2536,2600,1680,22660,INR/Acre,State Horticulture Dept Guidelines,2024-2025
round gourd (tinda),Zaid,Tamil Nadu,22972,2352,4032,9632,2656,2620,1680,22972,INR/Acre,State Horticulture Dept Guidelines,2024-2025
round gourd (tinda),Zaid,Madhya Pradesh,20811,2352,4032,7912,2415,2420,1680,20811,INR/Acre,State Horticulture Dept Guidelines,2024-2025
wax gourd,Kharif,Uttar Pradesh,19201,2000,3500,7728,2200,2323,1450,19201,INR/Acre,State Horticulture Dept Guidelines,2024-2025
wax gourd,Kharif,Punjab,22554,2000,3500,10500,2464,2640,1450,22554,INR/Acre,State Horticulture Dept Guidelines,2024-2025
wax gourd,Kharif,Haryana,22273,2000,3500,10248,2464,2611,1450,22273,INR/Acre,State Horticulture Dept Guidelines,2024-2025
wax gourd,Kharif,Bihar,18607,2000,3500,7392,1980,2285,1450,18607,INR/Acre,State Horticulture Dept Guidelines,2024-2025
wax gourd,Kharif,West Bengal,19620,2000,3500,8400,1870,2400,1450,19620,INR/Acre,State Horticulture Dept Guidelines,2024-2025
wax gourd,Kharif,Rajasthan,20346,2000,3500,8400,2596,2400,1450,20346,INR/Acre,State Horticulture Dept Guidelines,2024-2025
wax gourd,Kharif,Gujarat,20842,2000,3500,8904,2530,2458,1450,20842,INR/Acre,State Horticulture Dept Guidelines,2024-2025
wax gourd,Kharif,Maharashtra,20875,2000,3500,9072,2376,2477,1450,20875,INR/Acre,State Horticulture Dept Guidelines,2024-2025
wax gourd,Kharif,Karnataka,20996,2000,3500,9240,2310,2496,1450,20996,INR/Acre,State Horticulture Dept Guidelines,2024-2025
wax gourd,Kharif,Andhra Pradesh,20996,2000,3500,9240,2310,2496,1450,20996,INR/Acre,State Horticulture Dept Guidelines,2024-2025
wax gourd,Kharif,Telangana,20996,2000,3500,9240,2310,2496,1450,20996,INR/Acre,State Horticulture Dept Guidelines,2024-2025
wax gourd,Kharif,Tamil Nadu,21293,2000,3500,9408,2420,2515,1450,21293,INR/Acre,State Horticulture Dept Guidelines,2024-2025
wax gourd,Kharif,Madhya Pradesh,19201,2000,3500,7728,2200,2323,1450,19201,INR/Acre,State Horticulture Dept Guidelines,2024-2025
wax gourd,Zaid,Uttar Pradesh,20145,2240,3920,7728,2310,2323,1624,20145,INR/Acre,State Horticulture Dept Guidelines,2024-2025
wax gourd,Zaid,Punjab,23511,2240,3920,10500,2587,2640,1624,23511,INR/Acre,State Horticulture Dept Guidelines,2024-2025
wax gourd,Zaid,Haryana,23230,2240,3920,10248,2587,2611,1624,23230,INR/Acre,State Horticulture Dept Guidelines,2024-2025
wax gourd,Zaid,Bihar,19540,2240,3920,7392,2079,2285,1624,19540,INR/Acre,State Horticulture Dept Guidelines,2024-2025
wax gourd,Zaid,West Bengal,20548,2240,3920,8400,1964,2400,1624,20548,INR/Acre,State Horticulture Dept Guidelines,2024-2025
wax gourd,Zaid,Rajasthan,21310,2240,3920,8400,2726,2400,1624,21310,INR/Acre,State Horticulture Dept Guidelines,2024-2025
wax gourd,Zaid,Gujarat,21802,2240,3920,8904,2656,2458,1624,21802,INR/Acre,State Horticulture Dept Guidelines,2024-2025
wax gourd,Zaid,Maharashtra,21828,2240,3920,9072,2495,2477,1624,21828,INR/Acre,State Horticulture Dept Guidelines,2024-2025
wax gourd,Zaid,Karnataka,21946,2240,3920,9240,2426,2496,1624,21946,INR/Acre,State Horticulture Dept Guidelines,2024-2025
wax gourd,Zaid,Andhra Pradesh,21946,2240,3920,9240,2426,2496,1624,21946,INR/Acre,State Horticulture Dept Guidelines,2024-2025
wax gourd,Zaid,Telangana,21946,2240,3920,9240,2426,2496,1624,21946,INR/Acre,State Horticulture Dept Guidelines,2024-2025
wax gourd,Zaid,Tamil Nadu,22248,2240,3920,9408,2541,2515,1624,22248,INR/Acre,State Horticulture Dept Guidelines,2024-2025
wax gourd,Zaid,Madhya Pradesh,20145,2240,3920,7728,2310,2323,1624,20145,INR/Acre,State Horticulture Dept Guidelines,2024-2025
zucchini,Kharif,Uttar Pradesh,24767,3000,4500,9660,2800,2807,2000,24767,INR/Acre,NHB Polyhouse/Field Cost Guidelines,2024-2025
zucchini,Kharif,Punjab,28951,3000,4500,13125,3136,3190,2000,28951,INR/Acre,NHB Polyhouse/Field Cost Guidelines,2024-2025
zucchini,Kharif,Haryana,28601,3000,4500,12810,3136,3155,2000,28601,INR/Acre,NHB Polyhouse/Field Cost Guidelines,2024-2025
zucchini,Kharif,Bihar,24021,3000,4500,9240,2520,2761,2000,24021,INR/Acre,NHB Polyhouse/Field Cost Guidelines,2024-2025
zucchini,Kharif,West Bengal,25280,3000,4500,10500,2380,2900,2000,25280,INR/Acre,NHB Polyhouse/Field Cost Guidelines,2024-2025
zucchini,Kharif,Rajasthan,26204,3000,4500,10500,3304,2900,2000,26204,INR/Acre,NHB Polyhouse/Field Cost Guidelines,2024-2025
zucchini,Kharif,Gujarat,26820,3000,4500,11130,3220,2970,2000,26820,INR/Acre,NHB Polyhouse/Field Cost Guidelines,2024-2025
zucchini,Kharif,Maharashtra,26857,3000,4500,11340,3024,2993,2000,26857,INR/Acre,NHB Polyhouse/Field Cost Guidelines,2024-2025
zucchini,Kharif,Karnataka,27006,3000,4500,11550,2940,3016,2000,27006,INR/Acre,NHB Polyhouse/Field Cost Guidelines,2024-2025
zucchini,Kharif,Andhra Pradesh,27006,3000,4500,11550,2940,3016,2000,27006,INR/Acre,NHB Polyhouse/Field Cost Guidelines,2024-2025
zucchini,Kharif,Telangana,27006,3000,4500,11550,2940,3016,2000,27006,INR/Acre,NHB Polyhouse/Field Cost Guidelines,2024-2025
zucchini,Kharif,Tamil Nadu,27379,3000,4500,11760,3080,3039,2000,27379,INR/Acre,NHB Polyhouse/Field Cost Guidelines,2024-2025
zucchini,Kharif,Madhya Pradesh,24767,3000,4500,9660,2800,2807,2000,24767,INR/Acre,NHB Polyhouse/Field Cost Guidelines,2024-2025
zucchini,Zaid,Uttar Pradesh,26047,3360,5040,9660,2940,2807,2240,26047,INR/Acre,NHB Polyhouse/Field Cost Guidelines,2024-2025
zucchini,Zaid,Punjab,30248,3360,5040,13125,3293,3190,2240,30248,INR/Acre,NHB Polyhouse/Field Cost Guidelines,2024-2025
zucchini,Zaid,Haryana,29898,3360,5040,12810,3293,3155,2240,29898,INR/Acre,NHB Polyhouse/Field Cost Guidelines,2024-2025
zucchini,Zaid,Bihar,25287,3360,5040,9240,2646,2761,2240,25287,INR/Acre,NHB Polyhouse/Field Cost Guidelines,2024-2025
zucchini,Zaid,West Bengal,26539,3360,5040,10500,2499,2900,2240,26539,INR/Acre,NHB Polyhouse/Field Cost Guidelines,2024-2025
zucchini,Zaid,Rajasthan,27509,3360,5040,10500,3469,2900,2240,27509,INR/Acre,NHB Polyhouse/Field Cost Guidelines,2024-2025
zucchini,Zaid,Gujarat,28121,3360,5040,11130,3381,2970,2240,28121,INR/Acre,NHB Polyhouse/Field Cost Guidelines,2024-2025
zucchini,Zaid,Maharashtra,28148,3360,5040,11340,3175,2993,2240,28148,INR/Acre,NHB Polyhouse/Field Cost Guidelines,2024-2025
zucchini,Zaid,Karnataka,28293,3360,5040,11550,3087,3016,2240,28293,INR/Acre,NHB Polyhouse/Field Cost Guidelines,2024-2025
zucchini,Zaid,Andhra Pradesh,28293,3360,5040,11550,3087,3016,2240,28293,INR/Acre,NHB Polyhouse/Field Cost Guidelines,2024-2025
zucchini,Zaid,Telangana,28293,3360,5040,11550,3087,3016,2240,28293,INR/Acre,NHB Polyhouse/Field Cost Guidelines,2024-2025
zucchini,Zaid,Tamil Nadu,28673,3360,5040,11760,3234,3039,2240,28673,INR/Acre,NHB Polyhouse/Field Cost Guidelines,2024-2025
zucchini,Zaid,Madhya Pradesh,26047,3360,5040,9660,2940,2807,2240,26047,INR/Acre,NHB Polyhouse/Field Cost Guidelines,2024-2025
cantaloupe,Kharif,Uttar Pradesh,23126,2800,4200,9016,2600,2710,1800,23126,INR/Acre,State Horticulture Dept Guidelines,2024-2025
cantaloupe,Kharif,Punjab,27042,2800,4200,12250,2912,3080,1800,27042,INR/Acre,State Horticulture Dept Guidelines,2024-2025
cantaloupe,Kharif,Haryana,26714,2800,4200,11956,2912,3046,1800,26714,INR/Acre,State Horticulture Dept Guidelines,2024-2025
cantaloupe,Kharif,Bihar,22430,2800,4200,8624,2340,2666,1800,22430,INR/Acre,State Horticulture Dept Guidelines,2024-2025
cantaloupe,Kharif,West Bengal,23610,2800,4200,9800,2210,2800,1800,23610,INR/Acre,State Horticulture Dept Guidelines,2024-2025
cantaloupe,Kharif,Rajasthan,24468,2800,4200,9800,3068,2800,1800,24468,INR/Acre,State Horticulture Dept Guidelines,2024-2025
cantaloupe,Kharif,Gujarat,25045,2800,4200,10388,2990,2867,1800,25045,INR/Acre,State Horticulture Dept Guidelines,2024-2025
cantaloupe,Kharif,Maharashtra,25082,2800,4200,10584,2808,2890,1800,25082,INR/Acre,State Horticulture Dept Guidelines,2024-2025
cantaloupe,Kharif,Karnataka,25222,2800,4200,10780,2730,2912,1800,25222,INR/Acre,State Horticulture Dept Guidelines,2024-2025
cantaloupe,Kharif,Andhra Pradesh,25222,2800,4200,10780,2730,2912,1800,25222,INR/Acre,State Horticulture Dept Guidelines,2024-2025
cantaloupe,Kharif,Telangana,25222,2800,4200,10780,2730,2912,1800,25222,INR/Acre,State Horticulture Dept Guidelines,2024-2025
cantaloupe,Kharif,Tamil Nadu,25570,2800,4200,10976,2860,2934,1800,25570,INR/Acre,State Horticulture Dept Guidelines,2024-2025
cantaloupe,Kharif,Madhya Pradesh,23126,2800,4200,9016,2600,2710,1800,23126,INR/Acre,State Horticulture Dept Guidelines,2024-2025
cantaloupe,Zaid,Uttar Pradesh,24312,3136,4704,9016,2730,2710,2016,24312,INR/Acre,State Horticulture Dept Guidelines,2024-2025
cantaloupe,Zaid,Punjab,28244,3136,4704,12250,3058,3080,2016,28244,INR/Acre,State Horticulture Dept Guidelines,2024-2025
cantaloupe,Zaid,Haryana,27916,3136,4704,11956,3058,3046,2016,27916,INR/Acre,State Horticulture Dept Guidelines,2024-2025
cantaloupe,Zaid,Bihar,23603,3136,4704,8624,2457,2666,2016,23603,INR/Acre,State Horticulture Dept Guidelines,2024-2025
cantaloupe,Zaid,West Bengal,24776,3136,4704,9800,2320,2800,2016,24776,INR/Acre,State Horticulture Dept Guidelines,2024-2025
cantaloupe,Zaid,Rajasthan,25677,3136,4704,9800,3221,2800,2016,25677,INR/Acre,State Horticulture Dept Guidelines,2024-2025
cantaloupe,Zaid,Gujarat,26250,3136,4704,10388,3139,2867,2016,26250,INR/Acre,State Horticulture Dept Guidelines,2024-2025
cantaloupe,Zaid,Maharashtra,26278,3136,4704,10584,2948,2890,2016,26278,INR/Acre,State Horticulture Dept Guidelines,2024-2025
cantaloupe,Zaid,Karnataka,26414,3136,4704,10780,2866,2912,2016,26414,INR/Acre,State Horticulture Dept Guidelines,2024-2025
cantaloupe,Zaid,Andhra Pradesh,26414,3136,4704,10780,2866,2912,2016,26414,INR/Acre,State Horticulture Dept Guidelines,2024-2025
cantaloupe,Zaid,Telangana,26414,3136,4704,10780,2866,2912,2016,26414,INR/Acre,State Horticulture Dept Guidelines,2024-2025
cantaloupe,Zaid,Tamil Nadu,26769,3136,4704,10976,3003,2934,2016,26769,INR/Acre,State Horticulture Dept Guidelines,2024-2025
cantaloupe,Zaid,Madhya Pradesh,24312,3136,4704,9016,2730,2710,2016,24312,INR/Acre,State Horticulture Dept Guidelines,2024-2025
long melon (kakri),Kharif,Uttar Pradesh,18283,1800,3200,7360,2200,2323,1400,18283,INR/Acre,State Horticulture Dept Guidelines,2024-2025
long melon (kakri),Kharif,Punjab,21504,1800,3200,10000,2464,2640,1400,21504,INR/Acre,State Horticulture Dept Guidelines,2024-2025
long melon (kakri),Kharif,Haryana,21235,1800,3200,9760,2464,2611,1400,21235,INR/Acre,State Horticulture Dept Guidelines,2024-2025
long melon (kakri),Kharif,Bihar,17705,1800,3200,7040,1980,2285,1400,17705,INR/Acre,State Horticulture Dept Guidelines,2024-2025
long melon (kakri),Kharif,West Bengal,18670,1800,3200,8000,1870,2400,1400,18670,INR/Acre,State Horticulture Dept Guidelines,2024-2025
long melon (kakri),Kharif,Rajasthan,19396,1800,3200,8000,2596,2400,1400,19396,INR/Acre,State Horticulture Dept Guidelines,2024-2025
long melon (kakri),Kharif,Gujarat,19868,1800,3200,8480,2530,2458,1400,19868,INR/Acre,State Horticulture Dept Guidelines,2024-2025
long melon (kakri),Kharif,Maharashtra,19893,1800,3200,8640,2376,2477,1400,19893,INR/Acre,State Horticulture Dept Guidelines,2024-2025
long melon (kakri),Kharif,Karnataka,20006,1800,3200,8800,2310,2496,1400,20006,INR/Acre,State Horticulture Dept Guidelines,2024-2025
long melon (kakri),Kharif,Andhra Pradesh,20006,1800,3200,8800,2310,2496,1400,20006,INR/Acre,State Horticulture Dept Guidelines,2024-2025
long melon (kakri),Kharif,Telangana,20006,1800,3200,8800,2310,2496,1400,20006,INR/Acre,State Horticulture Dept Guidelines,2024-2025
long melon (kakri),Kharif,Tamil Nadu,20295,1800,3200,8960,2420,2515,1400,20295,INR/Acre,State Horticulture Dept Guidelines,2024-2025
long melon (kakri),Kharif,Madhya Pradesh,18283,1800,3200,7360,2200,2323,1400,18283,INR/Acre,State Horticulture Dept Guidelines,2024-2025
long melon (kakri),Zaid,Uttar Pradesh,19161,2016,3584,7360,2310,2323,1568,19161,INR/Acre,State Horticulture Dept Guidelines,2024-2025
long melon (kakri),Zaid,Punjab,22395,2016,3584,10000,2587,2640,1568,22395,INR/Acre,State Horticulture Dept Guidelines,2024-2025
long melon (kakri),Zaid,Haryana,22126,2016,3584,9760,2587,2611,1568,22126,INR/Acre,State Horticulture Dept Guidelines,2024-2025
long melon (kakri),Zaid,Bihar,18572,2016,3584,7040,2079,2285,1568,18572,INR/Acre,State Horticulture Dept Guidelines,2024-2025
long melon (kakri),Zaid,West Bengal,19532,2016,3584,8000,1964,2400,1568,19532,INR/Acre,State Horticulture Dept Guidelines,2024-2025
long melon (kakri),Zaid,Rajasthan,20294,2016,3584,8000,2726,2400,1568,20294,INR/Acre,State Horticulture Dept Guidelines,2024-2025
long melon (kakri),Zaid,Gujarat,20762,2016,3584,8480,2656,2458,1568,20762,INR/Acre,State Horticulture Dept Guidelines,2024-2025
long melon (kakri),Zaid,Maharashtra,20780,2016,3584,8640,2495,2477,1568,20780,INR/Acre,State Horticulture Dept Guidelines,2024-2025
long melon (kakri),Zaid,Karnataka,20890,2016,3584,8800,2426,2496,1568,20890,INR/Acre,State Horticulture Dept Guidelines,2024-2025
long melon (kakri),Zaid,Andhra Pradesh,20890,2016,3584,8800,2426,2496,1568,20890,INR/Acre,State Horticulture Dept Guidelines,2024-2025
long melon (kakri),Zaid,Telangana,20890,2016,3584,8800,2426,2496,1568,20890,INR/Acre,State Horticulture Dept Guidelines,2024-2025
long melon (kakri),Zaid,Tamil Nadu,21184,2016,3584,8960,2541,2515,1568,21184,INR/Acre,State Horticulture Dept Guidelines,2024-2025
long melon (kakri),Zaid,Madhya Pradesh,19161,2016,3584,7360,2310,2323,1568,19161,INR/Acre,State Horticulture Dept Guidelines,2024-2025
snap melon,Kharif,Uttar Pradesh,17552,1700,3000,7176,2100,2226,1350,17552,INR/Acre,State Horticulture Dept Guidelines,2024-2025
snap melon,Kharif,Punjab,20682,1700,3000,9750,2352,2530,1350,20682,INR/Acre,State Horticulture Dept Guidelines,2024-2025
snap melon,Kharif,Haryana,20420,1700,3000,9516,2352,2502,1350,20420,INR/Acre,State Horticulture Dept Guidelines,2024-2025
snap melon,Kharif,Bihar,16994,1700,3000,6864,1890,2190,1350,16994,INR/Acre,State Horticulture Dept Guidelines,2024-2025
snap melon,Kharif,West Bengal,17935,1700,3000,7800,1785,2300,1350,17935,INR/Acre,State Horticulture Dept Guidelines,2024-2025
snap melon,Kharif,Rajasthan,18628,1700,3000,7800,2478,2300,1350,18628,INR/Acre,State Horticulture Dept Guidelines,2024-2025
snap melon,Kharif,Gujarat,19088,1700,3000,8268,2415,2355,1350,19088,INR/Acre,State Horticulture Dept Guidelines,2024-2025
snap melon,Kharif,Maharashtra,19116,1700,3000,8424,2268,2374,1350,19116,INR/Acre,State Horticulture Dept Guidelines,2024-2025
snap melon,Kharif,Karnataka,19227,1700,3000,8580,2205,2392,1350,19227,INR/Acre,State Horticulture Dept Guidelines,2024-2025
snap melon,Kharif,Andhra Pradesh,19227,1700,3000,8580,2205,2392,1350,19227,INR/Acre,State Horticulture Dept Guidelines,2024-2025
snap melon,Kharif,Telangana,19227,1700,3000,8580,2205,2392,1350,19227,INR/Acre,State Horticulture Dept Guidelines,2024-2025
snap melon,Kharif,Tamil Nadu,19506,1700,3000,8736,2310,2410,1350,19506,INR/Acre,State Horticulture Dept Guidelines,2024-2025
snap melon,Kharif,Madhya Pradesh,17552,1700,3000,7176,2100,2226,1350,17552,INR/Acre,State Horticulture Dept Guidelines,2024-2025
snap melon,Zaid,Uttar Pradesh,18383,1904,3360,7176,2205,2226,1512,18383,INR/Acre,State Horticulture Dept Guidelines,2024-2025
snap melon,Zaid,Punjab,21526,1904,3360,9750,2470,2530,1512,21526,INR/Acre,State Horticulture Dept Guidelines,2024-2025
snap melon,Zaid,Haryana,21264,1904,3360,9516,2470,2502,1512,21264,INR/Acre,State Horticulture Dept Guidelines,2024-2025
snap melon,Zaid,Bihar,17814,1904,3360,6864,1984,2190,1512,17814,INR/Acre,State Horticulture Dept Guidelines,2024-2025
snap melon,Zaid,West Bengal,18750,1904,3360,7800,1874,2300,1512,18750,INR/Acre,State Horticulture Dept Guidelines,2024-2025
snap melon,Zaid,Rajasthan,19478,1904,3360,7800,2602,2300,1512,19478,INR/Acre,State Horticulture Dept Guidelines,2024-2025
snap melon,Zaid,Gujarat,19935,1904,3360,8268,2536,2355,1512,19935,INR/Acre,State Horticulture Dept Guidelines,2024-2025
snap melon,Zaid,Maharashtra,19955,1904,3360,8424,2381,2374,1512,19955,INR/Acre,State Horticulture Dept Guidelines,2024-2025
snap melon,Zaid,Karnataka,20063,1904,3360,8580,2315,2392,1512,20063,INR/Acre,State Horticulture Dept Guidelines,2024-2025
snap melon,Zaid,Andhra Pradesh,20063,1904,3360,8580,2315,2392,1512,20063,INR/Acre,State Horticulture Dept Guidelines,2024-2025
snap melon,Zaid,Telangana,20063,1904,3360,8580,2315,2392,1512,20063,INR/Acre,State Horticulture Dept Guidelines,2024-2025
snap melon,Zaid,Tamil Nadu,20348,1904,3360,8736,2426,2410,1512,20348,INR/Acre,State Horticulture Dept Guidelines,2024-2025
snap melon,Zaid,Madhya Pradesh,18383,1904,3360,7176,2205,2226,1512,18383,INR/Acre,State Horticulture Dept Guidelines,2024-2025
gherkin,Kharif,Uttar Pradesh,32268,4200,5800,12880,3500,3388,2500,32268,INR/Acre,NHB Export Horticulture Guidelines,2024-2025
gherkin,Kharif,Punjab,37770,4200,5800,17500,3920,3850,2500,37770,INR/Acre,NHB Export Horticulture Guidelines,2024-2025
gherkin,Kharif,Haryana,37308,4200,5800,17080,3920,3808,2500,37308,INR/Acre,NHB Export Horticulture Guidelines,2024-2025
gherkin,Kharif,Bihar,31302,4200,5800,12320,3150,3332,2500,31302,INR/Acre,NHB Export Horticulture Guidelines,2024-2025
gherkin,Kharif,West Bengal,32975,4200,5800,14000,2975,3500,2500,32975,INR/Acre,NHB Export Horticulture Guidelines,2024-2025
gherkin,Kharif,Rajasthan,34130,4200,5800,14000,4130,3500,2500,34130,INR/Acre,NHB Export Horticulture Guidelines,2024-2025
gherkin,Kharif,Gujarat,34949,4200,5800,14840,4025,3584,2500,34949,INR/Acre,NHB Export Horticulture Guidelines,2024-2025
gherkin,Kharif,Maharashtra,35012,4200,5800,15120,3780,3612,2500,35012,INR/Acre,NHB Export Horticulture Guidelines,2024-2025
gherkin,Kharif,Karnataka,35215,4200,5800,15400,3675,3640,2500,35215,INR/Acre,NHB Export Horticulture Guidelines,2024-2025
gherkin,Kharif,Andhra Pradesh,35215,4200,5800,15400,3675,3640,2500,35215,INR/Acre,NHB Export Horticulture Guidelines,2024-2025
gherkin,Kharif,Telangana,35215,4200,5800,15400,3675,3640,2500,35215,INR/Acre,NHB Export Horticulture Guidelines,2024-2025
gherkin,Kharif,Tamil Nadu,35698,4200,5800,15680,3850,3668,2500,35698,INR/Acre,NHB Export Horticulture Guidelines,2024-2025
gherkin,Kharif,Madhya Pradesh,32268,4200,5800,12880,3500,3388,2500,32268,INR/Acre,NHB Export Horticulture Guidelines,2024-2025
gherkin,Zaid,Uttar Pradesh,33943,4704,6496,12880,3675,3388,2800,33943,INR/Acre,NHB Export Horticulture Guidelines,2024-2025
gherkin,Zaid,Punjab,39466,4704,6496,17500,4116,3850,2800,39466,INR/Acre,NHB Export Horticulture Guidelines,2024-2025
gherkin,Zaid,Haryana,39004,4704,6496,17080,4116,3808,2800,39004,INR/Acre,NHB Export Horticulture Guidelines,2024-2025
gherkin,Zaid,Bihar,32960,4704,6496,12320,3308,3332,2800,32960,INR/Acre,NHB Export Horticulture Guidelines,2024-2025
gherkin,Zaid,West Bengal,34624,4704,6496,14000,3124,3500,2800,34624,INR/Acre,NHB Export Horticulture Guidelines,2024-2025
gherkin,Zaid,Rajasthan,35836,4704,6496,14000,4336,3500,2800,35836,INR/Acre,NHB Export Horticulture Guidelines,2024-2025
gherkin,Zaid,Gujarat,36650,4704,6496,14840,4226,3584,2800,36650,INR/Acre,NHB Export Horticulture Guidelines,2024-2025
gherkin,Zaid,Maharashtra,36701,4704,6496,15120,3969,3612,2800,36701,INR/Acre,NHB Export Horticulture Guidelines,2024-2025
gherkin,Zaid,Karnataka,36899,4704,6496,15400,3859,3640,2800,36899,INR/Acre,NHB Export Horticulture Guidelines,2024-2025
gherkin,Zaid,Andhra Pradesh,36899,4704,6496,15400,3859,3640,2800,36899,INR/Acre,NHB Export Horticulture Guidelines,2024-2025
gherkin,Zaid,Telangana,36899,4704,6496,15400,3859,3640,2800,36899,INR/Acre,NHB Export Horticulture Guidelines,2024-2025
gherkin,Zaid,Tamil Nadu,37391,4704,6496,15680,4043,3668,2800,37391,INR/Acre,NHB Export Horticulture Guidelines,2024-2025
gherkin,Zaid,Madhya Pradesh,33943,4704,6496,12880,3675,3388,2800,33943,INR/Acre,NHB Export Horticulture Guidelines,2024-2025
teasel gourd (kakrol),Kharif,Uttar Pradesh,24374,3500,4200,9660,2600,2614,1800,24374,INR/Acre,ICAR-IIHR Vegetable Guidelines,2024-2025
teasel gourd (kakrol),Kharif,Punjab,28507,3500,4200,13125,2912,2970,1800,28507,INR/Acre,ICAR-IIHR Vegetable Guidelines,2024-2025
teasel gourd (kakrol),Kharif,Haryana,28160,3500,4200,12810,2912,2938,1800,28160,INR/Acre,ICAR-IIHR Vegetable Guidelines,2024-2025
teasel gourd (kakrol),Kharif,Bihar,23650,3500,4200,9240,2340,2570,1800,23650,INR/Acre,ICAR-IIHR Vegetable Guidelines,2024-2025
teasel gourd (kakrol),Kharif,West Bengal,24910,3500,4200,10500,2210,2700,1800,24910,INR/Acre,ICAR-IIHR Vegetable Guidelines,2024-2025
teasel gourd (kakrol),Kharif,Rajasthan,25768,3500,4200,10500,3068,2700,1800,25768,INR/Acre,ICAR-IIHR Vegetable Guidelines,2024-2025
teasel gourd (kakrol),Kharif,Gujarat,26385,3500,4200,11130,2990,2765,1800,26385,INR/Acre,ICAR-IIHR Vegetable Guidelines,2024-2025
teasel gourd (kakrol),Kharif,Maharashtra,26434,3500,4200,11340,2808,2786,1800,26434,INR/Acre,ICAR-IIHR Vegetable Guidelines,2024-2025
teasel gourd (kakrol),Kharif,Karnataka,26588,3500,4200,11550,2730,2808,1800,26588,INR/Acre,ICAR-IIHR Vegetable Guidelines,2024-2025
teasel gourd (kakrol),Kharif,Andhra Pradesh,26588,3500,4200,11550,2730,2808,1800,26588,INR/Acre,ICAR-IIHR Vegetable Guidelines,2024-2025
teasel gourd (kakrol),Kharif,Telangana,26588,3500,4200,11550,2730,2808,1800,26588,INR/Acre,ICAR-IIHR Vegetable Guidelines,2024-2025
teasel gourd (kakrol),Kharif,Tamil Nadu,26950,3500,4200,11760,2860,2830,1800,26950,INR/Acre,ICAR-IIHR Vegetable Guidelines,2024-2025
teasel gourd (kakrol),Kharif,Madhya Pradesh,24374,3500,4200,9660,2600,2614,1800,24374,INR/Acre,ICAR-IIHR Vegetable Guidelines,2024-2025
teasel gourd (kakrol),Zaid,Uttar Pradesh,25644,3920,4704,9660,2730,2614,2016,25644,INR/Acre,ICAR-IIHR Vegetable Guidelines,2024-2025
teasel gourd (kakrol),Zaid,Punjab,29793,3920,4704,13125,3058,2970,2016,29793,INR/Acre,ICAR-IIHR Vegetable Guidelines,2024-2025
teasel gourd (kakrol),Zaid,Haryana,29446,3920,4704,12810,3058,2938,2016,29446,INR/Acre,ICAR-IIHR Vegetable Guidelines,2024-2025
teasel gourd (kakrol),Zaid,Bihar,24907,3920,4704,9240,2457,2570,2016,24907,INR/Acre,ICAR-IIHR Vegetable Guidelines,2024-2025
teasel gourd (kakrol),Zaid,West Bengal,26160,3920,4704,10500,2320,2700,2016,26160,INR/Acre,ICAR-IIHR Vegetable Guidelines,2024-2025
teasel gourd (kakrol),Zaid,Rajasthan,27061,3920,4704,10500,3221,2700,2016,27061,INR/Acre,ICAR-IIHR Vegetable Guidelines,2024-2025
teasel gourd (kakrol),Zaid,Gujarat,27674,3920,4704,11130,3139,2765,2016,27674,INR/Acre,ICAR-IIHR Vegetable Guidelines,2024-2025
teasel gourd (kakrol),Zaid,Maharashtra,27714,3920,4704,11340,2948,2786,2016,27714,INR/Acre,ICAR-IIHR Vegetable Guidelines,2024-2025
teasel gourd (kakrol),Zaid,Karnataka,27864,3920,4704,11550,2866,2808,2016,27864,INR/Acre,ICAR-IIHR Vegetable Guidelines,2024-2025
teasel gourd (kakrol),Zaid,Andhra Pradesh,27864,3920,4704,11550,2866,2808,2016,27864,INR/Acre,ICAR-IIHR Vegetable Guidelines,2024-2025
teasel gourd (kakrol),Zaid,Telangana,27864,3920,4704,11550,2866,2808,2016,27864,INR/Acre,ICAR-IIHR Vegetable Guidelines,2024-2025
teasel gourd (kakrol),Zaid,Tamil Nadu,28233,3920,4704,11760,3003,2830,2016,28233,INR/Acre,ICAR-IIHR Vegetable Guidelines,2024-2025
teasel gourd (kakrol),Zaid,Madhya Pradesh,25644,3920,4704,9660,2730,2614,2016,25644,INR/Acre,ICAR-IIHR Vegetable Guidelines,2024-2025
spiny gourd,Kharif,Uttar Pradesh,24374,3500,4200,9660,2600,2614,1800,24374,INR/Acre,ICAR-IIHR Vegetable Guidelines,2024-2025
spiny gourd,Kharif,Punjab,28507,3500,4200,13125,2912,2970,1800,28507,INR/Acre,ICAR-IIHR Vegetable Guidelines,2024-2025
spiny gourd,Kharif,Haryana,28160,3500,4200,12810,2912,2938,1800,28160,INR/Acre,ICAR-IIHR Vegetable Guidelines,2024-2025
spiny gourd,Kharif,Bihar,23650,3500,4200,9240,2340,2570,1800,23650,INR/Acre,ICAR-IIHR Vegetable Guidelines,2024-2025
spiny gourd,Kharif,West Bengal,24910,3500,4200,10500,2210,2700,1800,24910,INR/Acre,ICAR-IIHR Vegetable Guidelines,2024-2025
spiny gourd,Kharif,Rajasthan,25768,3500,4200,10500,3068,2700,1800,25768,INR/Acre,ICAR-IIHR Vegetable Guidelines,2024-2025
spiny gourd,Kharif,Gujarat,26385,3500,4200,11130,2990,2765,1800,26385,INR/Acre,ICAR-IIHR Vegetable Guidelines,2024-2025
spiny gourd,Kharif,Maharashtra,26434,3500,4200,11340,2808,2786,1800,26434,INR/Acre,ICAR-IIHR Vegetable Guidelines,2024-2025
spiny gourd,Kharif,Karnataka,26588,3500,4200,11550,2730,2808,1800,26588,INR/Acre,ICAR-IIHR Vegetable Guidelines,2024-2025
spiny gourd,Kharif,Andhra Pradesh,26588,3500,4200,11550,2730,2808,1800,26588,INR/Acre,ICAR-IIHR Vegetable Guidelines,2024-2025
spiny gourd,Kharif,Telangana,26588,3500,4200,11550,2730,2808,1800,26588,INR/Acre,ICAR-IIHR Vegetable Guidelines,2024-2025
spiny gourd,Kharif,Tamil Nadu,26950,3500,4200,11760,2860,2830,1800,26950,INR/Acre,ICAR-IIHR Vegetable Guidelines,2024-2025
spiny gourd,Kharif,Madhya Pradesh,24374,3500,4200,9660,2600,2614,1800,24374,INR/Acre,ICAR-IIHR Vegetable Guidelines,2024-2025
spiny gourd,Zaid,Uttar Pradesh,25644,3920,4704,9660,2730,2614,2016,25644,INR/Acre,ICAR-IIHR Vegetable Guidelines,2024-2025
spiny gourd,Zaid,Punjab,29793,3920,4704,13125,3058,2970,2016,29793,INR/Acre,ICAR-IIHR Vegetable Guidelines,2024-2025
spiny gourd,Zaid,Haryana,29446,3920,4704,12810,3058,2938,2016,29446,INR/Acre,ICAR-IIHR Vegetable Guidelines,2024-2025
spiny gourd,Zaid,Bihar,24907,3920,4704,9240,2457,2570,2016,24907,INR/Acre,ICAR-IIHR Vegetable Guidelines,2024-2025
spiny gourd,Zaid,West Bengal,26160,3920,4704,10500,2320,2700,2016,26160,INR/Acre,ICAR-IIHR Vegetable Guidelines,2024-2025
spiny gourd,Zaid,Rajasthan,27061,3920,4704,10500,3221,2700,2016,27061,INR/Acre,ICAR-IIHR Vegetable Guidelines,2024-2025
spiny gourd,Zaid,Gujarat,27674,3920,4704,11130,3139,2765,2016,27674,INR/Acre,ICAR-IIHR Vegetable Guidelines,2024-2025
spiny gourd,Zaid,Maharashtra,27714,3920,4704,11340,2948,2786,2016,27714,INR/Acre,ICAR-IIHR Vegetable Guidelines,2024-2025
spiny gourd,Zaid,Karnataka,27864,3920,4704,11550,2866,2808,2016,27864,INR/Acre,ICAR-IIHR Vegetable Guidelines,2024-2025
spiny gourd,Zaid,Andhra Pradesh,27864,3920,4704,11550,2866,2808,2016,27864,INR/Acre,ICAR-IIHR Vegetable Guidelines,2024-2025
spiny gourd,Zaid,Telangana,27864,3920,4704,11550,2866,2808,2016,27864,INR/Acre,ICAR-IIHR Vegetable Guidelines,2024-2025
spiny gourd,Zaid,Tamil Nadu,28233,3920,4704,11760,3003,2830,2016,28233,INR/Acre,ICAR-IIHR Vegetable Guidelines,2024-2025
spiny gourd,Zaid,Madhya Pradesh,25644,3920,4704,9660,2730,2614,2016,25644,INR/Acre,ICAR-IIHR Vegetable Guidelines,2024-2025
garlic,Rabi,Madhya Pradesh,41982,12720,6360,12880,3500,3872,2650,41982,INR/Acre,NHRDF & State Ag Dept Guidelines,2024-2025
garlic,Rabi,Rajasthan,43860,12720,6360,14000,4130,4000,2650,43860,INR/Acre,NHRDF & State Ag Dept Guidelines,2024-2025
garlic,Rabi,Gujarat,44691,12720,6360,14840,4025,4096,2650,44691,INR/Acre,NHRDF & State Ag Dept Guidelines,2024-2025
garlic,Rabi,Uttar Pradesh,41982,12720,6360,12880,3500,3872,2650,41982,INR/Acre,NHRDF & State Ag Dept Guidelines,2024-2025
garlic,Rabi,Punjab,47550,12720,6360,17500,3920,4400,2650,47550,INR/Acre,NHRDF & State Ag Dept Guidelines,2024-2025
garlic,Rabi,Haryana,47082,12720,6360,17080,3920,4352,2650,47082,INR/Acre,NHRDF & State Ag Dept Guidelines,2024-2025
garlic,Rabi,Bihar,41008,12720,6360,12320,3150,3808,2650,41008,INR/Acre,NHRDF & State Ag Dept Guidelines,2024-2025
garlic,Rabi,West Bengal,42705,12720,6360,14000,2975,4000,2650,42705,INR/Acre,NHRDF & State Ag Dept Guidelines,2024-2025
garlic,Rabi,Himachal Pradesh,46038,12720,6360,16520,3500,4288,2650,46038,INR/Acre,NHRDF & State Ag Dept Guidelines,2024-2025
garlic,Rabi,Jammu and Kashmir,43230,12720,6360,14000,3500,4000,2650,43230,INR/Acre,NHRDF & State Ag Dept Guidelines,2024-2025
garlic,Rabi,Maharashtra,44758,12720,6360,15120,3780,4128,2650,44758,INR/Acre,NHRDF & State Ag Dept Guidelines,2024-2025
garlic,Rabi,Karnataka,44965,12720,6360,15400,3675,4160,2650,44965,INR/Acre,NHRDF & State Ag Dept Guidelines,2024-2025
leek,Rabi,Madhya Pradesh,25358,3710,4770,9660,2600,2710,1908,25358,INR/Acre,Hill State Horticulture Guidelines,2024-2025
leek,Rabi,Rajasthan,26756,3710,4770,10500,3068,2800,1908,26756,INR/Acre,Hill State Horticulture Guidelines,2024-2025
leek,Rabi,Gujarat,27375,3710,4770,11130,2990,2867,1908,27375,INR/Acre,Hill State Horticulture Guidelines,2024-2025
leek,Rabi,Uttar Pradesh,25358,3710,4770,9660,2600,2710,1908,25358,INR/Acre,Hill State Horticulture Guidelines,2024-2025
leek,Rabi,Punjab,29505,3710,4770,13125,2912,3080,1908,29505,INR/Acre,Hill State Horticulture Guidelines,2024-2025
leek,Rabi,Haryana,29156,3710,4770,12810,2912,3046,1908,29156,INR/Acre,Hill State Horticulture Guidelines,2024-2025
leek,Rabi,Bihar,24634,3710,4770,9240,2340,2666,1908,24634,INR/Acre,Hill State Horticulture Guidelines,2024-2025
leek,Rabi,West Bengal,25898,3710,4770,10500,2210,2800,1908,25898,INR/Acre,Hill State Horticulture Guidelines,2024-2025
leek,Rabi,Himachal Pradesh,28380,3710,4770,12390,2600,3002,1908,28380,INR/Acre,Hill State Horticulture Guidelines,2024-2025
leek,Rabi,Jammu and Kashmir,26288,3710,4770,10500,2600,2800,1908,26288,INR/Acre,Hill State Horticulture Guidelines,2024-2025
leek,Rabi,Maharashtra,27426,3710,4770,11340,2808,2890,1908,27426,INR/Acre,Hill State Horticulture Guidelines,2024-2025
leek,Rabi,Karnataka,27580,3710,4770,11550,2730,2912,1908,27580,INR/Acre,Hill State Horticulture Guidelines,2024-2025
carrot,Rabi,Madhya Pradesh,24144,3180,4452,9200,2500,2904,1908,24144,INR/Acre,State Horticulture Dept Guidelines,2024-2025
carrot,Rabi,Rajasthan,25490,3180,4452,10000,2950,3000,1908,25490,INR/Acre,State Horticulture Dept Guidelines,2024-2025
carrot,Rabi,Gujarat,26087,3180,4452,10600,2875,3072,1908,26087,INR/Acre,State Horticulture Dept Guidelines,2024-2025
carrot,Rabi,Uttar Pradesh,24144,3180,4452,9200,2500,2904,1908,24144,INR/Acre,State Horticulture Dept Guidelines,2024-2025
carrot,Rabi,Punjab,28140,3180,4452,12500,2800,3300,1908,28140,INR/Acre,State Horticulture Dept Guidelines,2024-2025
carrot,Rabi,Haryana,27804,3180,4452,12200,2800,3264,1908,27804,INR/Acre,State Horticulture Dept Guidelines,2024-2025
carrot,Rabi,Bihar,23446,3180,4452,8800,2250,2856,1908,23446,INR/Acre,State Horticulture Dept Guidelines,2024-2025
carrot,Rabi,West Bengal,24665,3180,4452,10000,2125,3000,1908,24665,INR/Acre,State Horticulture Dept Guidelines,2024-2025
carrot,Rabi,Himachal Pradesh,27056,3180,4452,11800,2500,3216,1908,27056,INR/Acre,State Horticulture Dept Guidelines,2024-2025
carrot,Rabi,Jammu and Kashmir,25040,3180,4452,10000,2500,3000,1908,25040,INR/Acre,State Horticulture Dept Guidelines,2024-2025
carrot,Rabi,Maharashtra,26136,3180,4452,10800,2700,3096,1908,26136,INR/Acre,State Horticulture Dept Guidelines,2024-2025
carrot,Rabi,Karnataka,26285,3180,4452,11000,2625,3120,1908,26285,INR/Acre,State Horticulture Dept Guidelines,2024-2025
radish,Rabi,Madhya Pradesh,17901,1908,3392,6900,2000,2323,1378,17901,INR/Acre,State Horticulture Dept Guidelines,2024-2025
radish,Rabi,Rajasthan,18938,1908,3392,7500,2360,2400,1378,18938,INR/Acre,State Horticulture Dept Guidelines,2024-2025
radish,Rabi,Gujarat,19386,1908,3392,7950,2300,2458,1378,19386,INR/Acre,State Horticulture Dept Guidelines,2024-2025
radish,Rabi,Uttar Pradesh,17901,1908,3392,6900,2000,2323,1378,17901,INR/Acre,State Horticulture Dept Guidelines,2024-2025
radish,Rabi,Punjab,20933,1908,3392,9375,2240,2640,1378,20933,INR/Acre,State Horticulture Dept Guidelines,2024-2025
radish,Rabi,Haryana,20679,1908,3392,9150,2240,2611,1378,20679,INR/Acre,State Horticulture Dept Guidelines,2024-2025
radish,Rabi,Bihar,17363,1908,3392,6600,1800,2285,1378,17363,INR/Acre,State Horticulture Dept Guidelines,2024-2025
radish,Rabi,West Bengal,18278,1908,3392,7500,1700,2400,1378,18278,INR/Acre,State Horticulture Dept Guidelines,2024-2025
radish,Rabi,Himachal Pradesh,20101,1908,3392,8850,2000,2573,1378,20101,INR/Acre,State Horticulture Dept Guidelines,2024-2025
radish,Rabi,Jammu and Kashmir,18578,1908,3392,7500,2000,2400,1378,18578,INR/Acre,State Horticulture Dept Guidelines,2024-2025
radish,Rabi,Maharashtra,19415,1908,3392,8100,2160,2477,1378,19415,INR/Acre,State Horticulture Dept Guidelines,2024-2025
radish,Rabi,Karnataka,19524,1908,3392,8250,2100,2496,1378,19524,INR/Acre,State Horticulture Dept Guidelines,2024-2025
beetroot,Rabi,Madhya Pradesh,21870,2756,4028,8280,2400,2710,1696,21870,INR/Acre,State Horticulture Dept Guidelines,2024-2025
beetroot,Rabi,Rajasthan,23112,2756,4028,9000,2832,2800,1696,23112,INR/Acre,State Horticulture Dept Guidelines,2024-2025
beetroot,Rabi,Gujarat,23647,2756,4028,9540,2760,2867,1696,23647,INR/Acre,State Horticulture Dept Guidelines,2024-2025
beetroot,Rabi,Uttar Pradesh,21870,2756,4028,8280,2400,2710,1696,21870,INR/Acre,State Horticulture Dept Guidelines,2024-2025
beetroot,Rabi,Punjab,25498,2756,4028,11250,2688,3080,1696,25498,INR/Acre,State Horticulture Dept Guidelines,2024-2025
beetroot,Rabi,Haryana,25194,2756,4028,10980,2688,3046,1696,25194,INR/Acre,State Horticulture Dept Guidelines,2024-2025
beetroot,Rabi,Bihar,21226,2756,4028,7920,2160,2666,1696,21226,INR/Acre,State Horticulture Dept Guidelines,2024-2025
beetroot,Rabi,West Bengal,22320,2756,4028,9000,2040,2800,1696,22320,INR/Acre,State Horticulture Dept Guidelines,2024-2025
beetroot,Rabi,Himachal Pradesh,24502,2756,4028,10620,2400,3002,1696,24502,INR/Acre,State Horticulture Dept Guidelines,2024-2025
beetroot,Rabi,Jammu and Kashmir,22680,2756,4028,9000,2400,2800,1696,22680,INR/Acre,State Horticulture Dept Guidelines,2024-2025
beetroot,Rabi,Maharashtra,23682,2756,4028,9720,2592,2890,1696,23682,INR/Acre,State Horticulture Dept Guidelines,2024-2025
beetroot,Rabi,Karnataka,23812,2756,4028,9900,2520,2912,1696,23812,INR/Acre,State Horticulture Dept Guidelines,2024-2025
turnip,Rabi,Madhya Pradesh,17163,1908,3180,6624,1900,2226,1325,17163,INR/Acre,State Horticulture Dept Guidelines,2024-2025
turnip,Rabi,Rajasthan,18155,1908,3180,7200,2242,2300,1325,18155,INR/Acre,State Horticulture Dept Guidelines,2024-2025
turnip,Rabi,Gujarat,18585,1908,3180,7632,2185,2355,1325,18585,INR/Acre,State Horticulture Dept Guidelines,2024-2025
turnip,Rabi,Uttar Pradesh,17163,1908,3180,6624,1900,2226,1325,17163,INR/Acre,State Horticulture Dept Guidelines,2024-2025
turnip,Rabi,Punjab,20071,1908,3180,9000,2128,2530,1325,20071,INR/Acre,State Horticulture Dept Guidelines,2024-2025
turnip,Rabi,Haryana,19827,1908,3180,8784,2128,2502,1325,19827,INR/Acre,State Horticulture Dept Guidelines,2024-2025
turnip,Rabi,Bihar,16649,1908,3180,6336,1710,2190,1325,16649,INR/Acre,State Horticulture Dept Guidelines,2024-2025
turnip,Rabi,West Bengal,17528,1908,3180,7200,1615,2300,1325,17528,INR/Acre,State Horticulture Dept Guidelines,2024-2025
turnip,Rabi,Himachal Pradesh,19275,1908,3180,8496,1900,2466,1325,19275,INR/Acre,State Horticulture Dept Guidelines,2024-2025
turnip,Rabi,Jammu and Kashmir,17813,1908,3180,7200,1900,2300,1325,17813,INR/Acre,State Horticulture Dept Guidelines,2024-2025
turnip,Rabi,Maharashtra,18615,1908,3180,7776,2052,2374,1325,18615,INR/Acre,State Horticulture Dept Guidelines,2024-2025
turnip,Rabi,Karnataka,18720,1908,3180,7920,1995,2392,1325,18720,INR/Acre,State Horticulture Dept Guidelines,2024-2025
knol khol,Rabi,Madhya Pradesh,19690,2332,3710,7544,2200,2420,1484,19690,INR/Acre,State Horticulture Dept Guidelines,2024-2025
knol khol,Rabi,Rajasthan,20822,2332,3710,8200,2596,2500,1484,20822,INR/Acre,State Horticulture Dept Guidelines,2024-2025
knol khol,Rabi,Gujarat,21308,2332,3710,8692,2530,2560,1484,21308,INR/Acre,State Horticulture Dept Guidelines,2024-2025
knol khol,Rabi,Uttar Pradesh,19690,2332,3710,7544,2200,2420,1484,19690,INR/Acre,State Horticulture Dept Guidelines,2024-2025
knol khol,Rabi,Punjab,22990,2332,3710,10250,2464,2750,1484,22990,INR/Acre,State Horticulture Dept Guidelines,2024-2025
knol khol,Rabi,Haryana,22714,2332,3710,10004,2464,2720,1484,22714,INR/Acre,State Horticulture Dept Guidelines,2024-2025
knol khol,Rabi,Bihar,19102,2332,3710,7216,1980,2380,1484,19102,INR/Acre,State Horticulture Dept Guidelines,2024-2025
knol khol,Rabi,West Bengal,20096,2332,3710,8200,1870,2500,1484,20096,INR/Acre,State Horticulture Dept Guidelines,2024-2025
knol khol,Rabi,Himachal Pradesh,22082,2332,3710,9676,2200,2680,1484,22082,INR/Acre,State Horticulture Dept Guidelines,2024-2025
knol khol,Rabi,Jammu and Kashmir,20426,2332,3710,8200,2200,2500,1484,20426,INR/Acre,State Horticulture Dept Guidelines,2024-2025
knol khol,Rabi,Maharashtra,21338,2332,3710,8856,2376,2580,1484,21338,INR/Acre,State Horticulture Dept Guidelines,2024-2025
knol khol,Rabi,Karnataka,21456,2332,3710,9020,2310,2600,1484,21456,INR/Acre,State Horticulture Dept Guidelines,2024-2025
parsnip,Rabi,Madhya Pradesh,20593,2650,3816,7820,2200,2517,1590,20593,INR/Acre,Hill State Horticulture Guidelines,2024-2025
parsnip,Rabi,Rajasthan,21752,2650,3816,8500,2596,2600,1590,21752,INR/Acre,Hill State Horticulture Guidelines,2024-2025
parsnip,Rabi,Gujarat,22258,2650,3816,9010,2530,2662,1590,22258,INR/Acre,Hill State Horticulture Guidelines,2024-2025
parsnip,Rabi,Uttar Pradesh,20593,2650,3816,7820,2200,2517,1590,20593,INR/Acre,Hill State Horticulture Guidelines,2024-2025
parsnip,Rabi,Punjab,24005,2650,3816,10625,2464,2860,1590,24005,INR/Acre,Hill State Horticulture Guidelines,2024-2025
parsnip,Rabi,Haryana,23719,2650,3816,10370,2464,2829,1590,23719,INR/Acre,Hill State Horticulture Guidelines,2024-2025
parsnip,Rabi,Bihar,19991,2650,3816,7480,1980,2475,1590,19991,INR/Acre,Hill State Horticulture Guidelines,2024-2025
parsnip,Rabi,West Bengal,21026,2650,3816,8500,1870,2600,1590,21026,INR/Acre,Hill State Horticulture Guidelines,2024-2025
parsnip,Rabi,Himachal Pradesh,23073,2650,3816,10030,2200,2787,1590,23073,INR/Acre,Hill State Horticulture Guidelines,2024-2025
parsnip,Rabi,Jammu and Kashmir,21356,2650,3816,8500,2200,2600,1590,21356,INR/Acre,Hill State Horticulture Guidelines,2024-2025
parsnip,Rabi,Maharashtra,22295,2650,3816,9180,2376,2683,1590,22295,INR/Acre,Hill State Horticulture Guidelines,2024-2025
parsnip,Rabi,Karnataka,22420,2650,3816,9350,2310,2704,1590,22420,INR/Acre,Hill State Horticulture Guidelines,2024-2025
horseradish,Rabi,Madhya Pradesh,22410,3180,4240,8280,2400,2614,1696,22410,INR/Acre,KVK Farm Budget Standards,2024-2025
horseradish,Rabi,Rajasthan,23648,3180,4240,9000,2832,2700,1696,23648,INR/Acre,KVK Farm Budget Standards,2024-2025
horseradish,Rabi,Gujarat,24181,3180,4240,9540,2760,2765,1696,24181,INR/Acre,KVK Farm Budget Standards,2024-2025
horseradish,Rabi,Uttar Pradesh,22410,3180,4240,8280,2400,2614,1696,22410,INR/Acre,KVK Farm Budget Standards,2024-2025
horseradish,Rabi,Punjab,26024,3180,4240,11250,2688,2970,1696,26024,INR/Acre,KVK Farm Budget Standards,2024-2025
horseradish,Rabi,Haryana,25722,3180,4240,10980,2688,2938,1696,25722,INR/Acre,KVK Farm Budget Standards,2024-2025
horseradish,Rabi,Bihar,21766,3180,4240,7920,2160,2570,1696,21766,INR/Acre,KVK Farm Budget Standards,2024-2025
horseradish,Rabi,West Bengal,22856,3180,4240,9000,2040,2700,1696,22856,INR/Acre,KVK Farm Budget Standards,2024-2025
horseradish,Rabi,Himachal Pradesh,25030,3180,4240,10620,2400,2894,1696,25030,INR/Acre,KVK Farm Budget Standards,2024-2025
horseradish,Rabi,Jammu and Kashmir,23216,3180,4240,9000,2400,2700,1696,23216,INR/Acre,KVK Farm Budget Standards,2024-2025
horseradish,Rabi,Maharashtra,24214,3180,4240,9720,2592,2786,1696,24214,INR/Acre,KVK Farm Budget Standards,2024-2025
horseradish,Rabi,Karnataka,24344,3180,4240,9900,2520,2808,1696,24344,INR/Acre,KVK Farm Budget Standards,2024-2025
cabbage,Rabi,West Bengal,26132,2968,4770,11000,2380,3000,2014,26132,INR/Acre,State Horticulture Dept Guidelines,2024-2025
cabbage,Rabi,Odisha,24752,2968,4770,9680,2464,2856,2014,24752,INR/Acre,State Horticulture Dept Guidelines,2024-2025
cabbage,Rabi,Bihar,24808,2968,4770,9680,2520,2856,2014,24808,INR/Acre,State Horticulture Dept Guidelines,2024-2025
cabbage,Rabi,Uttar Pradesh,25576,2968,4770,10120,2800,2904,2014,25576,INR/Acre,State Horticulture Dept Guidelines,2024-2025
cabbage,Rabi,Punjab,29938,2968,4770,13750,3136,3300,2014,29938,INR/Acre,State Horticulture Dept Guidelines,2024-2025
cabbage,Rabi,Haryana,29572,2968,4770,13420,3136,3264,2014,29572,INR/Acre,State Horticulture Dept Guidelines,2024-2025
cabbage,Rabi,Himachal Pradesh,28748,2968,4770,12980,2800,3216,2014,28748,INR/Acre,State Horticulture Dept Guidelines,2024-2025
cabbage,Rabi,Jammu and Kashmir,26552,2968,4770,11000,2800,3000,2014,26552,INR/Acre,State Horticulture Dept Guidelines,2024-2025
cabbage,Rabi,Maharashtra,27752,2968,4770,11880,3024,3096,2014,27752,INR/Acre,State Horticulture Dept Guidelines,2024-2025
cabbage,Rabi,Karnataka,27912,2968,4770,12100,2940,3120,2014,27912,INR/Acre,State Horticulture Dept Guidelines,2024-2025
cabbage,Rabi,Tamil Nadu,28296,2968,4770,12320,3080,3144,2014,28296,INR/Acre,State Horticulture Dept Guidelines,2024-2025
cabbage,Rabi,Gujarat,27704,2968,4770,11660,3220,3072,2014,27704,INR/Acre,State Horticulture Dept Guidelines,2024-2025
red cabbage,Rabi,West Bengal,27850,3392,5088,11500,2550,3200,2120,27850,INR/Acre,State Horticulture Dept Guidelines,2024-2025
red cabbage,Rabi,Odisha,26406,3392,5088,10120,2640,3046,2120,26406,INR/Acre,State Horticulture Dept Guidelines,2024-2025
red cabbage,Rabi,Bihar,26466,3392,5088,10120,2700,3046,2120,26466,INR/Acre,State Horticulture Dept Guidelines,2024-2025
red cabbage,Rabi,Uttar Pradesh,27278,3392,5088,10580,3000,3098,2120,27278,INR/Acre,State Horticulture Dept Guidelines,2024-2025
red cabbage,Rabi,Punjab,31855,3392,5088,14375,3360,3520,2120,31855,INR/Acre,State Horticulture Dept Guidelines,2024-2025
red cabbage,Rabi,Haryana,31472,3392,5088,14030,3360,3482,2120,31472,INR/Acre,State Horticulture Dept Guidelines,2024-2025
red cabbage,Rabi,Himachal Pradesh,30600,3392,5088,13570,3000,3430,2120,30600,INR/Acre,State Horticulture Dept Guidelines,2024-2025
red cabbage,Rabi,Jammu and Kashmir,28300,3392,5088,11500,3000,3200,2120,28300,INR/Acre,State Horticulture Dept Guidelines,2024-2025
red cabbage,Rabi,Maharashtra,29562,3392,5088,12420,3240,3302,2120,29562,INR/Acre,State Horticulture Dept Guidelines,2024-2025
red cabbage,Rabi,Karnataka,29728,3392,5088,12650,3150,3328,2120,29728,INR/Acre,State Horticulture Dept Guidelines,2024-2025
red cabbage,Rabi,Tamil Nadu,30134,3392,5088,12880,3300,3354,2120,30134,INR/Acre,State Horticulture Dept Guidelines,2024-2025
red cabbage,Rabi,Gujarat,29517,3392,5088,12190,3450,3277,2120,29517,INR/Acre,State Horticulture Dept Guidelines,2024-2025
cauliflower,Rabi,West Bengal,27638,3180,5088,11500,2550,3200,2120,27638,INR/Acre,State Horticulture Dept Guidelines,2024-2025
cauliflower,Rabi,Odisha,26194,3180,5088,10120,2640,3046,2120,26194,INR/Acre,State Horticulture Dept Guidelines,2024-2025
cauliflower,Rabi,Bihar,26254,3180,5088,10120,2700,3046,2120,26254,INR/Acre,State Horticulture Dept Guidelines,2024-2025
cauliflower,Rabi,Uttar Pradesh,27066,3180,5088,10580,3000,3098,2120,27066,INR/Acre,State Horticulture Dept Guidelines,2024-2025
cauliflower,Rabi,Punjab,31643,3180,5088,14375,3360,3520,2120,31643,INR/Acre,State Horticulture Dept Guidelines,2024-2025
cauliflower,Rabi,Haryana,31260,3180,5088,14030,3360,3482,2120,31260,INR/Acre,State Horticulture Dept Guidelines,2024-2025
cauliflower,Rabi,Himachal Pradesh,30388,3180,5088,13570,3000,3430,2120,30388,INR/Acre,State Horticulture Dept Guidelines,2024-2025
cauliflower,Rabi,Jammu and Kashmir,28088,3180,5088,11500,3000,3200,2120,28088,INR/Acre,State Horticulture Dept Guidelines,2024-2025
cauliflower,Rabi,Maharashtra,29350,3180,5088,12420,3240,3302,2120,29350,INR/Acre,State Horticulture Dept Guidelines,2024-2025
cauliflower,Rabi,Karnataka,29516,3180,5088,12650,3150,3328,2120,29516,INR/Acre,State Horticulture Dept Guidelines,2024-2025
cauliflower,Rabi,Tamil Nadu,29922,3180,5088,12880,3300,3354,2120,29922,INR/Acre,State Horticulture Dept Guidelines,2024-2025
cauliflower,Rabi,Gujarat,29305,3180,5088,12190,3450,3277,2120,29305,INR/Acre,State Horticulture Dept Guidelines,2024-2025
broccoli,Rabi,West Bengal,30704,4240,5512,12500,2720,3400,2332,30704,INR/Acre,NHB High-Value Vegetable Norms,2024-2025
broccoli,Rabi,Odisha,29137,4240,5512,11000,2816,3237,2332,29137,INR/Acre,NHB High-Value Vegetable Norms,2024-2025
broccoli,Rabi,Bihar,29201,4240,5512,11000,2880,3237,2332,29201,INR/Acre,NHB High-Value Vegetable Norms,2024-2025
broccoli,Rabi,Uttar Pradesh,30075,4240,5512,11500,3200,3291,2332,30075,INR/Acre,NHB High-Value Vegetable Norms,2024-2025
broccoli,Rabi,Punjab,35033,4240,5512,15625,3584,3740,2332,35033,INR/Acre,NHB High-Value Vegetable Norms,2024-2025
broccoli,Rabi,Haryana,34617,4240,5512,15250,3584,3699,2332,34617,INR/Acre,NHB High-Value Vegetable Norms,2024-2025
broccoli,Rabi,Himachal Pradesh,33679,4240,5512,14750,3200,3645,2332,33679,INR/Acre,NHB High-Value Vegetable Norms,2024-2025
broccoli,Rabi,Jammu and Kashmir,31184,4240,5512,12500,3200,3400,2332,31184,INR/Acre,NHB High-Value Vegetable Norms,2024-2025
broccoli,Rabi,Maharashtra,32549,4240,5512,13500,3456,3509,2332,32549,INR/Acre,NHB High-Value Vegetable Norms,2024-2025
broccoli,Rabi,Karnataka,32730,4240,5512,13750,3360,3536,2332,32730,INR/Acre,NHB High-Value Vegetable Norms,2024-2025
broccoli,Rabi,Tamil Nadu,33167,4240,5512,14000,3520,3563,2332,33167,INR/Acre,NHB High-Value Vegetable Norms,2024-2025
broccoli,Rabi,Gujarat,32496,4240,5512,13250,3680,3482,2332,32496,INR/Acre,NHB High-Value Vegetable Norms,2024-2025
brussels sprouts,Rabi,West Bengal,32004,4452,5724,13000,2890,3500,2438,32004,INR/Acre,NHB High-Value Vegetable Norms,2024-2025
brussels sprouts,Rabi,Odisha,30378,4452,5724,11440,2992,3332,2438,30378,INR/Acre,NHB High-Value Vegetable Norms,2024-2025
brussels sprouts,Rabi,Bihar,30446,4452,5724,11440,3060,3332,2438,30446,INR/Acre,NHB High-Value Vegetable Norms,2024-2025
brussels sprouts,Rabi,Uttar Pradesh,31362,4452,5724,11960,3400,3388,2438,31362,INR/Acre,NHB High-Value Vegetable Norms,2024-2025
brussels sprouts,Rabi,Punjab,36522,4452,5724,16250,3808,3850,2438,36522,INR/Acre,NHB High-Value Vegetable Norms,2024-2025
brussels sprouts,Rabi,Haryana,36090,4452,5724,15860,3808,3808,2438,36090,INR/Acre,NHB High-Value Vegetable Norms,2024-2025
brussels sprouts,Rabi,Himachal Pradesh,35106,4452,5724,15340,3400,3752,2438,35106,INR/Acre,NHB High-Value Vegetable Norms,2024-2025
brussels sprouts,Rabi,Jammu and Kashmir,32514,4452,5724,13000,3400,3500,2438,32514,INR/Acre,NHB High-Value Vegetable Norms,2024-2025
brussels sprouts,Rabi,Maharashtra,33938,4452,5724,14040,3672,3612,2438,33938,INR/Acre,NHB High-Value Vegetable Norms,2024-2025
brussels sprouts,Rabi,Karnataka,34124,4452,5724,14300,3570,3640,2438,34124,INR/Acre,NHB High-Value Vegetable Norms,2024-2025
brussels sprouts,Rabi,Tamil Nadu,34582,4452,5724,14560,3740,3668,2438,34582,INR/Acre,NHB High-Value Vegetable Norms,2024-2025
brussels sprouts,Rabi,Gujarat,33888,4452,5724,13780,3910,3584,2438,33888,INR/Acre,NHB High-Value Vegetable Norms,2024-2025
chinese cabbage,Rabi,West Bengal,24232,2968,4452,10000,2210,2800,1802,24232,INR/Acre,State Horticulture Dept Guidelines,2024-2025
chinese cabbage,Rabi,Odisha,22976,2968,4452,8800,2288,2666,1802,22976,INR/Acre,State Horticulture Dept Guidelines,2024-2025
chinese cabbage,Rabi,Bihar,23028,2968,4452,8800,2340,2666,1802,23028,INR/Acre,State Horticulture Dept Guidelines,2024-2025
chinese cabbage,Rabi,Uttar Pradesh,23732,2968,4452,9200,2600,2710,1802,23732,INR/Acre,State Horticulture Dept Guidelines,2024-2025
chinese cabbage,Rabi,Punjab,27714,2968,4452,12500,2912,3080,1802,27714,INR/Acre,State Horticulture Dept Guidelines,2024-2025
chinese cabbage,Rabi,Haryana,27380,2968,4452,12200,2912,3046,1802,27380,INR/Acre,State Horticulture Dept Guidelines,2024-2025
chinese cabbage,Rabi,Himachal Pradesh,26624,2968,4452,11800,2600,3002,1802,26624,INR/Acre,State Horticulture Dept Guidelines,2024-2025
chinese cabbage,Rabi,Jammu and Kashmir,24622,2968,4452,10000,2600,2800,1802,24622,INR/Acre,State Horticulture Dept Guidelines,2024-2025
chinese cabbage,Rabi,Maharashtra,25720,2968,4452,10800,2808,2890,1802,25720,INR/Acre,State Horticulture Dept Guidelines,2024-2025
chinese cabbage,Rabi,Karnataka,25864,2968,4452,11000,2730,2912,1802,25864,INR/Acre,State Horticulture Dept Guidelines,2024-2025
chinese cabbage,Rabi,Tamil Nadu,26216,2968,4452,11200,2860,2934,1802,26216,INR/Acre,State Horticulture Dept Guidelines,2024-2025
chinese cabbage,Rabi,Gujarat,25679,2968,4452,10600,2990,2867,1802,25679,INR/Acre,State Horticulture Dept Guidelines,2024-2025
bok choy,Rabi,West Bengal,25447,3180,4664,10500,2295,2900,1908,25447,INR/Acre,NHB Exotic Vegetable Guidelines,2024-2025
bok choy,Rabi,Odisha,24129,3180,4664,9240,2376,2761,1908,24129,INR/Acre,NHB Exotic Vegetable Guidelines,2024-2025
bok choy,Rabi,Bihar,24183,3180,4664,9240,2430,2761,1908,24183,INR/Acre,NHB Exotic Vegetable Guidelines,2024-2025
bok choy,Rabi,Uttar Pradesh,24919,3180,4664,9660,2700,2807,1908,24919,INR/Acre,NHB Exotic Vegetable Guidelines,2024-2025
bok choy,Rabi,Punjab,29091,3180,4664,13125,3024,3190,1908,29091,INR/Acre,NHB Exotic Vegetable Guidelines,2024-2025
bok choy,Rabi,Haryana,28741,3180,4664,12810,3024,3155,1908,28741,INR/Acre,NHB Exotic Vegetable Guidelines,2024-2025
bok choy,Rabi,Himachal Pradesh,27951,3180,4664,12390,2700,3109,1908,27951,INR/Acre,NHB Exotic Vegetable Guidelines,2024-2025
bok choy,Rabi,Jammu and Kashmir,25852,3180,4664,10500,2700,2900,1908,25852,INR/Acre,NHB Exotic Vegetable Guidelines,2024-2025
bok choy,Rabi,Maharashtra,27001,3180,4664,11340,2916,2993,1908,27001,INR/Acre,NHB Exotic Vegetable Guidelines,2024-2025
bok choy,Rabi,Karnataka,27153,3180,4664,11550,2835,3016,1908,27153,INR/Acre,NHB Exotic Vegetable Guidelines,2024-2025
bok choy,Rabi,Tamil Nadu,27521,3180,4664,11760,2970,3039,1908,27521,INR/Acre,NHB Exotic Vegetable Guidelines,2024-2025
bok choy,Rabi,Gujarat,26957,3180,4664,11130,3105,2970,1908,26957,INR/Acre,NHB Exotic Vegetable Guidelines,2024-2025
kale,Rabi,West Bengal,26171,3392,4770,10800,2295,2900,2014,26171,INR/Acre,NHB Exotic Vegetable Guidelines,2024-2025
kale,Rabi,Odisha,24817,3392,4770,9504,2376,2761,2014,24817,INR/Acre,NHB Exotic Vegetable Guidelines,2024-2025
kale,Rabi,Bihar,24871,3392,4770,9504,2430,2761,2014,24871,INR/Acre,NHB Exotic Vegetable Guidelines,2024-2025
kale,Rabi,Uttar Pradesh,25619,3392,4770,9936,2700,2807,2014,25619,INR/Acre,NHB Exotic Vegetable Guidelines,2024-2025
kale,Rabi,Punjab,29890,3392,4770,13500,3024,3190,2014,29890,INR/Acre,NHB Exotic Vegetable Guidelines,2024-2025
kale,Rabi,Haryana,29531,3392,4770,13176,3024,3155,2014,29531,INR/Acre,NHB Exotic Vegetable Guidelines,2024-2025
kale,Rabi,Himachal Pradesh,28729,3392,4770,12744,2700,3109,2014,28729,INR/Acre,NHB Exotic Vegetable Guidelines,2024-2025
kale,Rabi,Jammu and Kashmir,26576,3392,4770,10800,2700,2900,2014,26576,INR/Acre,NHB Exotic Vegetable Guidelines,2024-2025
kale,Rabi,Maharashtra,27749,3392,4770,11664,2916,2993,2014,27749,INR/Acre,NHB Exotic Vegetable Guidelines,2024-2025
kale,Rabi,Karnataka,27907,3392,4770,11880,2835,3016,2014,27907,INR/Acre,NHB Exotic Vegetable Guidelines,2024-2025
kale,Rabi,Tamil Nadu,28281,3392,4770,12096,2970,3039,2014,28281,INR/Acre,NHB Exotic Vegetable Guidelines,2024-2025
kale,Rabi,Gujarat,27699,3392,4770,11448,3105,2970,2014,27699,INR/Acre,NHB Exotic Vegetable Guidelines,2024-2025
swiss chard,Rabi,West Bengal,24232,2968,4452,10000,2210,2800,1802,24232,INR/Acre,State Horticulture Dept Guidelines,2024-2025
swiss chard,Rabi,Odisha,22976,2968,4452,8800,2288,2666,1802,22976,INR/Acre,State Horticulture Dept Guidelines,2024-2025
swiss chard,Rabi,Bihar,23028,2968,4452,8800,2340,2666,1802,23028,INR/Acre,State Horticulture Dept Guidelines,2024-2025
swiss chard,Rabi,Uttar Pradesh,23732,2968,4452,9200,2600,2710,1802,23732,INR/Acre,State Horticulture Dept Guidelines,2024-2025
swiss chard,Rabi,Punjab,27714,2968,4452,12500,2912,3080,1802,27714,INR/Acre,State Horticulture Dept Guidelines,2024-2025
swiss chard,Rabi,Haryana,27380,2968,4452,12200,2912,3046,1802,27380,INR/Acre,State Horticulture Dept Guidelines,2024-2025
swiss chard,Rabi,Himachal Pradesh,26624,2968,4452,11800,2600,3002,1802,26624,INR/Acre,State Horticulture Dept Guidelines,2024-2025
swiss chard,Rabi,Jammu and Kashmir,24622,2968,4452,10000,2600,2800,1802,24622,INR/Acre,State Horticulture Dept Guidelines,2024-2025
swiss chard,Rabi,Maharashtra,25720,2968,4452,10800,2808,2890,1802,25720,INR/Acre,State Horticulture Dept Guidelines,2024-2025
swiss chard,Rabi,Karnataka,25864,2968,4452,11000,2730,2912,1802,25864,INR/Acre,State Horticulture Dept Guidelines,2024-2025
swiss chard,Rabi,Tamil Nadu,26216,2968,4452,11200,2860,2934,1802,26216,INR/Acre,State Horticulture Dept Guidelines,2024-2025
swiss chard,Rabi,Gujarat,25679,2968,4452,10600,2990,2867,1802,25679,INR/Acre,State Horticulture Dept Guidelines,2024-2025
celery,Rabi,West Bengal,26168,3710,4770,10500,2380,2900,1908,26168,INR/Acre,Hill Horticulture State Guidelines,2024-2025
celery,Rabi,Odisha,24853,3710,4770,9240,2464,2761,1908,24853,INR/Acre,Hill Horticulture State Guidelines,2024-2025
celery,Rabi,Bihar,24909,3710,4770,9240,2520,2761,1908,24909,INR/Acre,Hill Horticulture State Guidelines,2024-2025
celery,Rabi,Uttar Pradesh,25655,3710,4770,9660,2800,2807,1908,25655,INR/Acre,Hill Horticulture State Guidelines,2024-2025
celery,Rabi,Punjab,29839,3710,4770,13125,3136,3190,1908,29839,INR/Acre,Hill Horticulture State Guidelines,2024-2025
celery,Rabi,Haryana,29489,3710,4770,12810,3136,3155,1908,29489,INR/Acre,Hill Horticulture State Guidelines,2024-2025
celery,Rabi,Himachal Pradesh,28687,3710,4770,12390,2800,3109,1908,28687,INR/Acre,Hill Horticulture State Guidelines,2024-2025
celery,Rabi,Jammu and Kashmir,26588,3710,4770,10500,2800,2900,1908,26588,INR/Acre,Hill Horticulture State Guidelines,2024-2025
celery,Rabi,Maharashtra,27745,3710,4770,11340,3024,2993,1908,27745,INR/Acre,Hill Horticulture State Guidelines,2024-2025
celery,Rabi,Karnataka,27894,3710,4770,11550,2940,3016,1908,27894,INR/Acre,Hill Horticulture State Guidelines,2024-2025
celery,Rabi,Tamil Nadu,28267,3710,4770,11760,3080,3039,1908,28267,INR/Acre,Hill Horticulture State Guidelines,2024-2025
celery,Rabi,Gujarat,27708,3710,4770,11130,3220,2970,1908,27708,INR/Acre,Hill Horticulture State Guidelines,2024-2025
parsley,Rabi,West Bengal,24656,3392,4452,10000,2210,2800,1802,24656,INR/Acre,Hill Horticulture State Guidelines,2024-2025
parsley,Rabi,Odisha,23400,3392,4452,8800,2288,2666,1802,23400,INR/Acre,Hill Horticulture State Guidelines,2024-2025
parsley,Rabi,Bihar,23452,3392,4452,8800,2340,2666,1802,23452,INR/Acre,Hill Horticulture State Guidelines,2024-2025
parsley,Rabi,Uttar Pradesh,24156,3392,4452,9200,2600,2710,1802,24156,INR/Acre,Hill Horticulture State Guidelines,2024-2025
parsley,Rabi,Punjab,28138,3392,4452,12500,2912,3080,1802,28138,INR/Acre,Hill Horticulture State Guidelines,2024-2025
parsley,Rabi,Haryana,27804,3392,4452,12200,2912,3046,1802,27804,INR/Acre,Hill Horticulture State Guidelines,2024-2025
parsley,Rabi,Himachal Pradesh,27048,3392,4452,11800,2600,3002,1802,27048,INR/Acre,Hill Horticulture State Guidelines,2024-2025
parsley,Rabi,Jammu and Kashmir,25046,3392,4452,10000,2600,2800,1802,25046,INR/Acre,Hill Horticulture State Guidelines,2024-2025
parsley,Rabi,Maharashtra,26144,3392,4452,10800,2808,2890,1802,26144,INR/Acre,Hill Horticulture State Guidelines,2024-2025
parsley,Rabi,Karnataka,26288,3392,4452,11000,2730,2912,1802,26288,INR/Acre,Hill Horticulture State Guidelines,2024-2025
parsley,Rabi,Tamil Nadu,26640,3392,4452,11200,2860,2934,1802,26640,INR/Acre,Hill Horticulture State Guidelines,2024-2025
parsley,Rabi,Gujarat,26103,3392,4452,10600,2990,2867,1802,26103,INR/Acre,Hill Horticulture State Guidelines,2024-2025
asparagus,Rabi,West Bengal,40450,8480,6890,15000,3400,3500,3180,40450,INR/Acre,NHB Perennial Vegetable Norms,2024-2025
asparagus,Rabi,Odisha,38602,8480,6890,13200,3520,3332,3180,38602,INR/Acre,NHB Perennial Vegetable Norms,2024-2025
asparagus,Rabi,Bihar,38682,8480,6890,13200,3600,3332,3180,38682,INR/Acre,NHB Perennial Vegetable Norms,2024-2025
asparagus,Rabi,Uttar Pradesh,39738,8480,6890,13800,4000,3388,3180,39738,INR/Acre,NHB Perennial Vegetable Norms,2024-2025
asparagus,Rabi,Punjab,45630,8480,6890,18750,4480,3850,3180,45630,INR/Acre,NHB Perennial Vegetable Norms,2024-2025
asparagus,Rabi,Haryana,45138,8480,6890,18300,4480,3808,3180,45138,INR/Acre,NHB Perennial Vegetable Norms,2024-2025
asparagus,Rabi,Himachal Pradesh,44002,8480,6890,17700,4000,3752,3180,44002,INR/Acre,NHB Perennial Vegetable Norms,2024-2025
asparagus,Rabi,Jammu and Kashmir,41050,8480,6890,15000,4000,3500,3180,41050,INR/Acre,NHB Perennial Vegetable Norms,2024-2025
asparagus,Rabi,Maharashtra,42682,8480,6890,16200,4320,3612,3180,42682,INR/Acre,NHB Perennial Vegetable Norms,2024-2025
asparagus,Rabi,Karnataka,42890,8480,6890,16500,4200,3640,3180,42890,INR/Acre,NHB Perennial Vegetable Norms,2024-2025
asparagus,Rabi,Tamil Nadu,43418,8480,6890,16800,4400,3668,3180,43418,INR/Acre,NHB Perennial Vegetable Norms,2024-2025
asparagus,Rabi,Gujarat,42634,8480,6890,15900,4600,3584,3180,42634,INR/Acre,NHB Perennial Vegetable Norms,2024-2025
spinach (palak),Kharif,Uttar Pradesh,16730,1500,3000,6900,2000,2130,1200,16730,INR/Acre,State Horticulture Dept Guidelines,2024-2025
spinach (palak),Kharif,Madhya Pradesh,16730,1500,3000,6900,2000,2130,1200,16730,INR/Acre,State Horticulture Dept Guidelines,2024-2025
spinach (palak),Kharif,Punjab,19735,1500,3000,9375,2240,2420,1200,19735,INR/Acre,State Horticulture Dept Guidelines,2024-2025
spinach (palak),Kharif,Haryana,19484,1500,3000,9150,2240,2394,1200,19484,INR/Acre,State Horticulture Dept Guidelines,2024-2025
spinach (palak),Kharif,Rajasthan,17760,1500,3000,7500,2360,2200,1200,17760,INR/Acre,State Horticulture Dept Guidelines,2024-2025
spinach (palak),Kharif,Bihar,16194,1500,3000,6600,1800,2094,1200,16194,INR/Acre,State Horticulture Dept Guidelines,2024-2025
spinach (palak),Kharif,Gujarat,18203,1500,3000,7950,2300,2253,1200,18203,INR/Acre,State Horticulture Dept Guidelines,2024-2025
spinach (palak),Kharif,Maharashtra,18230,1500,3000,8100,2160,2270,1200,18230,INR/Acre,State Horticulture Dept Guidelines,2024-2025
spinach (palak),Kharif,West Bengal,17100,1500,3000,7500,1700,2200,1200,17100,INR/Acre,State Horticulture Dept Guidelines,2024-2025
spinach (palak),Kharif,Andhra Pradesh,18338,1500,3000,8250,2100,2288,1200,18338,INR/Acre,State Horticulture Dept Guidelines,2024-2025
spinach (palak),Kharif,Telangana,18338,1500,3000,8250,2100,2288,1200,18338,INR/Acre,State Horticulture Dept Guidelines,2024-2025
spinach (palak),Kharif,Karnataka,18338,1500,3000,8250,2100,2288,1200,18338,INR/Acre,State Horticulture Dept Guidelines,2024-2025
spinach (palak),Kharif,Tamil Nadu,18606,1500,3000,8400,2200,2306,1200,18606,INR/Acre,State Horticulture Dept Guidelines,2024-2025
spinach (palak),Kharif,Odisha,16154,1500,3000,6600,1760,2094,1200,16154,INR/Acre,State Horticulture Dept Guidelines,2024-2025
spinach (palak),Kharif,Assam,16872,1500,3000,7350,1640,2182,1200,16872,INR/Acre,State Horticulture Dept Guidelines,2024-2025
spinach (palak),Kharif,Chhattisgarh,16562,1500,3000,6750,2000,2112,1200,16562,INR/Acre,State Horticulture Dept Guidelines,2024-2025
spinach (palak),Kharif,Jharkhand,16394,1500,3000,6600,2000,2094,1200,16394,INR/Acre,State Horticulture Dept Guidelines,2024-2025
spinach (palak),Kharif,Uttarakhand,17819,1500,3000,7875,2000,2244,1200,17819,INR/Acre,State Horticulture Dept Guidelines,2024-2025
spinach (palak),Kharif,Himachal Pradesh,18908,1500,3000,8850,2000,2358,1200,18908,INR/Acre,State Horticulture Dept Guidelines,2024-2025
spinach (palak),Rabi,Uttar Pradesh,17072,1590,3180,6900,2000,2130,1272,17072,INR/Acre,State Horticulture Dept Guidelines,2024-2025
spinach (palak),Rabi,Madhya Pradesh,17072,1590,3180,6900,2000,2130,1272,17072,INR/Acre,State Horticulture Dept Guidelines,2024-2025
spinach (palak),Rabi,Punjab,20077,1590,3180,9375,2240,2420,1272,20077,INR/Acre,State Horticulture Dept Guidelines,2024-2025
spinach (palak),Rabi,Haryana,19826,1590,3180,9150,2240,2394,1272,19826,INR/Acre,State Horticulture Dept Guidelines,2024-2025
spinach (palak),Rabi,Rajasthan,18102,1590,3180,7500,2360,2200,1272,18102,INR/Acre,State Horticulture Dept Guidelines,2024-2025
spinach (palak),Rabi,Bihar,16536,1590,3180,6600,1800,2094,1272,16536,INR/Acre,State Horticulture Dept Guidelines,2024-2025
spinach (palak),Rabi,Gujarat,18545,1590,3180,7950,2300,2253,1272,18545,INR/Acre,State Horticulture Dept Guidelines,2024-2025
spinach (palak),Rabi,Maharashtra,18572,1590,3180,8100,2160,2270,1272,18572,INR/Acre,State Horticulture Dept Guidelines,2024-2025
spinach (palak),Rabi,West Bengal,17442,1590,3180,7500,1700,2200,1272,17442,INR/Acre,State Horticulture Dept Guidelines,2024-2025
spinach (palak),Rabi,Andhra Pradesh,18680,1590,3180,8250,2100,2288,1272,18680,INR/Acre,State Horticulture Dept Guidelines,2024-2025
spinach (palak),Rabi,Telangana,18680,1590,3180,8250,2100,2288,1272,18680,INR/Acre,State Horticulture Dept Guidelines,2024-2025
spinach (palak),Rabi,Karnataka,18680,1590,3180,8250,2100,2288,1272,18680,INR/Acre,State Horticulture Dept Guidelines,2024-2025
spinach (palak),Rabi,Tamil Nadu,18948,1590,3180,8400,2200,2306,1272,18948,INR/Acre,State Horticulture Dept Guidelines,2024-2025
spinach (palak),Rabi,Odisha,16496,1590,3180,6600,1760,2094,1272,16496,INR/Acre,State Horticulture Dept Guidelines,2024-2025
spinach (palak),Rabi,Assam,17214,1590,3180,7350,1640,2182,1272,17214,INR/Acre,State Horticulture Dept Guidelines,2024-2025
spinach (palak),Rabi,Chhattisgarh,16904,1590,3180,6750,2000,2112,1272,16904,INR/Acre,State Horticulture Dept Guidelines,2024-2025
spinach (palak),Rabi,Jharkhand,16736,1590,3180,6600,2000,2094,1272,16736,INR/Acre,State Horticulture Dept Guidelines,2024-2025
spinach (palak),Rabi,Uttarakhand,18161,1590,3180,7875,2000,2244,1272,18161,INR/Acre,State Horticulture Dept Guidelines,2024-2025
spinach (palak),Rabi,Himachal Pradesh,19250,1590,3180,8850,2000,2358,1272,19250,INR/Acre,State Horticulture Dept Guidelines,2024-2025
spinach (palak),Zaid,Uttar Pradesh,17514,1680,3360,6900,2100,2130,1344,17514,INR/Acre,State Horticulture Dept Guidelines,2024-2025
spinach (palak),Zaid,Madhya Pradesh,17514,1680,3360,6900,2100,2130,1344,17514,INR/Acre,State Horticulture Dept Guidelines,2024-2025
spinach (palak),Zaid,Punjab,20531,1680,3360,9375,2352,2420,1344,20531,INR/Acre,State Horticulture Dept Guidelines,2024-2025
spinach (palak),Zaid,Haryana,20280,1680,3360,9150,2352,2394,1344,20280,INR/Acre,State Horticulture Dept Guidelines,2024-2025
spinach (palak),Zaid,Rajasthan,18562,1680,3360,7500,2478,2200,1344,18562,INR/Acre,State Horticulture Dept Guidelines,2024-2025
spinach (palak),Zaid,Bihar,16968,1680,3360,6600,1890,2094,1344,16968,INR/Acre,State Horticulture Dept Guidelines,2024-2025
spinach (palak),Zaid,Gujarat,19002,1680,3360,7950,2415,2253,1344,19002,INR/Acre,State Horticulture Dept Guidelines,2024-2025
spinach (palak),Zaid,Maharashtra,19022,1680,3360,8100,2268,2270,1344,19022,INR/Acre,State Horticulture Dept Guidelines,2024-2025
spinach (palak),Zaid,West Bengal,17869,1680,3360,7500,1785,2200,1344,17869,INR/Acre,State Horticulture Dept Guidelines,2024-2025
spinach (palak),Zaid,Andhra Pradesh,19127,1680,3360,8250,2205,2288,1344,19127,INR/Acre,State Horticulture Dept Guidelines,2024-2025
spinach (palak),Zaid,Telangana,19127,1680,3360,8250,2205,2288,1344,19127,INR/Acre,State Horticulture Dept Guidelines,2024-2025
spinach (palak),Zaid,Karnataka,19127,1680,3360,8250,2205,2288,1344,19127,INR/Acre,State Horticulture Dept Guidelines,2024-2025
spinach (palak),Zaid,Tamil Nadu,19400,1680,3360,8400,2310,2306,1344,19400,INR/Acre,State Horticulture Dept Guidelines,2024-2025
spinach (palak),Zaid,Odisha,16926,1680,3360,6600,1848,2094,1344,16926,INR/Acre,State Horticulture Dept Guidelines,2024-2025
spinach (palak),Zaid,Assam,17638,1680,3360,7350,1722,2182,1344,17638,INR/Acre,State Horticulture Dept Guidelines,2024-2025
spinach (palak),Zaid,Chhattisgarh,17346,1680,3360,6750,2100,2112,1344,17346,INR/Acre,State Horticulture Dept Guidelines,2024-2025
spinach (palak),Zaid,Jharkhand,17178,1680,3360,6600,2100,2094,1344,17178,INR/Acre,State Horticulture Dept Guidelines,2024-2025
spinach (palak),Zaid,Uttarakhand,18603,1680,3360,7875,2100,2244,1344,18603,INR/Acre,State Horticulture Dept Guidelines,2024-2025
spinach (palak),Zaid,Himachal Pradesh,19692,1680,3360,8850,2100,2358,1344,19692,INR/Acre,State Horticulture Dept Guidelines,2024-2025
fenugreek leaves,Kharif,Uttar Pradesh,15857,1400,2800,6624,1900,2033,1100,15857,INR/Acre,State Horticulture Dept Guidelines,2024-2025
fenugreek leaves,Kharif,Madhya Pradesh,15857,1400,2800,6624,1900,2033,1100,15857,INR/Acre,State Horticulture Dept Guidelines,2024-2025
fenugreek leaves,Kharif,Punjab,18738,1400,2800,9000,2128,2310,1100,18738,INR/Acre,State Horticulture Dept Guidelines,2024-2025
fenugreek leaves,Kharif,Haryana,18497,1400,2800,8784,2128,2285,1100,18497,INR/Acre,State Horticulture Dept Guidelines,2024-2025
fenugreek leaves,Kharif,Rajasthan,16842,1400,2800,7200,2242,2100,1100,16842,INR/Acre,State Horticulture Dept Guidelines,2024-2025
fenugreek leaves,Kharif,Bihar,15345,1400,2800,6336,1710,1999,1100,15345,INR/Acre,State Horticulture Dept Guidelines,2024-2025
fenugreek leaves,Kharif,Gujarat,17267,1400,2800,7632,2185,2150,1100,17267,INR/Acre,State Horticulture Dept Guidelines,2024-2025
fenugreek leaves,Kharif,Maharashtra,17295,1400,2800,7776,2052,2167,1100,17295,INR/Acre,State Horticulture Dept Guidelines,2024-2025
fenugreek leaves,Kharif,West Bengal,16215,1400,2800,7200,1615,2100,1100,16215,INR/Acre,State Horticulture Dept Guidelines,2024-2025
fenugreek leaves,Kharif,Andhra Pradesh,17399,1400,2800,7920,1995,2184,1100,17399,INR/Acre,State Horticulture Dept Guidelines,2024-2025
fenugreek leaves,Kharif,Telangana,17399,1400,2800,7920,1995,2184,1100,17399,INR/Acre,State Horticulture Dept Guidelines,2024-2025
fenugreek leaves,Kharif,Karnataka,17399,1400,2800,7920,1995,2184,1100,17399,INR/Acre,State Horticulture Dept Guidelines,2024-2025
fenugreek leaves,Kharif,Tamil Nadu,17655,1400,2800,8064,2090,2201,1100,17655,INR/Acre,State Horticulture Dept Guidelines,2024-2025
fenugreek leaves,Kharif,Odisha,15307,1400,2800,6336,1672,1999,1100,15307,INR/Acre,State Horticulture Dept Guidelines,2024-2025
fenugreek leaves,Kharif,Assam,15997,1400,2800,7056,1558,2083,1100,15997,INR/Acre,State Horticulture Dept Guidelines,2024-2025
fenugreek leaves,Kharif,Chhattisgarh,15696,1400,2800,6480,1900,2016,1100,15696,INR/Acre,State Horticulture Dept Guidelines,2024-2025
fenugreek leaves,Kharif,Jharkhand,15535,1400,2800,6336,1900,1999,1100,15535,INR/Acre,State Horticulture Dept Guidelines,2024-2025
fenugreek leaves,Kharif,Uttarakhand,16902,1400,2800,7560,1900,2142,1100,16902,INR/Acre,State Horticulture Dept Guidelines,2024-2025
fenugreek leaves,Kharif,Himachal Pradesh,17947,1400,2800,8496,1900,2251,1100,17947,INR/Acre,State Horticulture Dept Guidelines,2024-2025
fenugreek leaves,Rabi,Uttar Pradesh,16175,1484,2968,6624,1900,2033,1166,16175,INR/Acre,State Horticulture Dept Guidelines,2024-2025
fenugreek leaves,Rabi,Madhya Pradesh,16175,1484,2968,6624,1900,2033,1166,16175,INR/Acre,State Horticulture Dept Guidelines,2024-2025
fenugreek leaves,Rabi,Punjab,19056,1484,2968,9000,2128,2310,1166,19056,INR/Acre,State Horticulture Dept Guidelines,2024-2025
fenugreek leaves,Rabi,Haryana,18815,1484,2968,8784,2128,2285,1166,18815,INR/Acre,State Horticulture Dept Guidelines,2024-2025
fenugreek leaves,Rabi,Rajasthan,17160,1484,2968,7200,2242,2100,1166,17160,INR/Acre,State Horticulture Dept Guidelines,2024-2025
fenugreek leaves,Rabi,Bihar,15663,1484,2968,6336,1710,1999,1166,15663,INR/Acre,State Horticulture Dept Guidelines,2024-2025
fenugreek leaves,Rabi,Gujarat,17585,1484,2968,7632,2185,2150,1166,17585,INR/Acre,State Horticulture Dept Guidelines,2024-2025
fenugreek leaves,Rabi,Maharashtra,17613,1484,2968,7776,2052,2167,1166,17613,INR/Acre,State Horticulture Dept Guidelines,2024-2025
fenugreek leaves,Rabi,West Bengal,16533,1484,2968,7200,1615,2100,1166,16533,INR/Acre,State Horticulture Dept Guidelines,2024-2025
fenugreek leaves,Rabi,Andhra Pradesh,17717,1484,2968,7920,1995,2184,1166,17717,INR/Acre,State Horticulture Dept Guidelines,2024-2025
fenugreek leaves,Rabi,Telangana,17717,1484,2968,7920,1995,2184,1166,17717,INR/Acre,State Horticulture Dept Guidelines,2024-2025
fenugreek leaves,Rabi,Karnataka,17717,1484,2968,7920,1995,2184,1166,17717,INR/Acre,State Horticulture Dept Guidelines,2024-2025
fenugreek leaves,Rabi,Tamil Nadu,17973,1484,2968,8064,2090,2201,1166,17973,INR/Acre,State Horticulture Dept Guidelines,2024-2025
fenugreek leaves,Rabi,Odisha,15625,1484,2968,6336,1672,1999,1166,15625,INR/Acre,State Horticulture Dept Guidelines,2024-2025
fenugreek leaves,Rabi,Assam,16315,1484,2968,7056,1558,2083,1166,16315,INR/Acre,State Horticulture Dept Guidelines,2024-2025
fenugreek leaves,Rabi,Chhattisgarh,16014,1484,2968,6480,1900,2016,1166,16014,INR/Acre,State Horticulture Dept Guidelines,2024-2025
fenugreek leaves,Rabi,Jharkhand,15853,1484,2968,6336,1900,1999,1166,15853,INR/Acre,State Horticulture Dept Guidelines,2024-2025
fenugreek leaves,Rabi,Uttarakhand,17220,1484,2968,7560,1900,2142,1166,17220,INR/Acre,State Horticulture Dept Guidelines,2024-2025
fenugreek leaves,Rabi,Himachal Pradesh,18265,1484,2968,8496,1900,2251,1166,18265,INR/Acre,State Horticulture Dept Guidelines,2024-2025
fenugreek leaves,Zaid,Uttar Pradesh,16588,1568,3136,6624,1995,2033,1232,16588,INR/Acre,State Horticulture Dept Guidelines,2024-2025
fenugreek leaves,Zaid,Madhya Pradesh,16588,1568,3136,6624,1995,2033,1232,16588,INR/Acre,State Horticulture Dept Guidelines,2024-2025
fenugreek leaves,Zaid,Punjab,19480,1568,3136,9000,2234,2310,1232,19480,INR/Acre,State Horticulture Dept Guidelines,2024-2025
fenugreek leaves,Zaid,Haryana,19239,1568,3136,8784,2234,2285,1232,19239,INR/Acre,State Horticulture Dept Guidelines,2024-2025
fenugreek leaves,Zaid,Rajasthan,17590,1568,3136,7200,2354,2100,1232,17590,INR/Acre,State Horticulture Dept Guidelines,2024-2025
fenugreek leaves,Zaid,Bihar,16067,1568,3136,6336,1796,1999,1232,16067,INR/Acre,State Horticulture Dept Guidelines,2024-2025
fenugreek leaves,Zaid,Gujarat,18012,1568,3136,7632,2294,2150,1232,18012,INR/Acre,State Horticulture Dept Guidelines,2024-2025
fenugreek leaves,Zaid,Maharashtra,18034,1568,3136,7776,2155,2167,1232,18034,INR/Acre,State Horticulture Dept Guidelines,2024-2025
fenugreek leaves,Zaid,West Bengal,16932,1568,3136,7200,1696,2100,1232,16932,INR/Acre,State Horticulture Dept Guidelines,2024-2025
fenugreek leaves,Zaid,Andhra Pradesh,18135,1568,3136,7920,2095,2184,1232,18135,INR/Acre,State Horticulture Dept Guidelines,2024-2025
fenugreek leaves,Zaid,Telangana,18135,1568,3136,7920,2095,2184,1232,18135,INR/Acre,State Horticulture Dept Guidelines,2024-2025
fenugreek leaves,Zaid,Karnataka,18135,1568,3136,7920,2095,2184,1232,18135,INR/Acre,State Horticulture Dept Guidelines,2024-2025
fenugreek leaves,Zaid,Tamil Nadu,18395,1568,3136,8064,2194,2201,1232,18395,INR/Acre,State Horticulture Dept Guidelines,2024-2025
fenugreek leaves,Zaid,Odisha,16027,1568,3136,6336,1756,1999,1232,16027,INR/Acre,State Horticulture Dept Guidelines,2024-2025
fenugreek leaves,Zaid,Assam,16711,1568,3136,7056,1636,2083,1232,16711,INR/Acre,State Horticulture Dept Guidelines,2024-2025
fenugreek leaves,Zaid,Chhattisgarh,16427,1568,3136,6480,1995,2016,1232,16427,INR/Acre,State Horticulture Dept Guidelines,2024-2025
fenugreek leaves,Zaid,Jharkhand,16266,1568,3136,6336,1995,1999,1232,16266,INR/Acre,State Horticulture Dept Guidelines,2024-2025
fenugreek leaves,Zaid,Uttarakhand,17633,1568,3136,7560,1995,2142,1232,17633,INR/Acre,State Horticulture Dept Guidelines,2024-2025
fenugreek leaves,Zaid,Himachal Pradesh,18678,1568,3136,8496,1995,2251,1232,18678,INR/Acre,State Horticulture Dept Guidelines,2024-2025
amaranthus leaves,Kharif,Uttar Pradesh,14976,1200,2600,6440,1800,1936,1000,14976,INR/Acre,State Horticulture Dept Guidelines,2024-2025
amaranthus leaves,Kharif,Madhya Pradesh,14976,1200,2600,6440,1800,1936,1000,14976,INR/Acre,State Horticulture Dept Guidelines,2024-2025
amaranthus leaves,Kharif,Punjab,17766,1200,2600,8750,2016,2200,1000,17766,INR/Acre,State Horticulture Dept Guidelines,2024-2025
amaranthus leaves,Kharif,Haryana,17532,1200,2600,8540,2016,2176,1000,17532,INR/Acre,State Horticulture Dept Guidelines,2024-2025
amaranthus leaves,Kharif,Rajasthan,15924,1200,2600,7000,2124,2000,1000,15924,INR/Acre,State Horticulture Dept Guidelines,2024-2025
amaranthus leaves,Kharif,Bihar,14484,1200,2600,6160,1620,1904,1000,14484,INR/Acre,State Horticulture Dept Guidelines,2024-2025
amaranthus leaves,Kharif,Gujarat,16338,1200,2600,7420,2070,2048,1000,16338,INR/Acre,State Horticulture Dept Guidelines,2024-2025
amaranthus leaves,Kharif,Maharashtra,16368,1200,2600,7560,1944,2064,1000,16368,INR/Acre,State Horticulture Dept Guidelines,2024-2025
amaranthus leaves,Kharif,West Bengal,15330,1200,2600,7000,1530,2000,1000,15330,INR/Acre,State Horticulture Dept Guidelines,2024-2025
amaranthus leaves,Kharif,Andhra Pradesh,16470,1200,2600,7700,1890,2080,1000,16470,INR/Acre,State Horticulture Dept Guidelines,2024-2025
amaranthus leaves,Kharif,Telangana,16470,1200,2600,7700,1890,2080,1000,16470,INR/Acre,State Horticulture Dept Guidelines,2024-2025
amaranthus leaves,Kharif,Karnataka,16470,1200,2600,7700,1890,2080,1000,16470,INR/Acre,State Horticulture Dept Guidelines,2024-2025
amaranthus leaves,Kharif,Tamil Nadu,16716,1200,2600,7840,1980,2096,1000,16716,INR/Acre,State Horticulture Dept Guidelines,2024-2025
amaranthus leaves,Kharif,Odisha,14448,1200,2600,6160,1584,1904,1000,14448,INR/Acre,State Horticulture Dept Guidelines,2024-2025
amaranthus leaves,Kharif,Assam,15120,1200,2600,6860,1476,1984,1000,15120,INR/Acre,State Horticulture Dept Guidelines,2024-2025
amaranthus leaves,Kharif,Chhattisgarh,14820,1200,2600,6300,1800,1920,1000,14820,INR/Acre,State Horticulture Dept Guidelines,2024-2025
amaranthus leaves,Kharif,Jharkhand,14664,1200,2600,6160,1800,1904,1000,14664,INR/Acre,State Horticulture Dept Guidelines,2024-2025
amaranthus leaves,Kharif,Uttarakhand,15990,1200,2600,7350,1800,2040,1000,15990,INR/Acre,State Horticulture Dept Guidelines,2024-2025
amaranthus leaves,Kharif,Himachal Pradesh,17004,1200,2600,8260,1800,2144,1000,17004,INR/Acre,State Horticulture Dept Guidelines,2024-2025
amaranthus leaves,Rabi,Uttar Pradesh,15264,1272,2756,6440,1800,1936,1060,15264,INR/Acre,State Horticulture Dept Guidelines,2024-2025
amaranthus leaves,Rabi,Madhya Pradesh,15264,1272,2756,6440,1800,1936,1060,15264,INR/Acre,State Horticulture Dept Guidelines,2024-2025
amaranthus leaves,Rabi,Punjab,18054,1272,2756,8750,2016,2200,1060,18054,INR/Acre,State Horticulture Dept Guidelines,2024-2025
amaranthus leaves,Rabi,Haryana,17820,1272,2756,8540,2016,2176,1060,17820,INR/Acre,State Horticulture Dept Guidelines,2024-2025
amaranthus leaves,Rabi,Rajasthan,16212,1272,2756,7000,2124,2000,1060,16212,INR/Acre,State Horticulture Dept Guidelines,2024-2025
amaranthus leaves,Rabi,Bihar,14772,1272,2756,6160,1620,1904,1060,14772,INR/Acre,State Horticulture Dept Guidelines,2024-2025
amaranthus leaves,Rabi,Gujarat,16626,1272,2756,7420,2070,2048,1060,16626,INR/Acre,State Horticulture Dept Guidelines,2024-2025
amaranthus leaves,Rabi,Maharashtra,16656,1272,2756,7560,1944,2064,1060,16656,INR/Acre,State Horticulture Dept Guidelines,2024-2025
amaranthus leaves,Rabi,West Bengal,15618,1272,2756,7000,1530,2000,1060,15618,INR/Acre,State Horticulture Dept Guidelines,2024-2025
amaranthus leaves,Rabi,Andhra Pradesh,16758,1272,2756,7700,1890,2080,1060,16758,INR/Acre,State Horticulture Dept Guidelines,2024-2025
amaranthus leaves,Rabi,Telangana,16758,1272,2756,7700,1890,2080,1060,16758,INR/Acre,State Horticulture Dept Guidelines,2024-2025
amaranthus leaves,Rabi,Karnataka,16758,1272,2756,7700,1890,2080,1060,16758,INR/Acre,State Horticulture Dept Guidelines,2024-2025
amaranthus leaves,Rabi,Tamil Nadu,17004,1272,2756,7840,1980,2096,1060,17004,INR/Acre,State Horticulture Dept Guidelines,2024-2025
amaranthus leaves,Rabi,Odisha,14736,1272,2756,6160,1584,1904,1060,14736,INR/Acre,State Horticulture Dept Guidelines,2024-2025
amaranthus leaves,Rabi,Assam,15408,1272,2756,6860,1476,1984,1060,15408,INR/Acre,State Horticulture Dept Guidelines,2024-2025
amaranthus leaves,Rabi,Chhattisgarh,15108,1272,2756,6300,1800,1920,1060,15108,INR/Acre,State Horticulture Dept Guidelines,2024-2025
amaranthus leaves,Rabi,Jharkhand,14952,1272,2756,6160,1800,1904,1060,14952,INR/Acre,State Horticulture Dept Guidelines,2024-2025
amaranthus leaves,Rabi,Uttarakhand,16278,1272,2756,7350,1800,2040,1060,16278,INR/Acre,State Horticulture Dept Guidelines,2024-2025
amaranthus leaves,Rabi,Himachal Pradesh,17292,1272,2756,8260,1800,2144,1060,17292,INR/Acre,State Horticulture Dept Guidelines,2024-2025
amaranthus leaves,Zaid,Uttar Pradesh,15642,1344,2912,6440,1890,1936,1120,15642,INR/Acre,State Horticulture Dept Guidelines,2024-2025
amaranthus leaves,Zaid,Madhya Pradesh,15642,1344,2912,6440,1890,1936,1120,15642,INR/Acre,State Horticulture Dept Guidelines,2024-2025
amaranthus leaves,Zaid,Punjab,18443,1344,2912,8750,2117,2200,1120,18443,INR/Acre,State Horticulture Dept Guidelines,2024-2025
amaranthus leaves,Zaid,Haryana,18209,1344,2912,8540,2117,2176,1120,18209,INR/Acre,State Horticulture Dept Guidelines,2024-2025
amaranthus leaves,Zaid,Rajasthan,16606,1344,2912,7000,2230,2000,1120,16606,INR/Acre,State Horticulture Dept Guidelines,2024-2025
amaranthus leaves,Zaid,Bihar,15141,1344,2912,6160,1701,1904,1120,15141,INR/Acre,State Horticulture Dept Guidelines,2024-2025
amaranthus leaves,Zaid,Gujarat,17018,1344,2912,7420,2174,2048,1120,17018,INR/Acre,State Horticulture Dept Guidelines,2024-2025
amaranthus leaves,Zaid,Maharashtra,17041,1344,2912,7560,2041,2064,1120,17041,INR/Acre,State Horticulture Dept Guidelines,2024-2025
amaranthus leaves,Zaid,West Bengal,15982,1344,2912,7000,1606,2000,1120,15982,INR/Acre,State Horticulture Dept Guidelines,2024-2025
amaranthus leaves,Zaid,Andhra Pradesh,17140,1344,2912,7700,1984,2080,1120,17140,INR/Acre,State Horticulture Dept Guidelines,2024-2025
amaranthus leaves,Zaid,Telangana,17140,1344,2912,7700,1984,2080,1120,17140,INR/Acre,State Horticulture Dept Guidelines,2024-2025
amaranthus leaves,Zaid,Karnataka,17140,1344,2912,7700,1984,2080,1120,17140,INR/Acre,State Horticulture Dept Guidelines,2024-2025
amaranthus leaves,Zaid,Tamil Nadu,17391,1344,2912,7840,2079,2096,1120,17391,INR/Acre,State Horticulture Dept Guidelines,2024-2025
amaranthus leaves,Zaid,Odisha,15103,1344,2912,6160,1663,1904,1120,15103,INR/Acre,State Horticulture Dept Guidelines,2024-2025
amaranthus leaves,Zaid,Assam,15770,1344,2912,6860,1550,1984,1120,15770,INR/Acre,State Horticulture Dept Guidelines,2024-2025
amaranthus leaves,Zaid,Chhattisgarh,15486,1344,2912,6300,1890,1920,1120,15486,INR/Acre,State Horticulture Dept Guidelines,2024-2025
amaranthus leaves,Zaid,Jharkhand,15330,1344,2912,6160,1890,1904,1120,15330,INR/Acre,State Horticulture Dept Guidelines,2024-2025
amaranthus leaves,Zaid,Uttarakhand,16656,1344,2912,7350,1890,2040,1120,16656,INR/Acre,State Horticulture Dept Guidelines,2024-2025
amaranthus leaves,Zaid,Himachal Pradesh,17670,1344,2912,8260,1890,2144,1120,17670,INR/Acre,State Horticulture Dept Guidelines,2024-2025
mustard greens,Kharif,Uttar Pradesh,15318,1300,2700,6532,1800,1936,1050,15318,INR/Acre,State Agriculture Dept Guidelines,2024-2025
mustard greens,Kharif,Madhya Pradesh,15318,1300,2700,6532,1800,1936,1050,15318,INR/Acre,State Agriculture Dept Guidelines,2024-2025
mustard greens,Kharif,Punjab,18141,1300,2700,8875,2016,2200,1050,18141,INR/Acre,State Agriculture Dept Guidelines,2024-2025
mustard greens,Kharif,Haryana,17904,1300,2700,8662,2016,2176,1050,17904,INR/Acre,State Agriculture Dept Guidelines,2024-2025
mustard greens,Kharif,Rajasthan,16274,1300,2700,7100,2124,2000,1050,16274,INR/Acre,State Agriculture Dept Guidelines,2024-2025
mustard greens,Kharif,Bihar,14822,1300,2700,6248,1620,1904,1050,14822,INR/Acre,State Agriculture Dept Guidelines,2024-2025
mustard greens,Kharif,Gujarat,16694,1300,2700,7526,2070,2048,1050,16694,INR/Acre,State Agriculture Dept Guidelines,2024-2025
mustard greens,Kharif,Maharashtra,16726,1300,2700,7668,1944,2064,1050,16726,INR/Acre,State Agriculture Dept Guidelines,2024-2025
mustard greens,Kharif,West Bengal,15680,1300,2700,7100,1530,2000,1050,15680,INR/Acre,State Agriculture Dept Guidelines,2024-2025
mustard greens,Kharif,Andhra Pradesh,16830,1300,2700,7810,1890,2080,1050,16830,INR/Acre,State Agriculture Dept Guidelines,2024-2025
mustard greens,Kharif,Telangana,16830,1300,2700,7810,1890,2080,1050,16830,INR/Acre,State Agriculture Dept Guidelines,2024-2025
mustard greens,Kharif,Karnataka,16830,1300,2700,7810,1890,2080,1050,16830,INR/Acre,State Agriculture Dept Guidelines,2024-2025
mustard greens,Kharif,Tamil Nadu,17078,1300,2700,7952,1980,2096,1050,17078,INR/Acre,State Agriculture Dept Guidelines,2024-2025
mustard greens,Kharif,Odisha,14786,1300,2700,6248,1584,1904,1050,14786,INR/Acre,State Agriculture Dept Guidelines,2024-2025
mustard greens,Kharif,Assam,15468,1300,2700,6958,1476,1984,1050,15468,INR/Acre,State Agriculture Dept Guidelines,2024-2025
mustard greens,Kharif,Chhattisgarh,15160,1300,2700,6390,1800,1920,1050,15160,INR/Acre,State Agriculture Dept Guidelines,2024-2025
mustard greens,Kharif,Jharkhand,15002,1300,2700,6248,1800,1904,1050,15002,INR/Acre,State Agriculture Dept Guidelines,2024-2025
mustard greens,Kharif,Uttarakhand,16345,1300,2700,7455,1800,2040,1050,16345,INR/Acre,State Agriculture Dept Guidelines,2024-2025
mustard greens,Kharif,Himachal Pradesh,17372,1300,2700,8378,1800,2144,1050,17372,INR/Acre,State Agriculture Dept Guidelines,2024-2025
mustard greens,Rabi,Uttar Pradesh,15621,1378,2862,6532,1800,1936,1113,15621,INR/Acre,State Agriculture Dept Guidelines,2024-2025
mustard greens,Rabi,Madhya Pradesh,15621,1378,2862,6532,1800,1936,1113,15621,INR/Acre,State Agriculture Dept Guidelines,2024-2025
mustard greens,Rabi,Punjab,18444,1378,2862,8875,2016,2200,1113,18444,INR/Acre,State Agriculture Dept Guidelines,2024-2025
mustard greens,Rabi,Haryana,18207,1378,2862,8662,2016,2176,1113,18207,INR/Acre,State Agriculture Dept Guidelines,2024-2025
mustard greens,Rabi,Rajasthan,16577,1378,2862,7100,2124,2000,1113,16577,INR/Acre,State Agriculture Dept Guidelines,2024-2025
mustard greens,Rabi,Bihar,15125,1378,2862,6248,1620,1904,1113,15125,INR/Acre,State Agriculture Dept Guidelines,2024-2025
mustard greens,Rabi,Gujarat,16997,1378,2862,7526,2070,2048,1113,16997,INR/Acre,State Agriculture Dept Guidelines,2024-2025
mustard greens,Rabi,Maharashtra,17029,1378,2862,7668,1944,2064,1113,17029,INR/Acre,State Agriculture Dept Guidelines,2024-2025
mustard greens,Rabi,West Bengal,15983,1378,2862,7100,1530,2000,1113,15983,INR/Acre,State Agriculture Dept Guidelines,2024-2025
mustard greens,Rabi,Andhra Pradesh,17133,1378,2862,7810,1890,2080,1113,17133,INR/Acre,State Agriculture Dept Guidelines,2024-2025
mustard greens,Rabi,Telangana,17133,1378,2862,7810,1890,2080,1113,17133,INR/Acre,State Agriculture Dept Guidelines,2024-2025
mustard greens,Rabi,Karnataka,17133,1378,2862,7810,1890,2080,1113,17133,INR/Acre,State Agriculture Dept Guidelines,2024-2025
mustard greens,Rabi,Tamil Nadu,17381,1378,2862,7952,1980,2096,1113,17381,INR/Acre,State Agriculture Dept Guidelines,2024-2025
mustard greens,Rabi,Odisha,15089,1378,2862,6248,1584,1904,1113,15089,INR/Acre,State Agriculture Dept Guidelines,2024-2025
mustard greens,Rabi,Assam,15771,1378,2862,6958,1476,1984,1113,15771,INR/Acre,State Agriculture Dept Guidelines,2024-2025
mustard greens,Rabi,Chhattisgarh,15463,1378,2862,6390,1800,1920,1113,15463,INR/Acre,State Agriculture Dept Guidelines,2024-2025
mustard greens,Rabi,Jharkhand,15305,1378,2862,6248,1800,1904,1113,15305,INR/Acre,State Agriculture Dept Guidelines,2024-2025
mustard greens,Rabi,Uttarakhand,16648,1378,2862,7455,1800,2040,1113,16648,INR/Acre,State Agriculture Dept Guidelines,2024-2025
mustard greens,Rabi,Himachal Pradesh,17675,1378,2862,8378,1800,2144,1113,17675,INR/Acre,State Agriculture Dept Guidelines,2024-2025
mustard greens,Zaid,Uttar Pradesh,16014,1456,3024,6532,1890,1936,1176,16014,INR/Acre,State Agriculture Dept Guidelines,2024-2025
mustard greens,Zaid,Madhya Pradesh,16014,1456,3024,6532,1890,1936,1176,16014,INR/Acre,State Agriculture Dept Guidelines,2024-2025
mustard greens,Zaid,Punjab,18848,1456,3024,8875,2117,2200,1176,18848,INR/Acre,State Agriculture Dept Guidelines,2024-2025
mustard greens,Zaid,Haryana,18611,1456,3024,8662,2117,2176,1176,18611,INR/Acre,State Agriculture Dept Guidelines,2024-2025
mustard greens,Zaid,Rajasthan,16986,1456,3024,7100,2230,2000,1176,16986,INR/Acre,State Agriculture Dept Guidelines,2024-2025
mustard greens,Zaid,Bihar,15509,1456,3024,6248,1701,1904,1176,15509,INR/Acre,State Agriculture Dept Guidelines,2024-2025
mustard greens,Zaid,Gujarat,17404,1456,3024,7526,2174,2048,1176,17404,INR/Acre,State Agriculture Dept Guidelines,2024-2025
mustard greens,Zaid,Maharashtra,17429,1456,3024,7668,2041,2064,1176,17429,INR/Acre,State Agriculture Dept Guidelines,2024-2025
mustard greens,Zaid,West Bengal,16362,1456,3024,7100,1606,2000,1176,16362,INR/Acre,State Agriculture Dept Guidelines,2024-2025
mustard greens,Zaid,Andhra Pradesh,17530,1456,3024,7810,1984,2080,1176,17530,INR/Acre,State Agriculture Dept Guidelines,2024-2025
mustard greens,Zaid,Telangana,17530,1456,3024,7810,1984,2080,1176,17530,INR/Acre,State Agriculture Dept Guidelines,2024-2025
mustard greens,Zaid,Karnataka,17530,1456,3024,7810,1984,2080,1176,17530,INR/Acre,State Agriculture Dept Guidelines,2024-2025
mustard greens,Zaid,Tamil Nadu,17783,1456,3024,7952,2079,2096,1176,17783,INR/Acre,State Agriculture Dept Guidelines,2024-2025
mustard greens,Zaid,Odisha,15471,1456,3024,6248,1663,1904,1176,15471,INR/Acre,State Agriculture Dept Guidelines,2024-2025
mustard greens,Zaid,Assam,16148,1456,3024,6958,1550,1984,1176,16148,INR/Acre,State Agriculture Dept Guidelines,2024-2025
mustard greens,Zaid,Chhattisgarh,15856,1456,3024,6390,1890,1920,1176,15856,INR/Acre,State Agriculture Dept Guidelines,2024-2025
mustard greens,Zaid,Jharkhand,15698,1456,3024,6248,1890,1904,1176,15698,INR/Acre,State Agriculture Dept Guidelines,2024-2025
mustard greens,Zaid,Uttarakhand,17041,1456,3024,7455,1890,2040,1176,17041,INR/Acre,State Agriculture Dept Guidelines,2024-2025
mustard greens,Zaid,Himachal Pradesh,18068,1456,3024,8378,1890,2144,1176,18068,INR/Acre,State Agriculture Dept Guidelines,2024-2025
lettuce,Kharif,Uttar Pradesh,22433,2800,4000,9016,2500,2517,1600,22433,INR/Acre,State Horticulture Dept Guidelines,2024-2025
lettuce,Kharif,Madhya Pradesh,22433,2800,4000,9016,2500,2517,1600,22433,INR/Acre,State Horticulture Dept Guidelines,2024-2025
lettuce,Kharif,Punjab,26310,2800,4000,12250,2800,2860,1600,26310,INR/Acre,State Horticulture Dept Guidelines,2024-2025
lettuce,Kharif,Haryana,25985,2800,4000,11956,2800,2829,1600,25985,INR/Acre,State Horticulture Dept Guidelines,2024-2025
lettuce,Kharif,Rajasthan,23750,2800,4000,9800,2950,2600,1600,23750,INR/Acre,State Horticulture Dept Guidelines,2024-2025
lettuce,Kharif,Bihar,21749,2800,4000,8624,2250,2475,1600,21749,INR/Acre,State Horticulture Dept Guidelines,2024-2025
lettuce,Kharif,Gujarat,24325,2800,4000,10388,2875,2662,1600,24325,INR/Acre,State Horticulture Dept Guidelines,2024-2025
lettuce,Kharif,Maharashtra,24367,2800,4000,10584,2700,2683,1600,24367,INR/Acre,State Horticulture Dept Guidelines,2024-2025
lettuce,Kharif,West Bengal,22925,2800,4000,9800,2125,2600,1600,22925,INR/Acre,State Horticulture Dept Guidelines,2024-2025
lettuce,Kharif,Andhra Pradesh,24509,2800,4000,10780,2625,2704,1600,24509,INR/Acre,State Horticulture Dept Guidelines,2024-2025
lettuce,Kharif,Telangana,24509,2800,4000,10780,2625,2704,1600,24509,INR/Acre,State Horticulture Dept Guidelines,2024-2025
lettuce,Kharif,Karnataka,24509,2800,4000,10780,2625,2704,1600,24509,INR/Acre,State Horticulture Dept Guidelines,2024-2025
lettuce,Kharif,Tamil Nadu,24851,2800,4000,10976,2750,2725,1600,24851,INR/Acre,State Horticulture Dept Guidelines,2024-2025
lettuce,Kharif,Odisha,21699,2800,4000,8624,2200,2475,1600,21699,INR/Acre,State Horticulture Dept Guidelines,2024-2025
lettuce,Kharif,Assam,22633,2800,4000,9604,2050,2579,1600,22633,INR/Acre,State Horticulture Dept Guidelines,2024-2025
lettuce,Kharif,Chhattisgarh,22216,2800,4000,8820,2500,2496,1600,22216,INR/Acre,State Horticulture Dept Guidelines,2024-2025
lettuce,Kharif,Jharkhand,21999,2800,4000,8624,2500,2475,1600,21999,INR/Acre,State Horticulture Dept Guidelines,2024-2025
lettuce,Kharif,Uttarakhand,23842,2800,4000,10290,2500,2652,1600,23842,INR/Acre,State Horticulture Dept Guidelines,2024-2025
lettuce,Kharif,Himachal Pradesh,25251,2800,4000,11564,2500,2787,1600,25251,INR/Acre,State Horticulture Dept Guidelines,2024-2025
lettuce,Rabi,Uttar Pradesh,22937,2968,4240,9016,2500,2517,1696,22937,INR/Acre,State Horticulture Dept Guidelines,2024-2025
lettuce,Rabi,Madhya Pradesh,22937,2968,4240,9016,2500,2517,1696,22937,INR/Acre,State Horticulture Dept Guidelines,2024-2025
lettuce,Rabi,Punjab,26814,2968,4240,12250,2800,2860,1696,26814,INR/Acre,State Horticulture Dept Guidelines,2024-2025
lettuce,Rabi,Haryana,26489,2968,4240,11956,2800,2829,1696,26489,INR/Acre,State Horticulture Dept Guidelines,2024-2025
lettuce,Rabi,Rajasthan,24254,2968,4240,9800,2950,2600,1696,24254,INR/Acre,State Horticulture Dept Guidelines,2024-2025
lettuce,Rabi,Bihar,22253,2968,4240,8624,2250,2475,1696,22253,INR/Acre,State Horticulture Dept Guidelines,2024-2025
lettuce,Rabi,Gujarat,24829,2968,4240,10388,2875,2662,1696,24829,INR/Acre,State Horticulture Dept Guidelines,2024-2025
lettuce,Rabi,Maharashtra,24871,2968,4240,10584,2700,2683,1696,24871,INR/Acre,State Horticulture Dept Guidelines,2024-2025
lettuce,Rabi,West Bengal,23429,2968,4240,9800,2125,2600,1696,23429,INR/Acre,State Horticulture Dept Guidelines,2024-2025
lettuce,Rabi,Andhra Pradesh,25013,2968,4240,10780,2625,2704,1696,25013,INR/Acre,State Horticulture Dept Guidelines,2024-2025
lettuce,Rabi,Telangana,25013,2968,4240,10780,2625,2704,1696,25013,INR/Acre,State Horticulture Dept Guidelines,2024-2025
lettuce,Rabi,Karnataka,25013,2968,4240,10780,2625,2704,1696,25013,INR/Acre,State Horticulture Dept Guidelines,2024-2025
lettuce,Rabi,Tamil Nadu,25355,2968,4240,10976,2750,2725,1696,25355,INR/Acre,State Horticulture Dept Guidelines,2024-2025
lettuce,Rabi,Odisha,22203,2968,4240,8624,2200,2475,1696,22203,INR/Acre,State Horticulture Dept Guidelines,2024-2025
lettuce,Rabi,Assam,23137,2968,4240,9604,2050,2579,1696,23137,INR/Acre,State Horticulture Dept Guidelines,2024-2025
lettuce,Rabi,Chhattisgarh,22720,2968,4240,8820,2500,2496,1696,22720,INR/Acre,State Horticulture Dept Guidelines,2024-2025
lettuce,Rabi,Jharkhand,22503,2968,4240,8624,2500,2475,1696,22503,INR/Acre,State Horticulture Dept Guidelines,2024-2025
lettuce,Rabi,Uttarakhand,24346,2968,4240,10290,2500,2652,1696,24346,INR/Acre,State Horticulture Dept Guidelines,2024-2025
lettuce,Rabi,Himachal Pradesh,25755,2968,4240,11564,2500,2787,1696,25755,INR/Acre,State Horticulture Dept Guidelines,2024-2025
lettuce,Zaid,Uttar Pradesh,23566,3136,4480,9016,2625,2517,1792,23566,INR/Acre,State Horticulture Dept Guidelines,2024-2025
lettuce,Zaid,Madhya Pradesh,23566,3136,4480,9016,2625,2517,1792,23566,INR/Acre,State Horticulture Dept Guidelines,2024-2025
lettuce,Zaid,Punjab,27458,3136,4480,12250,2940,2860,1792,27458,INR/Acre,State Horticulture Dept Guidelines,2024-2025
lettuce,Zaid,Haryana,27133,3136,4480,11956,2940,2829,1792,27133,INR/Acre,State Horticulture Dept Guidelines,2024-2025
lettuce,Zaid,Rajasthan,24906,3136,4480,9800,3098,2600,1792,24906,INR/Acre,State Horticulture Dept Guidelines,2024-2025
lettuce,Zaid,Bihar,22869,3136,4480,8624,2362,2475,1792,22869,INR/Acre,State Horticulture Dept Guidelines,2024-2025
lettuce,Zaid,Gujarat,25477,3136,4480,10388,3019,2662,1792,25477,INR/Acre,State Horticulture Dept Guidelines,2024-2025
lettuce,Zaid,Maharashtra,25510,3136,4480,10584,2835,2683,1792,25510,INR/Acre,State Horticulture Dept Guidelines,2024-2025
lettuce,Zaid,West Bengal,24039,3136,4480,9800,2231,2600,1792,24039,INR/Acre,State Horticulture Dept Guidelines,2024-2025
lettuce,Zaid,Andhra Pradesh,25648,3136,4480,10780,2756,2704,1792,25648,INR/Acre,State Horticulture Dept Guidelines,2024-2025
lettuce,Zaid,Telangana,25648,3136,4480,10780,2756,2704,1792,25648,INR/Acre,State Horticulture Dept Guidelines,2024-2025
lettuce,Zaid,Karnataka,25648,3136,4480,10780,2756,2704,1792,25648,INR/Acre,State Horticulture Dept Guidelines,2024-2025
lettuce,Zaid,Tamil Nadu,25997,3136,4480,10976,2888,2725,1792,25997,INR/Acre,State Horticulture Dept Guidelines,2024-2025
lettuce,Zaid,Odisha,22817,3136,4480,8624,2310,2475,1792,22817,INR/Acre,State Horticulture Dept Guidelines,2024-2025
lettuce,Zaid,Assam,23743,3136,4480,9604,2152,2579,1792,23743,INR/Acre,State Horticulture Dept Guidelines,2024-2025
lettuce,Zaid,Chhattisgarh,23349,3136,4480,8820,2625,2496,1792,23349,INR/Acre,State Horticulture Dept Guidelines,2024-2025
lettuce,Zaid,Jharkhand,23132,3136,4480,8624,2625,2475,1792,23132,INR/Acre,State Horticulture Dept Guidelines,2024-2025
lettuce,Zaid,Uttarakhand,24975,3136,4480,10290,2625,2652,1792,24975,INR/Acre,State Horticulture Dept Guidelines,2024-2025
lettuce,Zaid,Himachal Pradesh,26384,3136,4480,11564,2625,2787,1792,26384,INR/Acre,State Horticulture Dept Guidelines,2024-2025
water spinach,Kharif,Uttar Pradesh,13822,1000,2200,5980,2000,1742,900,13822,INR/Acre,State Ag Dept Guidelines,2024-2025
water spinach,Kharif,Madhya Pradesh,13822,1000,2200,5980,2000,1742,900,13822,INR/Acre,State Ag Dept Guidelines,2024-2025
water spinach,Kharif,Punjab,16445,1000,2200,8125,2240,1980,900,16445,INR/Acre,State Ag Dept Guidelines,2024-2025
water spinach,Kharif,Haryana,16228,1000,2200,7930,2240,1958,900,16228,INR/Acre,State Ag Dept Guidelines,2024-2025
water spinach,Kharif,Rajasthan,14760,1000,2200,6500,2360,1800,900,14760,INR/Acre,State Ag Dept Guidelines,2024-2025
water spinach,Kharif,Bihar,13334,1000,2200,5720,1800,1714,900,13334,INR/Acre,State Ag Dept Guidelines,2024-2025
water spinach,Kharif,Gujarat,15133,1000,2200,6890,2300,1843,900,15133,INR/Acre,State Ag Dept Guidelines,2024-2025
water spinach,Kharif,Maharashtra,15138,1000,2200,7020,2160,1858,900,15138,INR/Acre,State Ag Dept Guidelines,2024-2025
water spinach,Kharif,West Bengal,14100,1000,2200,6500,1700,1800,900,14100,INR/Acre,State Ag Dept Guidelines,2024-2025
water spinach,Kharif,Andhra Pradesh,15222,1000,2200,7150,2100,1872,900,15222,INR/Acre,State Ag Dept Guidelines,2024-2025
water spinach,Kharif,Telangana,15222,1000,2200,7150,2100,1872,900,15222,INR/Acre,State Ag Dept Guidelines,2024-2025
water spinach,Kharif,Karnataka,15222,1000,2200,7150,2100,1872,900,15222,INR/Acre,State Ag Dept Guidelines,2024-2025
water spinach,Kharif,Tamil Nadu,15466,1000,2200,7280,2200,1886,900,15466,INR/Acre,State Ag Dept Guidelines,2024-2025
water spinach,Kharif,Odisha,13294,1000,2200,5720,1760,1714,900,13294,INR/Acre,State Ag Dept Guidelines,2024-2025
water spinach,Kharif,Assam,13896,1000,2200,6370,1640,1786,900,13896,INR/Acre,State Ag Dept Guidelines,2024-2025
water spinach,Kharif,Chhattisgarh,13678,1000,2200,5850,2000,1728,900,13678,INR/Acre,State Ag Dept Guidelines,2024-2025
water spinach,Kharif,Jharkhand,13534,1000,2200,5720,2000,1714,900,13534,INR/Acre,State Ag Dept Guidelines,2024-2025
water spinach,Kharif,Uttarakhand,14761,1000,2200,6825,2000,1836,900,14761,INR/Acre,State Ag Dept Guidelines,2024-2025
water spinach,Kharif,Himachal Pradesh,15700,1000,2200,7670,2000,1930,900,15700,INR/Acre,State Ag Dept Guidelines,2024-2025
water spinach,Rabi,Uttar Pradesh,14068,1060,2332,5980,2000,1742,954,14068,INR/Acre,State Ag Dept Guidelines,2024-2025
water spinach,Rabi,Madhya Pradesh,14068,1060,2332,5980,2000,1742,954,14068,INR/Acre,State Ag Dept Guidelines,2024-2025
water spinach,Rabi,Punjab,16691,1060,2332,8125,2240,1980,954,16691,INR/Acre,State Ag Dept Guidelines,2024-2025
water spinach,Rabi,Haryana,16474,1060,2332,7930,2240,1958,954,16474,INR/Acre,State Ag Dept Guidelines,2024-2025
water spinach,Rabi,Rajasthan,15006,1060,2332,6500,2360,1800,954,15006,INR/Acre,State Ag Dept Guidelines,2024-2025
water spinach,Rabi,Bihar,13580,1060,2332,5720,1800,1714,954,13580,INR/Acre,State Ag Dept Guidelines,2024-2025
water spinach,Rabi,Gujarat,15379,1060,2332,6890,2300,1843,954,15379,INR/Acre,State Ag Dept Guidelines,2024-2025
water spinach,Rabi,Maharashtra,15384,1060,2332,7020,2160,1858,954,15384,INR/Acre,State Ag Dept Guidelines,2024-2025
water spinach,Rabi,West Bengal,14346,1060,2332,6500,1700,1800,954,14346,INR/Acre,State Ag Dept Guidelines,2024-2025
water spinach,Rabi,Andhra Pradesh,15468,1060,2332,7150,2100,1872,954,15468,INR/Acre,State Ag Dept Guidelines,2024-2025
water spinach,Rabi,Telangana,15468,1060,2332,7150,2100,1872,954,15468,INR/Acre,State Ag Dept Guidelines,2024-2025
water spinach,Rabi,Karnataka,15468,1060,2332,7150,2100,1872,954,15468,INR/Acre,State Ag Dept Guidelines,2024-2025
water spinach,Rabi,Tamil Nadu,15712,1060,2332,7280,2200,1886,954,15712,INR/Acre,State Ag Dept Guidelines,2024-2025
water spinach,Rabi,Odisha,13540,1060,2332,5720,1760,1714,954,13540,INR/Acre,State Ag Dept Guidelines,2024-2025
water spinach,Rabi,Assam,14142,1060,2332,6370,1640,1786,954,14142,INR/Acre,State Ag Dept Guidelines,2024-2025
water spinach,Rabi,Chhattisgarh,13924,1060,2332,5850,2000,1728,954,13924,INR/Acre,State Ag Dept Guidelines,2024-2025
water spinach,Rabi,Jharkhand,13780,1060,2332,5720,2000,1714,954,13780,INR/Acre,State Ag Dept Guidelines,2024-2025
water spinach,Rabi,Uttarakhand,15007,1060,2332,6825,2000,1836,954,15007,INR/Acre,State Ag Dept Guidelines,2024-2025
water spinach,Rabi,Himachal Pradesh,15946,1060,2332,7670,2000,1930,954,15946,INR/Acre,State Ag Dept Guidelines,2024-2025
water spinach,Zaid,Uttar Pradesh,14414,1120,2464,5980,2100,1742,1008,14414,INR/Acre,State Ag Dept Guidelines,2024-2025
water spinach,Zaid,Madhya Pradesh,14414,1120,2464,5980,2100,1742,1008,14414,INR/Acre,State Ag Dept Guidelines,2024-2025
water spinach,Zaid,Punjab,17049,1120,2464,8125,2352,1980,1008,17049,INR/Acre,State Ag Dept Guidelines,2024-2025
water spinach,Zaid,Haryana,16832,1120,2464,7930,2352,1958,1008,16832,INR/Acre,State Ag Dept Guidelines,2024-2025
water spinach,Zaid,Rajasthan,15370,1120,2464,6500,2478,1800,1008,15370,INR/Acre,State Ag Dept Guidelines,2024-2025
water spinach,Zaid,Bihar,13916,1120,2464,5720,1890,1714,1008,13916,INR/Acre,State Ag Dept Guidelines,2024-2025
water spinach,Zaid,Gujarat,15740,1120,2464,6890,2415,1843,1008,15740,INR/Acre,State Ag Dept Guidelines,2024-2025
water spinach,Zaid,Maharashtra,15738,1120,2464,7020,2268,1858,1008,15738,INR/Acre,State Ag Dept Guidelines,2024-2025
water spinach,Zaid,West Bengal,14677,1120,2464,6500,1785,1800,1008,14677,INR/Acre,State Ag Dept Guidelines,2024-2025
water spinach,Zaid,Andhra Pradesh,15819,1120,2464,7150,2205,1872,1008,15819,INR/Acre,State Ag Dept Guidelines,2024-2025
water spinach,Zaid,Telangana,15819,1120,2464,7150,2205,1872,1008,15819,INR/Acre,State Ag Dept Guidelines,2024-2025
water spinach,Zaid,Karnataka,15819,1120,2464,7150,2205,1872,1008,15819,INR/Acre,State Ag Dept Guidelines,2024-2025
water spinach,Zaid,Tamil Nadu,16068,1120,2464,7280,2310,1886,1008,16068,INR/Acre,State Ag Dept Guidelines,2024-2025
water spinach,Zaid,Odisha,13874,1120,2464,5720,1848,1714,1008,13874,INR/Acre,State Ag Dept Guidelines,2024-2025
water spinach,Zaid,Assam,14470,1120,2464,6370,1722,1786,1008,14470,INR/Acre,State Ag Dept Guidelines,2024-2025
water spinach,Zaid,Chhattisgarh,14270,1120,2464,5850,2100,1728,1008,14270,INR/Acre,State Ag Dept Guidelines,2024-2025
water spinach,Zaid,Jharkhand,14126,1120,2464,5720,2100,1714,1008,14126,INR/Acre,State Ag Dept Guidelines,2024-2025
water spinach,Zaid,Uttarakhand,15353,1120,2464,6825,2100,1836,1008,15353,INR/Acre,State Ag Dept Guidelines,2024-2025
water spinach,Zaid,Himachal Pradesh,16292,1120,2464,7670,2100,1930,1008,16292,INR/Acre,State Ag Dept Guidelines,2024-2025
bathua,Kharif,Uttar Pradesh,12169,800,2000,5520,1500,1549,800,12169,INR/Acre,KVK Farm Budget Standards,2024-2025
bathua,Kharif,Madhya Pradesh,12169,800,2000,5520,1500,1549,800,12169,INR/Acre,KVK Farm Budget Standards,2024-2025
bathua,Kharif,Punjab,14540,800,2000,7500,1680,1760,800,14540,INR/Acre,KVK Farm Budget Standards,2024-2025
bathua,Kharif,Haryana,14341,800,2000,7320,1680,1741,800,14341,INR/Acre,KVK Farm Budget Standards,2024-2025
bathua,Kharif,Rajasthan,12970,800,2000,6000,1770,1600,800,12970,INR/Acre,KVK Farm Budget Standards,2024-2025
bathua,Kharif,Bihar,11753,800,2000,5280,1350,1523,800,11753,INR/Acre,KVK Farm Budget Standards,2024-2025
bathua,Kharif,Gujarat,13323,800,2000,6360,1725,1638,800,13323,INR/Acre,KVK Farm Budget Standards,2024-2025
bathua,Kharif,Maharashtra,13351,800,2000,6480,1620,1651,800,13351,INR/Acre,KVK Farm Budget Standards,2024-2025
bathua,Kharif,West Bengal,12475,800,2000,6000,1275,1600,800,12475,INR/Acre,KVK Farm Budget Standards,2024-2025
bathua,Kharif,Andhra Pradesh,13439,800,2000,6600,1575,1664,800,13439,INR/Acre,KVK Farm Budget Standards,2024-2025
bathua,Kharif,Telangana,13439,800,2000,6600,1575,1664,800,13439,INR/Acre,KVK Farm Budget Standards,2024-2025
bathua,Kharif,Karnataka,13439,800,2000,6600,1575,1664,800,13439,INR/Acre,KVK Farm Budget Standards,2024-2025
bathua,Kharif,Tamil Nadu,13647,800,2000,6720,1650,1677,800,13647,INR/Acre,KVK Farm Budget Standards,2024-2025
bathua,Kharif,Odisha,11723,800,2000,5280,1320,1523,800,11723,INR/Acre,KVK Farm Budget Standards,2024-2025
bathua,Kharif,Assam,12297,800,2000,5880,1230,1587,800,12297,INR/Acre,KVK Farm Budget Standards,2024-2025
bathua,Kharif,Chhattisgarh,12036,800,2000,5400,1500,1536,800,12036,INR/Acre,KVK Farm Budget Standards,2024-2025
bathua,Kharif,Jharkhand,11903,800,2000,5280,1500,1523,800,11903,INR/Acre,KVK Farm Budget Standards,2024-2025
bathua,Kharif,Uttarakhand,13032,800,2000,6300,1500,1632,800,13032,INR/Acre,KVK Farm Budget Standards,2024-2025
bathua,Kharif,Himachal Pradesh,13895,800,2000,7080,1500,1715,800,13895,INR/Acre,KVK Farm Budget Standards,2024-2025
bathua,Rabi,Uttar Pradesh,12385,848,2120,5520,1500,1549,848,12385,INR/Acre,KVK Farm Budget Standards,2024-2025
bathua,Rabi,Madhya Pradesh,12385,848,2120,5520,1500,1549,848,12385,INR/Acre,KVK Farm Budget Standards,2024-2025
bathua,Rabi,Punjab,14756,848,2120,7500,1680,1760,848,14756,INR/Acre,KVK Farm Budget Standards,2024-2025
bathua,Rabi,Haryana,14557,848,2120,7320,1680,1741,848,14557,INR/Acre,KVK Farm Budget Standards,2024-2025
bathua,Rabi,Rajasthan,13186,848,2120,6000,1770,1600,848,13186,INR/Acre,KVK Farm Budget Standards,2024-2025
bathua,Rabi,Bihar,11969,848,2120,5280,1350,1523,848,11969,INR/Acre,KVK Farm Budget Standards,2024-2025
bathua,Rabi,Gujarat,13539,848,2120,6360,1725,1638,848,13539,INR/Acre,KVK Farm Budget Standards,2024-2025
bathua,Rabi,Maharashtra,13567,848,2120,6480,1620,1651,848,13567,INR/Acre,KVK Farm Budget Standards,2024-2025
bathua,Rabi,West Bengal,12691,848,2120,6000,1275,1600,848,12691,INR/Acre,KVK Farm Budget Standards,2024-2025
bathua,Rabi,Andhra Pradesh,13655,848,2120,6600,1575,1664,848,13655,INR/Acre,KVK Farm Budget Standards,2024-2025
bathua,Rabi,Telangana,13655,848,2120,6600,1575,1664,848,13655,INR/Acre,KVK Farm Budget Standards,2024-2025
bathua,Rabi,Karnataka,13655,848,2120,6600,1575,1664,848,13655,INR/Acre,KVK Farm Budget Standards,2024-2025
bathua,Rabi,Tamil Nadu,13863,848,2120,6720,1650,1677,848,13863,INR/Acre,KVK Farm Budget Standards,2024-2025
bathua,Rabi,Odisha,11939,848,2120,5280,1320,1523,848,11939,INR/Acre,KVK Farm Budget Standards,2024-2025
bathua,Rabi,Assam,12513,848,2120,5880,1230,1587,848,12513,INR/Acre,KVK Farm Budget Standards,2024-2025
bathua,Rabi,Chhattisgarh,12252,848,2120,5400,1500,1536,848,12252,INR/Acre,KVK Farm Budget Standards,2024-2025
bathua,Rabi,Jharkhand,12119,848,2120,5280,1500,1523,848,12119,INR/Acre,KVK Farm Budget Standards,2024-2025
bathua,Rabi,Uttarakhand,13248,848,2120,6300,1500,1632,848,13248,INR/Acre,KVK Farm Budget Standards,2024-2025
bathua,Rabi,Himachal Pradesh,14111,848,2120,7080,1500,1715,848,14111,INR/Acre,KVK Farm Budget Standards,2024-2025
bathua,Zaid,Uttar Pradesh,12676,896,2240,5520,1575,1549,896,12676,INR/Acre,KVK Farm Budget Standards,2024-2025
bathua,Zaid,Madhya Pradesh,12676,896,2240,5520,1575,1549,896,12676,INR/Acre,KVK Farm Budget Standards,2024-2025
bathua,Zaid,Punjab,15056,896,2240,7500,1764,1760,896,15056,INR/Acre,KVK Farm Budget Standards,2024-2025
bathua,Zaid,Haryana,14857,896,2240,7320,1764,1741,896,14857,INR/Acre,KVK Farm Budget Standards,2024-2025
bathua,Zaid,Rajasthan,13490,896,2240,6000,1858,1600,896,13490,INR/Acre,KVK Farm Budget Standards,2024-2025
bathua,Zaid,Bihar,12253,896,2240,5280,1418,1523,896,12253,INR/Acre,KVK Farm Budget Standards,2024-2025
bathua,Zaid,Gujarat,13841,896,2240,6360,1811,1638,896,13841,INR/Acre,KVK Farm Budget Standards,2024-2025
bathua,Zaid,Maharashtra,13864,896,2240,6480,1701,1651,896,13864,INR/Acre,KVK Farm Budget Standards,2024-2025
bathua,Zaid,West Bengal,12971,896,2240,6000,1339,1600,896,12971,INR/Acre,KVK Farm Budget Standards,2024-2025
bathua,Zaid,Andhra Pradesh,13950,896,2240,6600,1654,1664,896,13950,INR/Acre,KVK Farm Budget Standards,2024-2025
bathua,Zaid,Telangana,13950,896,2240,6600,1654,1664,896,13950,INR/Acre,KVK Farm Budget Standards,2024-2025
bathua,Zaid,Karnataka,13950,896,2240,6600,1654,1664,896,13950,INR/Acre,KVK Farm Budget Standards,2024-2025
bathua,Zaid,Tamil Nadu,14162,896,2240,6720,1733,1677,896,14162,INR/Acre,KVK Farm Budget Standards,2024-2025
bathua,Zaid,Odisha,12221,896,2240,5280,1386,1523,896,12221,INR/Acre,KVK Farm Budget Standards,2024-2025
bathua,Zaid,Assam,12791,896,2240,5880,1292,1587,896,12791,INR/Acre,KVK Farm Budget Standards,2024-2025
bathua,Zaid,Chhattisgarh,12543,896,2240,5400,1575,1536,896,12543,INR/Acre,KVK Farm Budget Standards,2024-2025
bathua,Zaid,Jharkhand,12410,896,2240,5280,1575,1523,896,12410,INR/Acre,KVK Farm Budget Standards,2024-2025
bathua,Zaid,Uttarakhand,13539,896,2240,6300,1575,1632,896,13539,INR/Acre,KVK Farm Budget Standards,2024-2025
bathua,Zaid,Himachal Pradesh,14402,896,2240,7080,1575,1715,896,14402,INR/Acre,KVK Farm Budget Standards,2024-2025
coriander leaves,Kharif,Uttar Pradesh,17302,1600,3000,7176,2100,2226,1200,17302,INR/Acre,State Horticulture Dept Guidelines,2024-2025
coriander leaves,Kharif,Madhya Pradesh,17302,1600,3000,7176,2100,2226,1200,17302,INR/Acre,State Horticulture Dept Guidelines,2024-2025
coriander leaves,Kharif,Punjab,20432,1600,3000,9750,2352,2530,1200,20432,INR/Acre,State Horticulture Dept Guidelines,2024-2025
coriander leaves,Kharif,Haryana,20170,1600,3000,9516,2352,2502,1200,20170,INR/Acre,State Horticulture Dept Guidelines,2024-2025
coriander leaves,Kharif,Rajasthan,18378,1600,3000,7800,2478,2300,1200,18378,INR/Acre,State Horticulture Dept Guidelines,2024-2025
coriander leaves,Kharif,Bihar,16744,1600,3000,6864,1890,2190,1200,16744,INR/Acre,State Horticulture Dept Guidelines,2024-2025
coriander leaves,Kharif,Gujarat,18838,1600,3000,8268,2415,2355,1200,18838,INR/Acre,State Horticulture Dept Guidelines,2024-2025
coriander leaves,Kharif,Maharashtra,18866,1600,3000,8424,2268,2374,1200,18866,INR/Acre,State Horticulture Dept Guidelines,2024-2025
coriander leaves,Kharif,West Bengal,17685,1600,3000,7800,1785,2300,1200,17685,INR/Acre,State Horticulture Dept Guidelines,2024-2025
coriander leaves,Kharif,Andhra Pradesh,18977,1600,3000,8580,2205,2392,1200,18977,INR/Acre,State Horticulture Dept Guidelines,2024-2025
coriander leaves,Kharif,Telangana,18977,1600,3000,8580,2205,2392,1200,18977,INR/Acre,State Horticulture Dept Guidelines,2024-2025
coriander leaves,Kharif,Karnataka,18977,1600,3000,8580,2205,2392,1200,18977,INR/Acre,State Horticulture Dept Guidelines,2024-2025
coriander leaves,Kharif,Tamil Nadu,19256,1600,3000,8736,2310,2410,1200,19256,INR/Acre,State Horticulture Dept Guidelines,2024-2025
coriander leaves,Kharif,Odisha,16702,1600,3000,6864,1848,2190,1200,16702,INR/Acre,State Horticulture Dept Guidelines,2024-2025
coriander leaves,Kharif,Assam,17448,1600,3000,7644,1722,2282,1200,17448,INR/Acre,State Horticulture Dept Guidelines,2024-2025
coriander leaves,Kharif,Chhattisgarh,17128,1600,3000,7020,2100,2208,1200,17128,INR/Acre,State Horticulture Dept Guidelines,2024-2025
coriander leaves,Kharif,Jharkhand,16954,1600,3000,6864,2100,2190,1200,16954,INR/Acre,State Horticulture Dept Guidelines,2024-2025
coriander leaves,Kharif,Uttarakhand,18436,1600,3000,8190,2100,2346,1200,18436,INR/Acre,State Horticulture Dept Guidelines,2024-2025
coriander leaves,Kharif,Himachal Pradesh,19570,1600,3000,9204,2100,2466,1200,19570,INR/Acre,State Horticulture Dept Guidelines,2024-2025
coriander leaves,Rabi,Uttar Pradesh,17650,1696,3180,7176,2100,2226,1272,17650,INR/Acre,State Horticulture Dept Guidelines,2024-2025
coriander leaves,Rabi,Madhya Pradesh,17650,1696,3180,7176,2100,2226,1272,17650,INR/Acre,State Horticulture Dept Guidelines,2024-2025
coriander leaves,Rabi,Punjab,20780,1696,3180,9750,2352,2530,1272,20780,INR/Acre,State Horticulture Dept Guidelines,2024-2025
coriander leaves,Rabi,Haryana,20518,1696,3180,9516,2352,2502,1272,20518,INR/Acre,State Horticulture Dept Guidelines,2024-2025
coriander leaves,Rabi,Rajasthan,18726,1696,3180,7800,2478,2300,1272,18726,INR/Acre,State Horticulture Dept Guidelines,2024-2025
coriander leaves,Rabi,Bihar,17092,1696,3180,6864,1890,2190,1272,17092,INR/Acre,State Horticulture Dept Guidelines,2024-2025
coriander leaves,Rabi,Gujarat,19186,1696,3180,8268,2415,2355,1272,19186,INR/Acre,State Horticulture Dept Guidelines,2024-2025
coriander leaves,Rabi,Maharashtra,19214,1696,3180,8424,2268,2374,1272,19214,INR/Acre,State Horticulture Dept Guidelines,2024-2025
coriander leaves,Rabi,West Bengal,18033,1696,3180,7800,1785,2300,1272,18033,INR/Acre,State Horticulture Dept Guidelines,2024-2025
coriander leaves,Rabi,Andhra Pradesh,19325,1696,3180,8580,2205,2392,1272,19325,INR/Acre,State Horticulture Dept Guidelines,2024-2025
coriander leaves,Rabi,Telangana,19325,1696,3180,8580,2205,2392,1272,19325,INR/Acre,State Horticulture Dept Guidelines,2024-2025
coriander leaves,Rabi,Karnataka,19325,1696,3180,8580,2205,2392,1272,19325,INR/Acre,State Horticulture Dept Guidelines,2024-2025
coriander leaves,Rabi,Tamil Nadu,19604,1696,3180,8736,2310,2410,1272,19604,INR/Acre,State Horticulture Dept Guidelines,2024-2025
coriander leaves,Rabi,Odisha,17050,1696,3180,6864,1848,2190,1272,17050,INR/Acre,State Horticulture Dept Guidelines,2024-2025
coriander leaves,Rabi,Assam,17796,1696,3180,7644,1722,2282,1272,17796,INR/Acre,State Horticulture Dept Guidelines,2024-2025
coriander leaves,Rabi,Chhattisgarh,17476,1696,3180,7020,2100,2208,1272,17476,INR/Acre,State Horticulture Dept Guidelines,2024-2025
coriander leaves,Rabi,Jharkhand,17302,1696,3180,6864,2100,2190,1272,17302,INR/Acre,State Horticulture Dept Guidelines,2024-2025
coriander leaves,Rabi,Uttarakhand,18784,1696,3180,8190,2100,2346,1272,18784,INR/Acre,State Horticulture Dept Guidelines,2024-2025
coriander leaves,Rabi,Himachal Pradesh,19918,1696,3180,9204,2100,2466,1272,19918,INR/Acre,State Horticulture Dept Guidelines,2024-2025
coriander leaves,Zaid,Uttar Pradesh,18103,1792,3360,7176,2205,2226,1344,18103,INR/Acre,State Horticulture Dept Guidelines,2024-2025
coriander leaves,Zaid,Madhya Pradesh,18103,1792,3360,7176,2205,2226,1344,18103,INR/Acre,State Horticulture Dept Guidelines,2024-2025
coriander leaves,Zaid,Punjab,21246,1792,3360,9750,2470,2530,1344,21246,INR/Acre,State Horticulture Dept Guidelines,2024-2025
coriander leaves,Zaid,Haryana,20984,1792,3360,9516,2470,2502,1344,20984,INR/Acre,State Horticulture Dept Guidelines,2024-2025
coriander leaves,Zaid,Rajasthan,19198,1792,3360,7800,2602,2300,1344,19198,INR/Acre,State Horticulture Dept Guidelines,2024-2025
coriander leaves,Zaid,Bihar,17534,1792,3360,6864,1984,2190,1344,17534,INR/Acre,State Horticulture Dept Guidelines,2024-2025
coriander leaves,Zaid,Gujarat,19655,1792,3360,8268,2536,2355,1344,19655,INR/Acre,State Horticulture Dept Guidelines,2024-2025
coriander leaves,Zaid,Maharashtra,19675,1792,3360,8424,2381,2374,1344,19675,INR/Acre,State Horticulture Dept Guidelines,2024-2025
coriander leaves,Zaid,West Bengal,18470,1792,3360,7800,1874,2300,1344,18470,INR/Acre,State Horticulture Dept Guidelines,2024-2025
coriander leaves,Zaid,Andhra Pradesh,19783,1792,3360,8580,2315,2392,1344,19783,INR/Acre,State Horticulture Dept Guidelines,2024-2025
coriander leaves,Zaid,Telangana,19783,1792,3360,8580,2315,2392,1344,19783,INR/Acre,State Horticulture Dept Guidelines,2024-2025
coriander leaves,Zaid,Karnataka,19783,1792,3360,8580,2315,2392,1344,19783,INR/Acre,State Horticulture Dept Guidelines,2024-2025
coriander leaves,Zaid,Tamil Nadu,20068,1792,3360,8736,2426,2410,1344,20068,INR/Acre,State Horticulture Dept Guidelines,2024-2025
coriander leaves,Zaid,Odisha,17490,1792,3360,6864,1940,2190,1344,17490,INR/Acre,State Horticulture Dept Guidelines,2024-2025
coriander leaves,Zaid,Assam,18230,1792,3360,7644,1808,2282,1344,18230,INR/Acre,State Horticulture Dept Guidelines,2024-2025
coriander leaves,Zaid,Chhattisgarh,17929,1792,3360,7020,2205,2208,1344,17929,INR/Acre,State Horticulture Dept Guidelines,2024-2025
coriander leaves,Zaid,Jharkhand,17755,1792,3360,6864,2205,2190,1344,17755,INR/Acre,State Horticulture Dept Guidelines,2024-2025
coriander leaves,Zaid,Uttarakhand,19237,1792,3360,8190,2205,2346,1344,19237,INR/Acre,State Horticulture Dept Guidelines,2024-2025
coriander leaves,Zaid,Himachal Pradesh,20371,1792,3360,9204,2205,2466,1344,20371,INR/Acre,State Horticulture Dept Guidelines,2024-2025
curry leaves,Kharif,Uttar Pradesh,19940,2500,3500,7820,2200,2420,1500,19940,INR/Acre,TNAU Spices & Herbs Guidelines,2024-2025
curry leaves,Kharif,Madhya Pradesh,19940,2500,3500,7820,2200,2420,1500,19940,INR/Acre,TNAU Spices & Herbs Guidelines,2024-2025
curry leaves,Kharif,Punjab,23339,2500,3500,10625,2464,2750,1500,23339,INR/Acre,TNAU Spices & Herbs Guidelines,2024-2025
curry leaves,Kharif,Haryana,23054,2500,3500,10370,2464,2720,1500,23054,INR/Acre,TNAU Spices & Herbs Guidelines,2024-2025
curry leaves,Kharif,Rajasthan,21096,2500,3500,8500,2596,2500,1500,21096,INR/Acre,TNAU Spices & Herbs Guidelines,2024-2025
curry leaves,Kharif,Bihar,19340,2500,3500,7480,1980,2380,1500,19340,INR/Acre,TNAU Spices & Herbs Guidelines,2024-2025
curry leaves,Kharif,Gujarat,21600,2500,3500,9010,2530,2560,1500,21600,INR/Acre,TNAU Spices & Herbs Guidelines,2024-2025
curry leaves,Kharif,Maharashtra,21636,2500,3500,9180,2376,2580,1500,21636,INR/Acre,TNAU Spices & Herbs Guidelines,2024-2025
curry leaves,Kharif,West Bengal,20370,2500,3500,8500,1870,2500,1500,20370,INR/Acre,TNAU Spices & Herbs Guidelines,2024-2025
curry leaves,Kharif,Andhra Pradesh,21760,2500,3500,9350,2310,2600,1500,21760,INR/Acre,TNAU Spices & Herbs Guidelines,2024-2025
curry leaves,Kharif,Telangana,21760,2500,3500,9350,2310,2600,1500,21760,INR/Acre,TNAU Spices & Herbs Guidelines,2024-2025
curry leaves,Kharif,Karnataka,21760,2500,3500,9350,2310,2600,1500,21760,INR/Acre,TNAU Spices & Herbs Guidelines,2024-2025
curry leaves,Kharif,Tamil Nadu,22060,2500,3500,9520,2420,2620,1500,22060,INR/Acre,TNAU Spices & Herbs Guidelines,2024-2025
curry leaves,Kharif,Odisha,19296,2500,3500,7480,1936,2380,1500,19296,INR/Acre,TNAU Spices & Herbs Guidelines,2024-2025
curry leaves,Kharif,Assam,20114,2500,3500,8330,1804,2480,1500,20114,INR/Acre,TNAU Spices & Herbs Guidelines,2024-2025
curry leaves,Kharif,Chhattisgarh,19750,2500,3500,7650,2200,2400,1500,19750,INR/Acre,TNAU Spices & Herbs Guidelines,2024-2025
curry leaves,Kharif,Jharkhand,19560,2500,3500,7480,2200,2380,1500,19560,INR/Acre,TNAU Spices & Herbs Guidelines,2024-2025
curry leaves,Kharif,Uttarakhand,21175,2500,3500,8925,2200,2550,1500,21175,INR/Acre,TNAU Spices & Herbs Guidelines,2024-2025
curry leaves,Kharif,Himachal Pradesh,22410,2500,3500,10030,2200,2680,1500,22410,INR/Acre,TNAU Spices & Herbs Guidelines,2024-2025
curry leaves,Rabi,Uttar Pradesh,20390,2650,3710,7820,2200,2420,1590,20390,INR/Acre,TNAU Spices & Herbs Guidelines,2024-2025
curry leaves,Rabi,Madhya Pradesh,20390,2650,3710,7820,2200,2420,1590,20390,INR/Acre,TNAU Spices & Herbs Guidelines,2024-2025
curry leaves,Rabi,Punjab,23789,2650,3710,10625,2464,2750,1590,23789,INR/Acre,TNAU Spices & Herbs Guidelines,2024-2025
curry leaves,Rabi,Haryana,23504,2650,3710,10370,2464,2720,1590,23504,INR/Acre,TNAU Spices & Herbs Guidelines,2024-2025
curry leaves,Rabi,Rajasthan,21546,2650,3710,8500,2596,2500,1590,21546,INR/Acre,TNAU Spices & Herbs Guidelines,2024-2025
curry leaves,Rabi,Bihar,19790,2650,3710,7480,1980,2380,1590,19790,INR/Acre,TNAU Spices & Herbs Guidelines,2024-2025
curry leaves,Rabi,Gujarat,22050,2650,3710,9010,2530,2560,1590,22050,INR/Acre,TNAU Spices & Herbs Guidelines,2024-2025
curry leaves,Rabi,Maharashtra,22086,2650,3710,9180,2376,2580,1590,22086,INR/Acre,TNAU Spices & Herbs Guidelines,2024-2025
curry leaves,Rabi,West Bengal,20820,2650,3710,8500,1870,2500,1590,20820,INR/Acre,TNAU Spices & Herbs Guidelines,2024-2025
curry leaves,Rabi,Andhra Pradesh,22210,2650,3710,9350,2310,2600,1590,22210,INR/Acre,TNAU Spices & Herbs Guidelines,2024-2025
curry leaves,Rabi,Telangana,22210,2650,3710,9350,2310,2600,1590,22210,INR/Acre,TNAU Spices & Herbs Guidelines,2024-2025
curry leaves,Rabi,Karnataka,22210,2650,3710,9350,2310,2600,1590,22210,INR/Acre,TNAU Spices & Herbs Guidelines,2024-2025
curry leaves,Rabi,Tamil Nadu,22510,2650,3710,9520,2420,2620,1590,22510,INR/Acre,TNAU Spices & Herbs Guidelines,2024-2025
curry leaves,Rabi,Odisha,19746,2650,3710,7480,1936,2380,1590,19746,INR/Acre,TNAU Spices & Herbs Guidelines,2024-2025
curry leaves,Rabi,Assam,20564,2650,3710,8330,1804,2480,1590,20564,INR/Acre,TNAU Spices & Herbs Guidelines,2024-2025
curry leaves,Rabi,Chhattisgarh,20200,2650,3710,7650,2200,2400,1590,20200,INR/Acre,TNAU Spices & Herbs Guidelines,2024-2025
curry leaves,Rabi,Jharkhand,20010,2650,3710,7480,2200,2380,1590,20010,INR/Acre,TNAU Spices & Herbs Guidelines,2024-2025
curry leaves,Rabi,Uttarakhand,21625,2650,3710,8925,2200,2550,1590,21625,INR/Acre,TNAU Spices & Herbs Guidelines,2024-2025
curry leaves,Rabi,Himachal Pradesh,22860,2650,3710,10030,2200,2680,1590,22860,INR/Acre,TNAU Spices & Herbs Guidelines,2024-2025
curry leaves,Zaid,Uttar Pradesh,20950,2800,3920,7820,2310,2420,1680,20950,INR/Acre,TNAU Spices & Herbs Guidelines,2024-2025
curry leaves,Zaid,Madhya Pradesh,20950,2800,3920,7820,2310,2420,1680,20950,INR/Acre,TNAU Spices & Herbs Guidelines,2024-2025
curry leaves,Zaid,Punjab,24362,2800,3920,10625,2587,2750,1680,24362,INR/Acre,TNAU Spices & Herbs Guidelines,2024-2025
curry leaves,Zaid,Haryana,24077,2800,3920,10370,2587,2720,1680,24077,INR/Acre,TNAU Spices & Herbs Guidelines,2024-2025
curry leaves,Zaid,Rajasthan,22126,2800,3920,8500,2726,2500,1680,22126,INR/Acre,TNAU Spices & Herbs Guidelines,2024-2025
curry leaves,Zaid,Bihar,20339,2800,3920,7480,2079,2380,1680,20339,INR/Acre,TNAU Spices & Herbs Guidelines,2024-2025
curry leaves,Zaid,Gujarat,22626,2800,3920,9010,2656,2560,1680,22626,INR/Acre,TNAU Spices & Herbs Guidelines,2024-2025
curry leaves,Zaid,Maharashtra,22655,2800,3920,9180,2495,2580,1680,22655,INR/Acre,TNAU Spices & Herbs Guidelines,2024-2025
curry leaves,Zaid,West Bengal,21364,2800,3920,8500,1964,2500,1680,21364,INR/Acre,TNAU Spices & Herbs Guidelines,2024-2025
curry leaves,Zaid,Andhra Pradesh,22776,2800,3920,9350,2426,2600,1680,22776,INR/Acre,TNAU Spices & Herbs Guidelines,2024-2025
curry leaves,Zaid,Telangana,22776,2800,3920,9350,2426,2600,1680,22776,INR/Acre,TNAU Spices & Herbs Guidelines,2024-2025
curry leaves,Zaid,Karnataka,22776,2800,3920,9350,2426,2600,1680,22776,INR/Acre,TNAU Spices & Herbs Guidelines,2024-2025
curry leaves,Zaid,Tamil Nadu,23081,2800,3920,9520,2541,2620,1680,23081,INR/Acre,TNAU Spices & Herbs Guidelines,2024-2025
curry leaves,Zaid,Odisha,20293,2800,3920,7480,2033,2380,1680,20293,INR/Acre,TNAU Spices & Herbs Guidelines,2024-2025
curry leaves,Zaid,Assam,21104,2800,3920,8330,1894,2480,1680,21104,INR/Acre,TNAU Spices & Herbs Guidelines,2024-2025
curry leaves,Zaid,Chhattisgarh,20760,2800,3920,7650,2310,2400,1680,20760,INR/Acre,TNAU Spices & Herbs Guidelines,2024-2025
curry leaves,Zaid,Jharkhand,20570,2800,3920,7480,2310,2380,1680,20570,INR/Acre,TNAU Spices & Herbs Guidelines,2024-2025
curry leaves,Zaid,Uttarakhand,22185,2800,3920,8925,2310,2550,1680,22185,INR/Acre,TNAU Spices & Herbs Guidelines,2024-2025
curry leaves,Zaid,Himachal Pradesh,23420,2800,3920,10030,2310,2680,1680,23420,INR/Acre,TNAU Spices & Herbs Guidelines,2024-2025
drumstick leaves,Kharif,Uttar Pradesh,17806,2000,3200,7176,2000,2130,1300,17806,INR/Acre,TNAU Horticulture Guidelines,2024-2025
drumstick leaves,Kharif,Madhya Pradesh,17806,2000,3200,7176,2000,2130,1300,17806,INR/Acre,TNAU Horticulture Guidelines,2024-2025
drumstick leaves,Kharif,Punjab,20910,2000,3200,9750,2240,2420,1300,20910,INR/Acre,TNAU Horticulture Guidelines,2024-2025
drumstick leaves,Kharif,Haryana,20650,2000,3200,9516,2240,2394,1300,20650,INR/Acre,TNAU Horticulture Guidelines,2024-2025
drumstick leaves,Kharif,Rajasthan,18860,2000,3200,7800,2360,2200,1300,18860,INR/Acre,TNAU Horticulture Guidelines,2024-2025
drumstick leaves,Kharif,Bihar,17258,2000,3200,6864,1800,2094,1300,17258,INR/Acre,TNAU Horticulture Guidelines,2024-2025
drumstick leaves,Kharif,Gujarat,19321,2000,3200,8268,2300,2253,1300,19321,INR/Acre,TNAU Horticulture Guidelines,2024-2025
drumstick leaves,Kharif,Maharashtra,19354,2000,3200,8424,2160,2270,1300,19354,INR/Acre,TNAU Horticulture Guidelines,2024-2025
drumstick leaves,Kharif,West Bengal,18200,2000,3200,7800,1700,2200,1300,18200,INR/Acre,TNAU Horticulture Guidelines,2024-2025
drumstick leaves,Kharif,Andhra Pradesh,19468,2000,3200,8580,2100,2288,1300,19468,INR/Acre,TNAU Horticulture Guidelines,2024-2025
drumstick leaves,Kharif,Telangana,19468,2000,3200,8580,2100,2288,1300,19468,INR/Acre,TNAU Horticulture Guidelines,2024-2025
drumstick leaves,Kharif,Karnataka,19468,2000,3200,8580,2100,2288,1300,19468,INR/Acre,TNAU Horticulture Guidelines,2024-2025
drumstick leaves,Kharif,Tamil Nadu,19742,2000,3200,8736,2200,2306,1300,19742,INR/Acre,TNAU Horticulture Guidelines,2024-2025
drumstick leaves,Kharif,Odisha,17218,2000,3200,6864,1760,2094,1300,17218,INR/Acre,TNAU Horticulture Guidelines,2024-2025
drumstick leaves,Kharif,Assam,17966,2000,3200,7644,1640,2182,1300,17966,INR/Acre,TNAU Horticulture Guidelines,2024-2025
drumstick leaves,Kharif,Chhattisgarh,17632,2000,3200,7020,2000,2112,1300,17632,INR/Acre,TNAU Horticulture Guidelines,2024-2025
drumstick leaves,Kharif,Jharkhand,17458,2000,3200,6864,2000,2094,1300,17458,INR/Acre,TNAU Horticulture Guidelines,2024-2025
drumstick leaves,Kharif,Uttarakhand,18934,2000,3200,8190,2000,2244,1300,18934,INR/Acre,TNAU Horticulture Guidelines,2024-2025
drumstick leaves,Kharif,Himachal Pradesh,20062,2000,3200,9204,2000,2358,1300,20062,INR/Acre,TNAU Horticulture Guidelines,2024-2025
drumstick leaves,Rabi,Uttar Pradesh,18196,2120,3392,7176,2000,2130,1378,18196,INR/Acre,TNAU Horticulture Guidelines,2024-2025
drumstick leaves,Rabi,Madhya Pradesh,18196,2120,3392,7176,2000,2130,1378,18196,INR/Acre,TNAU Horticulture Guidelines,2024-2025
drumstick leaves,Rabi,Punjab,21300,2120,3392,9750,2240,2420,1378,21300,INR/Acre,TNAU Horticulture Guidelines,2024-2025
drumstick leaves,Rabi,Haryana,21040,2120,3392,9516,2240,2394,1378,21040,INR/Acre,TNAU Horticulture Guidelines,2024-2025
drumstick leaves,Rabi,Rajasthan,19250,2120,3392,7800,2360,2200,1378,19250,INR/Acre,TNAU Horticulture Guidelines,2024-2025
drumstick leaves,Rabi,Bihar,17648,2120,3392,6864,1800,2094,1378,17648,INR/Acre,TNAU Horticulture Guidelines,2024-2025
drumstick leaves,Rabi,Gujarat,19711,2120,3392,8268,2300,2253,1378,19711,INR/Acre,TNAU Horticulture Guidelines,2024-2025
drumstick leaves,Rabi,Maharashtra,19744,2120,3392,8424,2160,2270,1378,19744,INR/Acre,TNAU Horticulture Guidelines,2024-2025
drumstick leaves,Rabi,West Bengal,18590,2120,3392,7800,1700,2200,1378,18590,INR/Acre,TNAU Horticulture Guidelines,2024-2025
drumstick leaves,Rabi,Andhra Pradesh,19858,2120,3392,8580,2100,2288,1378,19858,INR/Acre,TNAU Horticulture Guidelines,2024-2025
drumstick leaves,Rabi,Telangana,19858,2120,3392,8580,2100,2288,1378,19858,INR/Acre,TNAU Horticulture Guidelines,2024-2025
drumstick leaves,Rabi,Karnataka,19858,2120,3392,8580,2100,2288,1378,19858,INR/Acre,TNAU Horticulture Guidelines,2024-2025
drumstick leaves,Rabi,Tamil Nadu,20132,2120,3392,8736,2200,2306,1378,20132,INR/Acre,TNAU Horticulture Guidelines,2024-2025
drumstick leaves,Rabi,Odisha,17608,2120,3392,6864,1760,2094,1378,17608,INR/Acre,TNAU Horticulture Guidelines,2024-2025
drumstick leaves,Rabi,Assam,18356,2120,3392,7644,1640,2182,1378,18356,INR/Acre,TNAU Horticulture Guidelines,2024-2025
drumstick leaves,Rabi,Chhattisgarh,18022,2120,3392,7020,2000,2112,1378,18022,INR/Acre,TNAU Horticulture Guidelines,2024-2025
drumstick leaves,Rabi,Jharkhand,17848,2120,3392,6864,2000,2094,1378,17848,INR/Acre,TNAU Horticulture Guidelines,2024-2025
drumstick leaves,Rabi,Uttarakhand,19324,2120,3392,8190,2000,2244,1378,19324,INR/Acre,TNAU Horticulture Guidelines,2024-2025
drumstick leaves,Rabi,Himachal Pradesh,20452,2120,3392,9204,2000,2358,1378,20452,INR/Acre,TNAU Horticulture Guidelines,2024-2025
drumstick leaves,Zaid,Uttar Pradesh,18686,2240,3584,7176,2100,2130,1456,18686,INR/Acre,TNAU Horticulture Guidelines,2024-2025
drumstick leaves,Zaid,Madhya Pradesh,18686,2240,3584,7176,2100,2130,1456,18686,INR/Acre,TNAU Horticulture Guidelines,2024-2025
drumstick leaves,Zaid,Punjab,21802,2240,3584,9750,2352,2420,1456,21802,INR/Acre,TNAU Horticulture Guidelines,2024-2025
drumstick leaves,Zaid,Haryana,21542,2240,3584,9516,2352,2394,1456,21542,INR/Acre,TNAU Horticulture Guidelines,2024-2025
drumstick leaves,Zaid,Rajasthan,19758,2240,3584,7800,2478,2200,1456,19758,INR/Acre,TNAU Horticulture Guidelines,2024-2025
drumstick leaves,Zaid,Bihar,18128,2240,3584,6864,1890,2094,1456,18128,INR/Acre,TNAU Horticulture Guidelines,2024-2025
drumstick leaves,Zaid,Gujarat,20216,2240,3584,8268,2415,2253,1456,20216,INR/Acre,TNAU Horticulture Guidelines,2024-2025
drumstick leaves,Zaid,Maharashtra,20242,2240,3584,8424,2268,2270,1456,20242,INR/Acre,TNAU Horticulture Guidelines,2024-2025
drumstick leaves,Zaid,West Bengal,19065,2240,3584,7800,1785,2200,1456,19065,INR/Acre,TNAU Horticulture Guidelines,2024-2025
drumstick leaves,Zaid,Andhra Pradesh,20353,2240,3584,8580,2205,2288,1456,20353,INR/Acre,TNAU Horticulture Guidelines,2024-2025
drumstick leaves,Zaid,Telangana,20353,2240,3584,8580,2205,2288,1456,20353,INR/Acre,TNAU Horticulture Guidelines,2024-2025
drumstick leaves,Zaid,Karnataka,20353,2240,3584,8580,2205,2288,1456,20353,INR/Acre,TNAU Horticulture Guidelines,2024-2025
drumstick leaves,Zaid,Tamil Nadu,20632,2240,3584,8736,2310,2306,1456,20632,INR/Acre,TNAU Horticulture Guidelines,2024-2025
drumstick leaves,Zaid,Odisha,18086,2240,3584,6864,1848,2094,1456,18086,INR/Acre,TNAU Horticulture Guidelines,2024-2025
drumstick leaves,Zaid,Assam,18828,2240,3584,7644,1722,2182,1456,18828,INR/Acre,TNAU Horticulture Guidelines,2024-2025
drumstick leaves,Zaid,Chhattisgarh,18512,2240,3584,7020,2100,2112,1456,18512,INR/Acre,TNAU Horticulture Guidelines,2024-2025
drumstick leaves,Zaid,Jharkhand,18338,2240,3584,6864,2100,2094,1456,18338,INR/Acre,TNAU Horticulture Guidelines,2024-2025
drumstick leaves,Zaid,Uttarakhand,19814,2240,3584,8190,2100,2244,1456,19814,INR/Acre,TNAU Horticulture Guidelines,2024-2025
drumstick leaves,Zaid,Himachal Pradesh,20942,2240,3584,9204,2100,2358,1456,20942,INR/Acre,TNAU Horticulture Guidelines,2024-2025
malabar spinach,Kharif,Uttar Pradesh,14595,1200,2500,6256,1800,1839,1000,14595,INR/Acre,State Horticulture Dept Guidelines,2024-2025
malabar spinach,Kharif,Madhya Pradesh,14595,1200,2500,6256,1800,1839,1000,14595,INR/Acre,State Horticulture Dept Guidelines,2024-2025
malabar spinach,Kharif,Punjab,17306,1200,2500,8500,2016,2090,1000,17306,INR/Acre,State Horticulture Dept Guidelines,2024-2025
malabar spinach,Kharif,Haryana,17079,1200,2500,8296,2016,2067,1000,17079,INR/Acre,State Horticulture Dept Guidelines,2024-2025
malabar spinach,Kharif,Rajasthan,15524,1200,2500,6800,2124,1900,1000,15524,INR/Acre,State Horticulture Dept Guidelines,2024-2025
malabar spinach,Kharif,Bihar,14113,1200,2500,5984,1620,1809,1000,14113,INR/Acre,State Horticulture Dept Guidelines,2024-2025
malabar spinach,Kharif,Gujarat,15924,1200,2500,7208,2070,1946,1000,15924,INR/Acre,State Horticulture Dept Guidelines,2024-2025
malabar spinach,Kharif,Maharashtra,15949,1200,2500,7344,1944,1961,1000,15949,INR/Acre,State Horticulture Dept Guidelines,2024-2025
malabar spinach,Kharif,West Bengal,14930,1200,2500,6800,1530,1900,1000,14930,INR/Acre,State Horticulture Dept Guidelines,2024-2025
malabar spinach,Kharif,Andhra Pradesh,16046,1200,2500,7480,1890,1976,1000,16046,INR/Acre,State Horticulture Dept Guidelines,2024-2025
malabar spinach,Kharif,Telangana,16046,1200,2500,7480,1890,1976,1000,16046,INR/Acre,State Horticulture Dept Guidelines,2024-2025
malabar spinach,Kharif,Karnataka,16046,1200,2500,7480,1890,1976,1000,16046,INR/Acre,State Horticulture Dept Guidelines,2024-2025
malabar spinach,Kharif,Tamil Nadu,16287,1200,2500,7616,1980,1991,1000,16287,INR/Acre,State Horticulture Dept Guidelines,2024-2025
malabar spinach,Kharif,Odisha,14077,1200,2500,5984,1584,1809,1000,14077,INR/Acre,State Horticulture Dept Guidelines,2024-2025
malabar spinach,Kharif,Assam,14725,1200,2500,6664,1476,1885,1000,14725,INR/Acre,State Horticulture Dept Guidelines,2024-2025
malabar spinach,Kharif,Chhattisgarh,14444,1200,2500,6120,1800,1824,1000,14444,INR/Acre,State Horticulture Dept Guidelines,2024-2025
malabar spinach,Kharif,Jharkhand,14293,1200,2500,5984,1800,1809,1000,14293,INR/Acre,State Horticulture Dept Guidelines,2024-2025
malabar spinach,Kharif,Uttarakhand,15578,1200,2500,7140,1800,1938,1000,15578,INR/Acre,State Horticulture Dept Guidelines,2024-2025
malabar spinach,Kharif,Himachal Pradesh,16561,1200,2500,8024,1800,2037,1000,16561,INR/Acre,State Horticulture Dept Guidelines,2024-2025
malabar spinach,Rabi,Uttar Pradesh,14877,1272,2650,6256,1800,1839,1060,14877,INR/Acre,State Horticulture Dept Guidelines,2024-2025
malabar spinach,Rabi,Madhya Pradesh,14877,1272,2650,6256,1800,1839,1060,14877,INR/Acre,State Horticulture Dept Guidelines,2024-2025
malabar spinach,Rabi,Punjab,17588,1272,2650,8500,2016,2090,1060,17588,INR/Acre,State Horticulture Dept Guidelines,2024-2025
malabar spinach,Rabi,Haryana,17361,1272,2650,8296,2016,2067,1060,17361,INR/Acre,State Horticulture Dept Guidelines,2024-2025
malabar spinach,Rabi,Rajasthan,15806,1272,2650,6800,2124,1900,1060,15806,INR/Acre,State Horticulture Dept Guidelines,2024-2025
malabar spinach,Rabi,Bihar,14395,1272,2650,5984,1620,1809,1060,14395,INR/Acre,State Horticulture Dept Guidelines,2024-2025
malabar spinach,Rabi,Gujarat,16206,1272,2650,7208,2070,1946,1060,16206,INR/Acre,State Horticulture Dept Guidelines,2024-2025
malabar spinach,Rabi,Maharashtra,16231,1272,2650,7344,1944,1961,1060,16231,INR/Acre,State Horticulture Dept Guidelines,2024-2025
malabar spinach,Rabi,West Bengal,15212,1272,2650,6800,1530,1900,1060,15212,INR/Acre,State Horticulture Dept Guidelines,2024-2025
malabar spinach,Rabi,Andhra Pradesh,16328,1272,2650,7480,1890,1976,1060,16328,INR/Acre,State Horticulture Dept Guidelines,2024-2025
malabar spinach,Rabi,Telangana,16328,1272,2650,7480,1890,1976,1060,16328,INR/Acre,State Horticulture Dept Guidelines,2024-2025
malabar spinach,Rabi,Karnataka,16328,1272,2650,7480,1890,1976,1060,16328,INR/Acre,State Horticulture Dept Guidelines,2024-2025
malabar spinach,Rabi,Tamil Nadu,16569,1272,2650,7616,1980,1991,1060,16569,INR/Acre,State Horticulture Dept Guidelines,2024-2025
malabar spinach,Rabi,Odisha,14359,1272,2650,5984,1584,1809,1060,14359,INR/Acre,State Horticulture Dept Guidelines,2024-2025
malabar spinach,Rabi,Assam,15007,1272,2650,6664,1476,1885,1060,15007,INR/Acre,State Horticulture Dept Guidelines,2024-2025
malabar spinach,Rabi,Chhattisgarh,14726,1272,2650,6120,1800,1824,1060,14726,INR/Acre,State Horticulture Dept Guidelines,2024-2025
malabar spinach,Rabi,Jharkhand,14575,1272,2650,5984,1800,1809,1060,14575,INR/Acre,State Horticulture Dept Guidelines,2024-2025
malabar spinach,Rabi,Uttarakhand,15860,1272,2650,7140,1800,1938,1060,15860,INR/Acre,State Horticulture Dept Guidelines,2024-2025
malabar spinach,Rabi,Himachal Pradesh,16843,1272,2650,8024,1800,2037,1060,16843,INR/Acre,State Horticulture Dept Guidelines,2024-2025
malabar spinach,Zaid,Uttar Pradesh,15249,1344,2800,6256,1890,1839,1120,15249,INR/Acre,State Horticulture Dept Guidelines,2024-2025
malabar spinach,Zaid,Madhya Pradesh,15249,1344,2800,6256,1890,1839,1120,15249,INR/Acre,State Horticulture Dept Guidelines,2024-2025
malabar spinach,Zaid,Punjab,17971,1344,2800,8500,2117,2090,1120,17971,INR/Acre,State Horticulture Dept Guidelines,2024-2025
malabar spinach,Zaid,Haryana,17744,1344,2800,8296,2117,2067,1120,17744,INR/Acre,State Horticulture Dept Guidelines,2024-2025
malabar spinach,Zaid,Rajasthan,16194,1344,2800,6800,2230,1900,1120,16194,INR/Acre,State Horticulture Dept Guidelines,2024-2025
malabar spinach,Zaid,Bihar,14758,1344,2800,5984,1701,1809,1120,14758,INR/Acre,State Horticulture Dept Guidelines,2024-2025
malabar spinach,Zaid,Gujarat,16592,1344,2800,7208,2174,1946,1120,16592,INR/Acre,State Horticulture Dept Guidelines,2024-2025
malabar spinach,Zaid,Maharashtra,16610,1344,2800,7344,2041,1961,1120,16610,INR/Acre,State Horticulture Dept Guidelines,2024-2025
malabar spinach,Zaid,West Bengal,15570,1344,2800,6800,1606,1900,1120,15570,INR/Acre,State Horticulture Dept Guidelines,2024-2025
malabar spinach,Zaid,Andhra Pradesh,16704,1344,2800,7480,1984,1976,1120,16704,INR/Acre,State Horticulture Dept Guidelines,2024-2025
malabar spinach,Zaid,Telangana,16704,1344,2800,7480,1984,1976,1120,16704,INR/Acre,State Horticulture Dept Guidelines,2024-2025
malabar spinach,Zaid,Karnataka,16704,1344,2800,7480,1984,1976,1120,16704,INR/Acre,State Horticulture Dept Guidelines,2024-2025
malabar spinach,Zaid,Tamil Nadu,16950,1344,2800,7616,2079,1991,1120,16950,INR/Acre,State Horticulture Dept Guidelines,2024-2025
malabar spinach,Zaid,Odisha,14720,1344,2800,5984,1663,1809,1120,14720,INR/Acre,State Horticulture Dept Guidelines,2024-2025
malabar spinach,Zaid,Assam,15363,1344,2800,6664,1550,1885,1120,15363,INR/Acre,State Horticulture Dept Guidelines,2024-2025
malabar spinach,Zaid,Chhattisgarh,15098,1344,2800,6120,1890,1824,1120,15098,INR/Acre,State Horticulture Dept Guidelines,2024-2025
malabar spinach,Zaid,Jharkhand,14947,1344,2800,5984,1890,1809,1120,14947,INR/Acre,State Horticulture Dept Guidelines,2024-2025
malabar spinach,Zaid,Uttarakhand,16232,1344,2800,7140,1890,1938,1120,16232,INR/Acre,State Horticulture Dept Guidelines,2024-2025
malabar spinach,Zaid,Himachal Pradesh,17215,1344,2800,8024,1890,2037,1120,17215,INR/Acre,State Horticulture Dept Guidelines,2024-2025
dill leaves,Kharif,Uttar Pradesh,15568,1400,2700,6532,1900,1936,1100,15568,INR/Acre,State Horticulture Dept Guidelines,2024-2025
dill leaves,Kharif,Madhya Pradesh,15568,1400,2700,6532,1900,1936,1100,15568,INR/Acre,State Horticulture Dept Guidelines,2024-2025
dill leaves,Kharif,Punjab,18403,1400,2700,8875,2128,2200,1100,18403,INR/Acre,State Horticulture Dept Guidelines,2024-2025
dill leaves,Kharif,Haryana,18166,1400,2700,8662,2128,2176,1100,18166,INR/Acre,State Horticulture Dept Guidelines,2024-2025
dill leaves,Kharif,Rajasthan,16542,1400,2700,7100,2242,2000,1100,16542,INR/Acre,State Horticulture Dept Guidelines,2024-2025
dill leaves,Kharif,Bihar,15062,1400,2700,6248,1710,1904,1100,15062,INR/Acre,State Horticulture Dept Guidelines,2024-2025
dill leaves,Kharif,Gujarat,16959,1400,2700,7526,2185,2048,1100,16959,INR/Acre,State Horticulture Dept Guidelines,2024-2025
dill leaves,Kharif,Maharashtra,16984,1400,2700,7668,2052,2064,1100,16984,INR/Acre,State Horticulture Dept Guidelines,2024-2025
dill leaves,Kharif,West Bengal,15915,1400,2700,7100,1615,2000,1100,15915,INR/Acre,State Horticulture Dept Guidelines,2024-2025
dill leaves,Kharif,Andhra Pradesh,17085,1400,2700,7810,1995,2080,1100,17085,INR/Acre,State Horticulture Dept Guidelines,2024-2025
dill leaves,Kharif,Telangana,17085,1400,2700,7810,1995,2080,1100,17085,INR/Acre,State Horticulture Dept Guidelines,2024-2025
dill leaves,Kharif,Karnataka,17085,1400,2700,7810,1995,2080,1100,17085,INR/Acre,State Horticulture Dept Guidelines,2024-2025
dill leaves,Kharif,Tamil Nadu,17338,1400,2700,7952,2090,2096,1100,17338,INR/Acre,State Horticulture Dept Guidelines,2024-2025
dill leaves,Kharif,Odisha,15024,1400,2700,6248,1672,1904,1100,15024,INR/Acre,State Horticulture Dept Guidelines,2024-2025
dill leaves,Kharif,Assam,15700,1400,2700,6958,1558,1984,1100,15700,INR/Acre,State Horticulture Dept Guidelines,2024-2025
dill leaves,Kharif,Chhattisgarh,15410,1400,2700,6390,1900,1920,1100,15410,INR/Acre,State Horticulture Dept Guidelines,2024-2025
dill leaves,Kharif,Jharkhand,15252,1400,2700,6248,1900,1904,1100,15252,INR/Acre,State Horticulture Dept Guidelines,2024-2025
dill leaves,Kharif,Uttarakhand,16595,1400,2700,7455,1900,2040,1100,16595,INR/Acre,State Horticulture Dept Guidelines,2024-2025
dill leaves,Kharif,Himachal Pradesh,17622,1400,2700,8378,1900,2144,1100,17622,INR/Acre,State Horticulture Dept Guidelines,2024-2025
dill leaves,Rabi,Uttar Pradesh,15880,1484,2862,6532,1900,1936,1166,15880,INR/Acre,State Horticulture Dept Guidelines,2024-2025
dill leaves,Rabi,Madhya Pradesh,15880,1484,2862,6532,1900,1936,1166,15880,INR/Acre,State Horticulture Dept Guidelines,2024-2025
dill leaves,Rabi,Punjab,18715,1484,2862,8875,2128,2200,1166,18715,INR/Acre,State Horticulture Dept Guidelines,2024-2025
dill leaves,Rabi,Haryana,18478,1484,2862,8662,2128,2176,1166,18478,INR/Acre,State Horticulture Dept Guidelines,2024-2025
dill leaves,Rabi,Rajasthan,16854,1484,2862,7100,2242,2000,1166,16854,INR/Acre,State Horticulture Dept Guidelines,2024-2025
dill leaves,Rabi,Bihar,15374,1484,2862,6248,1710,1904,1166,15374,INR/Acre,State Horticulture Dept Guidelines,2024-2025
dill leaves,Rabi,Gujarat,17271,1484,2862,7526,2185,2048,1166,17271,INR/Acre,State Horticulture Dept Guidelines,2024-2025
dill leaves,Rabi,Maharashtra,17296,1484,2862,7668,2052,2064,1166,17296,INR/Acre,State Horticulture Dept Guidelines,2024-2025
dill leaves,Rabi,West Bengal,16227,1484,2862,7100,1615,2000,1166,16227,INR/Acre,State Horticulture Dept Guidelines,2024-2025
dill leaves,Rabi,Andhra Pradesh,17397,1484,2862,7810,1995,2080,1166,17397,INR/Acre,State Horticulture Dept Guidelines,2024-2025
dill leaves,Rabi,Telangana,17397,1484,2862,7810,1995,2080,1166,17397,INR/Acre,State Horticulture Dept Guidelines,2024-2025
dill leaves,Rabi,Karnataka,17397,1484,2862,7810,1995,2080,1166,17397,INR/Acre,State Horticulture Dept Guidelines,2024-2025
dill leaves,Rabi,Tamil Nadu,17650,1484,2862,7952,2090,2096,1166,17650,INR/Acre,State Horticulture Dept Guidelines,2024-2025
dill leaves,Rabi,Odisha,15336,1484,2862,6248,1672,1904,1166,15336,INR/Acre,State Horticulture Dept Guidelines,2024-2025
dill leaves,Rabi,Assam,16012,1484,2862,6958,1558,1984,1166,16012,INR/Acre,State Horticulture Dept Guidelines,2024-2025
dill leaves,Rabi,Chhattisgarh,15722,1484,2862,6390,1900,1920,1166,15722,INR/Acre,State Horticulture Dept Guidelines,2024-2025
dill leaves,Rabi,Jharkhand,15564,1484,2862,6248,1900,1904,1166,15564,INR/Acre,State Horticulture Dept Guidelines,2024-2025
dill leaves,Rabi,Uttarakhand,16907,1484,2862,7455,1900,2040,1166,16907,INR/Acre,State Horticulture Dept Guidelines,2024-2025
dill leaves,Rabi,Himachal Pradesh,17934,1484,2862,8378,1900,2144,1166,17934,INR/Acre,State Horticulture Dept Guidelines,2024-2025
dill leaves,Zaid,Uttar Pradesh,16287,1568,3024,6532,1995,1936,1232,16287,INR/Acre,State Horticulture Dept Guidelines,2024-2025
dill leaves,Zaid,Madhya Pradesh,16287,1568,3024,6532,1995,1936,1232,16287,INR/Acre,State Horticulture Dept Guidelines,2024-2025
dill leaves,Zaid,Punjab,19133,1568,3024,8875,2234,2200,1232,19133,INR/Acre,State Horticulture Dept Guidelines,2024-2025
dill leaves,Zaid,Haryana,18896,1568,3024,8662,2234,2176,1232,18896,INR/Acre,State Horticulture Dept Guidelines,2024-2025
dill leaves,Zaid,Rajasthan,17278,1568,3024,7100,2354,2000,1232,17278,INR/Acre,State Horticulture Dept Guidelines,2024-2025
dill leaves,Zaid,Bihar,15772,1568,3024,6248,1796,1904,1232,15772,INR/Acre,State Horticulture Dept Guidelines,2024-2025
dill leaves,Zaid,Gujarat,17692,1568,3024,7526,2294,2048,1232,17692,INR/Acre,State Horticulture Dept Guidelines,2024-2025
dill leaves,Zaid,Maharashtra,17711,1568,3024,7668,2155,2064,1232,17711,INR/Acre,State Horticulture Dept Guidelines,2024-2025
dill leaves,Zaid,West Bengal,16620,1568,3024,7100,1696,2000,1232,16620,INR/Acre,State Horticulture Dept Guidelines,2024-2025
dill leaves,Zaid,Andhra Pradesh,17809,1568,3024,7810,2095,2080,1232,17809,INR/Acre,State Horticulture Dept Guidelines,2024-2025
dill leaves,Zaid,Telangana,17809,1568,3024,7810,2095,2080,1232,17809,INR/Acre,State Horticulture Dept Guidelines,2024-2025
dill leaves,Zaid,Karnataka,17809,1568,3024,7810,2095,2080,1232,17809,INR/Acre,State Horticulture Dept Guidelines,2024-2025
dill leaves,Zaid,Tamil Nadu,18066,1568,3024,7952,2194,2096,1232,18066,INR/Acre,State Horticulture Dept Guidelines,2024-2025
dill leaves,Zaid,Odisha,15732,1568,3024,6248,1756,1904,1232,15732,INR/Acre,State Horticulture Dept Guidelines,2024-2025
dill leaves,Zaid,Assam,16402,1568,3024,6958,1636,1984,1232,16402,INR/Acre,State Horticulture Dept Guidelines,2024-2025
dill leaves,Zaid,Chhattisgarh,16129,1568,3024,6390,1995,1920,1232,16129,INR/Acre,State Horticulture Dept Guidelines,2024-2025
dill leaves,Zaid,Jharkhand,15971,1568,3024,6248,1995,1904,1232,15971,INR/Acre,State Horticulture Dept Guidelines,2024-2025
dill leaves,Zaid,Uttarakhand,17314,1568,3024,7455,1995,2040,1232,17314,INR/Acre,State Horticulture Dept Guidelines,2024-2025
dill leaves,Zaid,Himachal Pradesh,18341,1568,3024,8378,1995,2144,1232,18341,INR/Acre,State Horticulture Dept Guidelines,2024-2025
french beans,Kharif,Himachal Pradesh,28696,3200,4600,12980,2800,3216,1900,28696,INR/Acre,State Horticulture Dept Guidelines,2024-2025
french beans,Kharif,Jammu and Kashmir,26500,3200,4600,11000,2800,3000,1900,26500,INR/Acre,State Horticulture Dept Guidelines,2024-2025
french beans,Kharif,Uttarakhand,27110,3200,4600,11550,2800,3060,1900,27110,INR/Acre,State Horticulture Dept Guidelines,2024-2025
french beans,Rabi,Maharashtra,28282,3392,4876,11880,3024,3096,2014,28282,INR/Acre,State Horticulture Dept Guidelines,2024-2025
french beans,Rabi,Karnataka,28442,3392,4876,12100,2940,3120,2014,28442,INR/Acre,State Horticulture Dept Guidelines,2024-2025
french beans,Rabi,Andhra Pradesh,28442,3392,4876,12100,2940,3120,2014,28442,INR/Acre,State Horticulture Dept Guidelines,2024-2025
french beans,Rabi,Tamil Nadu,28826,3392,4876,12320,3080,3144,2014,28826,INR/Acre,State Horticulture Dept Guidelines,2024-2025
pomegranate,Kharif,Maharashtra,45944,4500,8500,19440,4860,4644,4000,45944,INR/Acre,NHB & MPKV Rahuri Fruit Guidelines,2024-2025
pomegranate,Kharif,Andhra Pradesh,46205,4500,8500,19800,4725,4680,4000,46205,INR/Acre,NHB & MPKV Rahuri Fruit Guidelines,2024-2025
pomegranate,Kharif,Telangana,46205,4500,8500,19800,4725,4680,4000,46205,INR/Acre,NHB & MPKV Rahuri Fruit Guidelines,2024-2025
pomegranate,Kharif,Karnataka,46205,4500,8500,19800,4725,4680,4000,46205,INR/Acre,NHB & MPKV Rahuri Fruit Guidelines,2024-2025
pomegranate,Kharif,Tamil Nadu,46826,4500,8500,20160,4950,4716,4000,46826,INR/Acre,NHB & MPKV Rahuri Fruit Guidelines,2024-2025
pomegranate,Kharif,Gujarat,45863,4500,8500,19080,5175,4608,4000,45863,INR/Acre,NHB & MPKV Rahuri Fruit Guidelines,2024-2025
pomegranate,Kharif,Madhya Pradesh,42416,4500,8500,16560,4500,4356,4000,42416,INR/Acre,NHB & MPKV Rahuri Fruit Guidelines,2024-2025
pomegranate,Kharif,West Bengal,43325,4500,8500,18000,3825,4500,4000,43325,INR/Acre,NHB & MPKV Rahuri Fruit Guidelines,2024-2025
pomegranate,Kharif,Bihar,41174,4500,8500,15840,4050,4284,4000,41174,INR/Acre,NHB & MPKV Rahuri Fruit Guidelines,2024-2025
pomegranate,Kharif,Uttar Pradesh,42416,4500,8500,16560,4500,4356,4000,42416,INR/Acre,NHB & MPKV Rahuri Fruit Guidelines,2024-2025
pomegranate,Kharif,Punjab,49490,4500,8500,22500,5040,4950,4000,49490,INR/Acre,NHB & MPKV Rahuri Fruit Guidelines,2024-2025
pomegranate,Kharif,Kerala,50255,4500,8500,24300,3825,5130,4000,50255,INR/Acre,NHB & MPKV Rahuri Fruit Guidelines,2024-2025
pomegranate,Kharif,Odisha,41084,4500,8500,15840,3960,4284,4000,41084,INR/Acre,NHB & MPKV Rahuri Fruit Guidelines,2024-2025
pomegranate,Kharif,Assam,42794,4500,8500,17640,3690,4464,4000,42794,INR/Acre,NHB & MPKV Rahuri Fruit Guidelines,2024-2025
pomegranate,Rabi,Maharashtra,46964,4770,9010,19440,4860,4644,4240,46964,INR/Acre,NHB & MPKV Rahuri Fruit Guidelines,2024-2025
pomegranate,Rabi,Andhra Pradesh,47225,4770,9010,19800,4725,4680,4240,47225,INR/Acre,NHB & MPKV Rahuri Fruit Guidelines,2024-2025
pomegranate,Rabi,Telangana,47225,4770,9010,19800,4725,4680,4240,47225,INR/Acre,NHB & MPKV Rahuri Fruit Guidelines,2024-2025
pomegranate,Rabi,Karnataka,47225,4770,9010,19800,4725,4680,4240,47225,INR/Acre,NHB & MPKV Rahuri Fruit Guidelines,2024-2025
pomegranate,Rabi,Tamil Nadu,47846,4770,9010,20160,4950,4716,4240,47846,INR/Acre,NHB & MPKV Rahuri Fruit Guidelines,2024-2025
pomegranate,Rabi,Gujarat,46883,4770,9010,19080,5175,4608,4240,46883,INR/Acre,NHB & MPKV Rahuri Fruit Guidelines,2024-2025
pomegranate,Rabi,Madhya Pradesh,43436,4770,9010,16560,4500,4356,4240,43436,INR/Acre,NHB & MPKV Rahuri Fruit Guidelines,2024-2025
pomegranate,Rabi,West Bengal,44345,4770,9010,18000,3825,4500,4240,44345,INR/Acre,NHB & MPKV Rahuri Fruit Guidelines,2024-2025
pomegranate,Rabi,Bihar,42194,4770,9010,15840,4050,4284,4240,42194,INR/Acre,NHB & MPKV Rahuri Fruit Guidelines,2024-2025
pomegranate,Rabi,Uttar Pradesh,43436,4770,9010,16560,4500,4356,4240,43436,INR/Acre,NHB & MPKV Rahuri Fruit Guidelines,2024-2025
pomegranate,Rabi,Punjab,50510,4770,9010,22500,5040,4950,4240,50510,INR/Acre,NHB & MPKV Rahuri Fruit Guidelines,2024-2025
pomegranate,Rabi,Kerala,51275,4770,9010,24300,3825,5130,4240,51275,INR/Acre,NHB & MPKV Rahuri Fruit Guidelines,2024-2025
pomegranate,Rabi,Odisha,42104,4770,9010,15840,3960,4284,4240,42104,INR/Acre,NHB & MPKV Rahuri Fruit Guidelines,2024-2025
pomegranate,Rabi,Assam,43814,4770,9010,17640,3690,4464,4240,43814,INR/Acre,NHB & MPKV Rahuri Fruit Guidelines,2024-2025
pomegranate,Zaid,Maharashtra,48227,5040,9520,19440,5103,4644,4480,48227,INR/Acre,NHB & MPKV Rahuri Fruit Guidelines,2024-2025
pomegranate,Zaid,Andhra Pradesh,48481,5040,9520,19800,4961,4680,4480,48481,INR/Acre,NHB & MPKV Rahuri Fruit Guidelines,2024-2025
pomegranate,Zaid,Telangana,48481,5040,9520,19800,4961,4680,4480,48481,INR/Acre,NHB & MPKV Rahuri Fruit Guidelines,2024-2025
pomegranate,Zaid,Karnataka,48481,5040,9520,19800,4961,4680,4480,48481,INR/Acre,NHB & MPKV Rahuri Fruit Guidelines,2024-2025
pomegranate,Zaid,Tamil Nadu,49114,5040,9520,20160,5198,4716,4480,49114,INR/Acre,NHB & MPKV Rahuri Fruit Guidelines,2024-2025
pomegranate,Zaid,Gujarat,48162,5040,9520,19080,5434,4608,4480,48162,INR/Acre,NHB & MPKV Rahuri Fruit Guidelines,2024-2025
pomegranate,Zaid,Madhya Pradesh,44681,5040,9520,16560,4725,4356,4480,44681,INR/Acre,NHB & MPKV Rahuri Fruit Guidelines,2024-2025
pomegranate,Zaid,West Bengal,45556,5040,9520,18000,4016,4500,4480,45556,INR/Acre,NHB & MPKV Rahuri Fruit Guidelines,2024-2025
pomegranate,Zaid,Bihar,43416,5040,9520,15840,4252,4284,4480,43416,INR/Acre,NHB & MPKV Rahuri Fruit Guidelines,2024-2025
pomegranate,Zaid,Uttar Pradesh,44681,5040,9520,16560,4725,4356,4480,44681,INR/Acre,NHB & MPKV Rahuri Fruit Guidelines,2024-2025
pomegranate,Zaid,Punjab,51782,5040,9520,22500,5292,4950,4480,51782,INR/Acre,NHB & MPKV Rahuri Fruit Guidelines,2024-2025
pomegranate,Zaid,Kerala,52486,5040,9520,24300,4016,5130,4480,52486,INR/Acre,NHB & MPKV Rahuri Fruit Guidelines,2024-2025
pomegranate,Zaid,Odisha,43322,5040,9520,15840,4158,4284,4480,43322,INR/Acre,NHB & MPKV Rahuri Fruit Guidelines,2024-2025
pomegranate,Zaid,Assam,45018,5040,9520,17640,3874,4464,4480,45018,INR/Acre,NHB & MPKV Rahuri Fruit Guidelines,2024-2025
orange,Kharif,Maharashtra,38648,3500,7500,16200,4320,4128,3000,38648,INR/Acre,CCRI Nagpur & NHB Guidelines,2024-2025
orange,Kharif,Andhra Pradesh,38860,3500,7500,16500,4200,4160,3000,38860,INR/Acre,CCRI Nagpur & NHB Guidelines,2024-2025
orange,Kharif,Telangana,38860,3500,7500,16500,4200,4160,3000,38860,INR/Acre,CCRI Nagpur & NHB Guidelines,2024-2025
orange,Kharif,Karnataka,38860,3500,7500,16500,4200,4160,3000,38860,INR/Acre,CCRI Nagpur & NHB Guidelines,2024-2025
orange,Kharif,Tamil Nadu,39392,3500,7500,16800,4400,4192,3000,39392,INR/Acre,CCRI Nagpur & NHB Guidelines,2024-2025
orange,Kharif,Gujarat,38596,3500,7500,15900,4600,4096,3000,38596,INR/Acre,CCRI Nagpur & NHB Guidelines,2024-2025
orange,Kharif,Madhya Pradesh,35672,3500,7500,13800,4000,3872,3000,35672,INR/Acre,CCRI Nagpur & NHB Guidelines,2024-2025
orange,Kharif,West Bengal,36400,3500,7500,15000,3400,4000,3000,36400,INR/Acre,CCRI Nagpur & NHB Guidelines,2024-2025
orange,Kharif,Bihar,34608,3500,7500,13200,3600,3808,3000,34608,INR/Acre,CCRI Nagpur & NHB Guidelines,2024-2025
orange,Kharif,Uttar Pradesh,35672,3500,7500,13800,4000,3872,3000,35672,INR/Acre,CCRI Nagpur & NHB Guidelines,2024-2025
orange,Kharif,Punjab,41630,3500,7500,18750,4480,4400,3000,41630,INR/Acre,CCRI Nagpur & NHB Guidelines,2024-2025
orange,Kharif,Kerala,42210,3500,7500,20250,3400,4560,3000,42210,INR/Acre,CCRI Nagpur & NHB Guidelines,2024-2025
orange,Kharif,Odisha,34528,3500,7500,13200,3520,3808,3000,34528,INR/Acre,CCRI Nagpur & NHB Guidelines,2024-2025
orange,Kharif,Assam,35948,3500,7500,14700,3280,3968,3000,35948,INR/Acre,CCRI Nagpur & NHB Guidelines,2024-2025
orange,Rabi,Maharashtra,39488,3710,7950,16200,4320,4128,3180,39488,INR/Acre,CCRI Nagpur & NHB Guidelines,2024-2025
orange,Rabi,Andhra Pradesh,39700,3710,7950,16500,4200,4160,3180,39700,INR/Acre,CCRI Nagpur & NHB Guidelines,2024-2025
orange,Rabi,Telangana,39700,3710,7950,16500,4200,4160,3180,39700,INR/Acre,CCRI Nagpur & NHB Guidelines,2024-2025
orange,Rabi,Karnataka,39700,3710,7950,16500,4200,4160,3180,39700,INR/Acre,CCRI Nagpur & NHB Guidelines,2024-2025
orange,Rabi,Tamil Nadu,40232,3710,7950,16800,4400,4192,3180,40232,INR/Acre,CCRI Nagpur & NHB Guidelines,2024-2025
orange,Rabi,Gujarat,39436,3710,7950,15900,4600,4096,3180,39436,INR/Acre,CCRI Nagpur & NHB Guidelines,2024-2025
orange,Rabi,Madhya Pradesh,36512,3710,7950,13800,4000,3872,3180,36512,INR/Acre,CCRI Nagpur & NHB Guidelines,2024-2025
orange,Rabi,West Bengal,37240,3710,7950,15000,3400,4000,3180,37240,INR/Acre,CCRI Nagpur & NHB Guidelines,2024-2025
orange,Rabi,Bihar,35448,3710,7950,13200,3600,3808,3180,35448,INR/Acre,CCRI Nagpur & NHB Guidelines,2024-2025
orange,Rabi,Uttar Pradesh,36512,3710,7950,13800,4000,3872,3180,36512,INR/Acre,CCRI Nagpur & NHB Guidelines,2024-2025
orange,Rabi,Punjab,42470,3710,7950,18750,4480,4400,3180,42470,INR/Acre,CCRI Nagpur & NHB Guidelines,2024-2025
orange,Rabi,Kerala,43050,3710,7950,20250,3400,4560,3180,43050,INR/Acre,CCRI Nagpur & NHB Guidelines,2024-2025
orange,Rabi,Odisha,35368,3710,7950,13200,3520,3808,3180,35368,INR/Acre,CCRI Nagpur & NHB Guidelines,2024-2025
orange,Rabi,Assam,36788,3710,7950,14700,3280,3968,3180,36788,INR/Acre,CCRI Nagpur & NHB Guidelines,2024-2025
orange,Zaid,Maharashtra,40544,3920,8400,16200,4536,4128,3360,40544,INR/Acre,CCRI Nagpur & NHB Guidelines,2024-2025
orange,Zaid,Andhra Pradesh,40750,3920,8400,16500,4410,4160,3360,40750,INR/Acre,CCRI Nagpur & NHB Guidelines,2024-2025
orange,Zaid,Telangana,40750,3920,8400,16500,4410,4160,3360,40750,INR/Acre,CCRI Nagpur & NHB Guidelines,2024-2025
orange,Zaid,Karnataka,40750,3920,8400,16500,4410,4160,3360,40750,INR/Acre,CCRI Nagpur & NHB Guidelines,2024-2025
orange,Zaid,Tamil Nadu,41292,3920,8400,16800,4620,4192,3360,41292,INR/Acre,CCRI Nagpur & NHB Guidelines,2024-2025
orange,Zaid,Gujarat,40506,3920,8400,15900,4830,4096,3360,40506,INR/Acre,CCRI Nagpur & NHB Guidelines,2024-2025
orange,Zaid,Madhya Pradesh,37552,3920,8400,13800,4200,3872,3360,37552,INR/Acre,CCRI Nagpur & NHB Guidelines,2024-2025
orange,Zaid,West Bengal,38250,3920,8400,15000,3570,4000,3360,38250,INR/Acre,CCRI Nagpur & NHB Guidelines,2024-2025
orange,Zaid,Bihar,36468,3920,8400,13200,3780,3808,3360,36468,INR/Acre,CCRI Nagpur & NHB Guidelines,2024-2025
orange,Zaid,Uttar Pradesh,37552,3920,8400,13800,4200,3872,3360,37552,INR/Acre,CCRI Nagpur & NHB Guidelines,2024-2025
orange,Zaid,Punjab,43534,3920,8400,18750,4704,4400,3360,43534,INR/Acre,CCRI Nagpur & NHB Guidelines,2024-2025
orange,Zaid,Kerala,44060,3920,8400,20250,3570,4560,3360,44060,INR/Acre,CCRI Nagpur & NHB Guidelines,2024-2025
orange,Zaid,Odisha,36384,3920,8400,13200,3696,3808,3360,36384,INR/Acre,CCRI Nagpur & NHB Guidelines,2024-2025
orange,Zaid,Assam,37792,3920,8400,14700,3444,3968,3360,37792,INR/Acre,CCRI Nagpur & NHB Guidelines,2024-2025
banana,Kharif,Maharashtra,49744,8000,12000,16200,5400,4644,3500,49744,INR/Acre,NRCB Trichy & NHB Cost Guidelines,2024-2025
banana,Kharif,Andhra Pradesh,49930,8000,12000,16500,5250,4680,3500,49930,INR/Acre,NRCB Trichy & NHB Cost Guidelines,2024-2025
banana,Kharif,Telangana,49930,8000,12000,16500,5250,4680,3500,49930,INR/Acre,NRCB Trichy & NHB Cost Guidelines,2024-2025
banana,Kharif,Karnataka,49930,8000,12000,16500,5250,4680,3500,49930,INR/Acre,NRCB Trichy & NHB Cost Guidelines,2024-2025
banana,Kharif,Tamil Nadu,50516,8000,12000,16800,5500,4716,3500,50516,INR/Acre,NRCB Trichy & NHB Cost Guidelines,2024-2025
banana,Kharif,Gujarat,49758,8000,12000,15900,5750,4608,3500,49758,INR/Acre,NRCB Trichy & NHB Cost Guidelines,2024-2025
banana,Kharif,Madhya Pradesh,46656,8000,12000,13800,5000,4356,3500,46656,INR/Acre,NRCB Trichy & NHB Cost Guidelines,2024-2025
banana,Kharif,West Bengal,47250,8000,12000,15000,4250,4500,3500,47250,INR/Acre,NRCB Trichy & NHB Cost Guidelines,2024-2025
banana,Kharif,Bihar,45484,8000,12000,13200,4500,4284,3500,45484,INR/Acre,NRCB Trichy & NHB Cost Guidelines,2024-2025
banana,Kharif,Uttar Pradesh,46656,8000,12000,13800,5000,4356,3500,46656,INR/Acre,NRCB Trichy & NHB Cost Guidelines,2024-2025
banana,Kharif,Punjab,52800,8000,12000,18750,5600,4950,3500,52800,INR/Acre,NRCB Trichy & NHB Cost Guidelines,2024-2025
banana,Kharif,Kerala,53130,8000,12000,20250,4250,5130,3500,53130,INR/Acre,NRCB Trichy & NHB Cost Guidelines,2024-2025
banana,Kharif,Odisha,45384,8000,12000,13200,4400,4284,3500,45384,INR/Acre,NRCB Trichy & NHB Cost Guidelines,2024-2025
banana,Kharif,Assam,46764,8000,12000,14700,4100,4464,3500,46764,INR/Acre,NRCB Trichy & NHB Cost Guidelines,2024-2025
banana,Rabi,Maharashtra,51154,8480,12720,16200,5400,4644,3710,51154,INR/Acre,NRCB Trichy & NHB Cost Guidelines,2024-2025
banana,Rabi,Andhra Pradesh,51340,8480,12720,16500,5250,4680,3710,51340,INR/Acre,NRCB Trichy & NHB Cost Guidelines,2024-2025
banana,Rabi,Telangana,51340,8480,12720,16500,5250,4680,3710,51340,INR/Acre,NRCB Trichy & NHB Cost Guidelines,2024-2025
banana,Rabi,Karnataka,51340,8480,12720,16500,5250,4680,3710,51340,INR/Acre,NRCB Trichy & NHB Cost Guidelines,2024-2025
banana,Rabi,Tamil Nadu,51926,8480,12720,16800,5500,4716,3710,51926,INR/Acre,NRCB Trichy & NHB Cost Guidelines,2024-2025
banana,Rabi,Gujarat,51168,8480,12720,15900,5750,4608,3710,51168,INR/Acre,NRCB Trichy & NHB Cost Guidelines,2024-2025
banana,Rabi,Madhya Pradesh,48066,8480,12720,13800,5000,4356,3710,48066,INR/Acre,NRCB Trichy & NHB Cost Guidelines,2024-2025
banana,Rabi,West Bengal,48660,8480,12720,15000,4250,4500,3710,48660,INR/Acre,NRCB Trichy & NHB Cost Guidelines,2024-2025
banana,Rabi,Bihar,46894,8480,12720,13200,4500,4284,3710,46894,INR/Acre,NRCB Trichy & NHB Cost Guidelines,2024-2025
banana,Rabi,Uttar Pradesh,48066,8480,12720,13800,5000,4356,3710,48066,INR/Acre,NRCB Trichy & NHB Cost Guidelines,2024-2025
banana,Rabi,Punjab,54210,8480,12720,18750,5600,4950,3710,54210,INR/Acre,NRCB Trichy & NHB Cost Guidelines,2024-2025
banana,Rabi,Kerala,54540,8480,12720,20250,4250,5130,3710,54540,INR/Acre,NRCB Trichy & NHB Cost Guidelines,2024-2025
banana,Rabi,Odisha,46794,8480,12720,13200,4400,4284,3710,46794,INR/Acre,NRCB Trichy & NHB Cost Guidelines,2024-2025
banana,Rabi,Assam,48174,8480,12720,14700,4100,4464,3710,48174,INR/Acre,NRCB Trichy & NHB Cost Guidelines,2024-2025
banana,Zaid,Maharashtra,52834,8960,13440,16200,5670,4644,3920,52834,INR/Acre,NRCB Trichy & NHB Cost Guidelines,2024-2025
banana,Zaid,Andhra Pradesh,53012,8960,13440,16500,5512,4680,3920,53012,INR/Acre,NRCB Trichy & NHB Cost Guidelines,2024-2025
banana,Zaid,Telangana,53012,8960,13440,16500,5512,4680,3920,53012,INR/Acre,NRCB Trichy & NHB Cost Guidelines,2024-2025
banana,Zaid,Karnataka,53012,8960,13440,16500,5512,4680,3920,53012,INR/Acre,NRCB Trichy & NHB Cost Guidelines,2024-2025
banana,Zaid,Tamil Nadu,53611,8960,13440,16800,5775,4716,3920,53611,INR/Acre,NRCB Trichy & NHB Cost Guidelines,2024-2025
banana,Zaid,Gujarat,52866,8960,13440,15900,6038,4608,3920,52866,INR/Acre,NRCB Trichy & NHB Cost Guidelines,2024-2025
banana,Zaid,Madhya Pradesh,49726,8960,13440,13800,5250,4356,3920,49726,INR/Acre,NRCB Trichy & NHB Cost Guidelines,2024-2025
banana,Zaid,West Bengal,50282,8960,13440,15000,4462,4500,3920,50282,INR/Acre,NRCB Trichy & NHB Cost Guidelines,2024-2025
banana,Zaid,Bihar,48529,8960,13440,13200,4725,4284,3920,48529,INR/Acre,NRCB Trichy & NHB Cost Guidelines,2024-2025
banana,Zaid,Uttar Pradesh,49726,8960,13440,13800,5250,4356,3920,49726,INR/Acre,NRCB Trichy & NHB Cost Guidelines,2024-2025
banana,Zaid,Punjab,55900,8960,13440,18750,5880,4950,3920,55900,INR/Acre,NRCB Trichy & NHB Cost Guidelines,2024-2025
banana,Zaid,Kerala,56162,8960,13440,20250,4462,5130,3920,56162,INR/Acre,NRCB Trichy & NHB Cost Guidelines,2024-2025
banana,Zaid,Odisha,48424,8960,13440,13200,4620,4284,3920,48424,INR/Acre,NRCB Trichy & NHB Cost Guidelines,2024-2025
banana,Zaid,Assam,49789,8960,13440,14700,4305,4464,3920,49789,INR/Acre,NRCB Trichy & NHB Cost Guidelines,2024-2025
mango,Kharif,Maharashtra,27224,500,4500,11880,2700,4644,3000,27224,INR/Acre,CACP & CISH Lucknow Benchmark,2024-2025
mango,Kharif,Andhra Pradesh,27405,500,4500,12100,2625,4680,3000,27405,INR/Acre,CACP & CISH Lucknow Benchmark,2024-2025
mango,Kharif,Telangana,27405,500,4500,12100,2625,4680,3000,27405,INR/Acre,CACP & CISH Lucknow Benchmark,2024-2025
mango,Kharif,Karnataka,27405,500,4500,12100,2625,4680,3000,27405,INR/Acre,CACP & CISH Lucknow Benchmark,2024-2025
mango,Kharif,Tamil Nadu,27786,500,4500,12320,2750,4716,3000,27786,INR/Acre,CACP & CISH Lucknow Benchmark,2024-2025
mango,Kharif,Gujarat,27143,500,4500,11660,2875,4608,3000,27143,INR/Acre,CACP & CISH Lucknow Benchmark,2024-2025
mango,Kharif,Madhya Pradesh,24976,500,4500,10120,2500,4356,3000,24976,INR/Acre,CACP & CISH Lucknow Benchmark,2024-2025
mango,Kharif,West Bengal,25625,500,4500,11000,2125,4500,3000,25625,INR/Acre,CACP & CISH Lucknow Benchmark,2024-2025
mango,Kharif,Bihar,24214,500,4500,9680,2250,4284,3000,24214,INR/Acre,CACP & CISH Lucknow Benchmark,2024-2025
mango,Kharif,Uttar Pradesh,24976,500,4500,10120,2500,4356,3000,24976,INR/Acre,CACP & CISH Lucknow Benchmark,2024-2025
mango,Kharif,Punjab,29500,500,4500,13750,2800,4950,3000,29500,INR/Acre,CACP & CISH Lucknow Benchmark,2024-2025
mango,Kharif,Kerala,30105,500,4500,14850,2125,5130,3000,30105,INR/Acre,CACP & CISH Lucknow Benchmark,2024-2025
mango,Kharif,Odisha,24164,500,4500,9680,2200,4284,3000,24164,INR/Acre,CACP & CISH Lucknow Benchmark,2024-2025
mango,Kharif,Assam,25294,500,4500,10780,2050,4464,3000,25294,INR/Acre,CACP & CISH Lucknow Benchmark,2024-2025
mango,Rabi,Maharashtra,27704,530,4770,11880,2700,4644,3180,27704,INR/Acre,CACP & CISH Lucknow Benchmark,2024-2025
mango,Rabi,Andhra Pradesh,27885,530,4770,12100,2625,4680,3180,27885,INR/Acre,CACP & CISH Lucknow Benchmark,2024-2025
mango,Rabi,Telangana,27885,530,4770,12100,2625,4680,3180,27885,INR/Acre,CACP & CISH Lucknow Benchmark,2024-2025
mango,Rabi,Karnataka,27885,530,4770,12100,2625,4680,3180,27885,INR/Acre,CACP & CISH Lucknow Benchmark,2024-2025
mango,Rabi,Tamil Nadu,28266,530,4770,12320,2750,4716,3180,28266,INR/Acre,CACP & CISH Lucknow Benchmark,2024-2025
mango,Rabi,Gujarat,27623,530,4770,11660,2875,4608,3180,27623,INR/Acre,CACP & CISH Lucknow Benchmark,2024-2025
mango,Rabi,Madhya Pradesh,25456,530,4770,10120,2500,4356,3180,25456,INR/Acre,CACP & CISH Lucknow Benchmark,2024-2025
mango,Rabi,West Bengal,26105,530,4770,11000,2125,4500,3180,26105,INR/Acre,CACP & CISH Lucknow Benchmark,2024-2025
mango,Rabi,Bihar,24694,530,4770,9680,2250,4284,3180,24694,INR/Acre,CACP & CISH Lucknow Benchmark,2024-2025
mango,Rabi,Uttar Pradesh,25456,530,4770,10120,2500,4356,3180,25456,INR/Acre,CACP & CISH Lucknow Benchmark,2024-2025
mango,Rabi,Punjab,29980,530,4770,13750,2800,4950,3180,29980,INR/Acre,CACP & CISH Lucknow Benchmark,2024-2025
mango,Rabi,Kerala,30585,530,4770,14850,2125,5130,3180,30585,INR/Acre,CACP & CISH Lucknow Benchmark,2024-2025
mango,Rabi,Odisha,24644,530,4770,9680,2200,4284,3180,24644,INR/Acre,CACP & CISH Lucknow Benchmark,2024-2025
mango,Rabi,Assam,25774,530,4770,10780,2050,4464,3180,25774,INR/Acre,CACP & CISH Lucknow Benchmark,2024-2025
mango,Zaid,Maharashtra,28319,560,5040,11880,2835,4644,3360,28319,INR/Acre,CACP & CISH Lucknow Benchmark,2024-2025
mango,Zaid,Andhra Pradesh,28496,560,5040,12100,2756,4680,3360,28496,INR/Acre,CACP & CISH Lucknow Benchmark,2024-2025
mango,Zaid,Telangana,28496,560,5040,12100,2756,4680,3360,28496,INR/Acre,CACP & CISH Lucknow Benchmark,2024-2025
mango,Zaid,Karnataka,28496,560,5040,12100,2756,4680,3360,28496,INR/Acre,CACP & CISH Lucknow Benchmark,2024-2025
mango,Zaid,Tamil Nadu,28884,560,5040,12320,2888,4716,3360,28884,INR/Acre,CACP & CISH Lucknow Benchmark,2024-2025
mango,Zaid,Gujarat,28247,560,5040,11660,3019,4608,3360,28247,INR/Acre,CACP & CISH Lucknow Benchmark,2024-2025
mango,Zaid,Madhya Pradesh,26061,560,5040,10120,2625,4356,3360,26061,INR/Acre,CACP & CISH Lucknow Benchmark,2024-2025
mango,Zaid,West Bengal,26691,560,5040,11000,2231,4500,3360,26691,INR/Acre,CACP & CISH Lucknow Benchmark,2024-2025
mango,Zaid,Bihar,25286,560,5040,9680,2362,4284,3360,25286,INR/Acre,CACP & CISH Lucknow Benchmark,2024-2025
mango,Zaid,Uttar Pradesh,26061,560,5040,10120,2625,4356,3360,26061,INR/Acre,CACP & CISH Lucknow Benchmark,2024-2025
mango,Zaid,Punjab,30600,560,5040,13750,2940,4950,3360,30600,INR/Acre,CACP & CISH Lucknow Benchmark,2024-2025
mango,Zaid,Kerala,31171,560,5040,14850,2231,5130,3360,31171,INR/Acre,CACP & CISH Lucknow Benchmark,2024-2025
mango,Zaid,Odisha,25234,560,5040,9680,2310,4284,3360,25234,INR/Acre,CACP & CISH Lucknow Benchmark,2024-2025
mango,Zaid,Assam,26356,560,5040,10780,2152,4464,3360,26356,INR/Acre,CACP & CISH Lucknow Benchmark,2024-2025
grapes,Kharif,Maharashtra,83096,12000,18000,30240,8100,8256,6500,83096,INR/Acre,NRC Grapes Pune & NHB Guidelines,2024-2025
grapes,Kharif,Andhra Pradesh,83495,12000,18000,30800,7875,8320,6500,83495,INR/Acre,NRC Grapes Pune & NHB Guidelines,2024-2025
grapes,Kharif,Telangana,83495,12000,18000,30800,7875,8320,6500,83495,INR/Acre,NRC Grapes Pune & NHB Guidelines,2024-2025
grapes,Kharif,Karnataka,83495,12000,18000,30800,7875,8320,6500,83495,INR/Acre,NRC Grapes Pune & NHB Guidelines,2024-2025
grapes,Kharif,Tamil Nadu,84494,12000,18000,31360,8250,8384,6500,84494,INR/Acre,NRC Grapes Pune & NHB Guidelines,2024-2025
grapes,Kharif,Gujarat,82997,12000,18000,29680,8625,8192,6500,82997,INR/Acre,NRC Grapes Pune & NHB Guidelines,2024-2025
grapes,Kharif,Madhya Pradesh,77504,12000,18000,25760,7500,7744,6500,77504,INR/Acre,NRC Grapes Pune & NHB Guidelines,2024-2025
grapes,Kharif,West Bengal,78875,12000,18000,28000,6375,8000,6500,78875,INR/Acre,NRC Grapes Pune & NHB Guidelines,2024-2025
grapes,Kharif,Bihar,75506,12000,18000,24640,6750,7616,6500,75506,INR/Acre,NRC Grapes Pune & NHB Guidelines,2024-2025
grapes,Kharif,Uttar Pradesh,77504,12000,18000,25760,7500,7744,6500,77504,INR/Acre,NRC Grapes Pune & NHB Guidelines,2024-2025
grapes,Kharif,Punjab,88700,12000,18000,35000,8400,8800,6500,88700,INR/Acre,NRC Grapes Pune & NHB Guidelines,2024-2025
grapes,Kharif,Kerala,89795,12000,18000,37800,6375,9120,6500,89795,INR/Acre,NRC Grapes Pune & NHB Guidelines,2024-2025
grapes,Kharif,Odisha,75356,12000,18000,24640,6600,7616,6500,75356,INR/Acre,NRC Grapes Pune & NHB Guidelines,2024-2025
grapes,Kharif,Assam,78026,12000,18000,27440,6150,7936,6500,78026,INR/Acre,NRC Grapes Pune & NHB Guidelines,2024-2025
grapes,Rabi,Maharashtra,85286,12720,19080,30240,8100,8256,6890,85286,INR/Acre,NRC Grapes Pune & NHB Guidelines,2024-2025
grapes,Rabi,Andhra Pradesh,85685,12720,19080,30800,7875,8320,6890,85685,INR/Acre,NRC Grapes Pune & NHB Guidelines,2024-2025
grapes,Rabi,Telangana,85685,12720,19080,30800,7875,8320,6890,85685,INR/Acre,NRC Grapes Pune & NHB Guidelines,2024-2025
grapes,Rabi,Karnataka,85685,12720,19080,30800,7875,8320,6890,85685,INR/Acre,NRC Grapes Pune & NHB Guidelines,2024-2025
grapes,Rabi,Tamil Nadu,86684,12720,19080,31360,8250,8384,6890,86684,INR/Acre,NRC Grapes Pune & NHB Guidelines,2024-2025
grapes,Rabi,Gujarat,85187,12720,19080,29680,8625,8192,6890,85187,INR/Acre,NRC Grapes Pune & NHB Guidelines,2024-2025
grapes,Rabi,Madhya Pradesh,79694,12720,19080,25760,7500,7744,6890,79694,INR/Acre,NRC Grapes Pune & NHB Guidelines,2024-2025
grapes,Rabi,West Bengal,81065,12720,19080,28000,6375,8000,6890,81065,INR/Acre,NRC Grapes Pune & NHB Guidelines,2024-2025
grapes,Rabi,Bihar,77696,12720,19080,24640,6750,7616,6890,77696,INR/Acre,NRC Grapes Pune & NHB Guidelines,2024-2025
grapes,Rabi,Uttar Pradesh,79694,12720,19080,25760,7500,7744,6890,79694,INR/Acre,NRC Grapes Pune & NHB Guidelines,2024-2025
grapes,Rabi,Punjab,90890,12720,19080,35000,8400,8800,6890,90890,INR/Acre,NRC Grapes Pune & NHB Guidelines,2024-2025
grapes,Rabi,Kerala,91985,12720,19080,37800,6375,9120,6890,91985,INR/Acre,NRC Grapes Pune & NHB Guidelines,2024-2025
grapes,Rabi,Odisha,77546,12720,19080,24640,6600,7616,6890,77546,INR/Acre,NRC Grapes Pune & NHB Guidelines,2024-2025
grapes,Rabi,Assam,80216,12720,19080,27440,6150,7936,6890,80216,INR/Acre,NRC Grapes Pune & NHB Guidelines,2024-2025
grapes,Zaid,Maharashtra,87881,13440,20160,30240,8505,8256,7280,87881,INR/Acre,NRC Grapes Pune & NHB Guidelines,2024-2025
grapes,Zaid,Andhra Pradesh,88269,13440,20160,30800,8269,8320,7280,88269,INR/Acre,NRC Grapes Pune & NHB Guidelines,2024-2025
grapes,Zaid,Telangana,88269,13440,20160,30800,8269,8320,7280,88269,INR/Acre,NRC Grapes Pune & NHB Guidelines,2024-2025
grapes,Zaid,Karnataka,88269,13440,20160,30800,8269,8320,7280,88269,INR/Acre,NRC Grapes Pune & NHB Guidelines,2024-2025
grapes,Zaid,Tamil Nadu,89286,13440,20160,31360,8662,8384,7280,89286,INR/Acre,NRC Grapes Pune & NHB Guidelines,2024-2025
grapes,Zaid,Gujarat,87808,13440,20160,29680,9056,8192,7280,87808,INR/Acre,NRC Grapes Pune & NHB Guidelines,2024-2025
grapes,Zaid,Madhya Pradesh,82259,13440,20160,25760,7875,7744,7280,82259,INR/Acre,NRC Grapes Pune & NHB Guidelines,2024-2025
grapes,Zaid,West Bengal,83574,13440,20160,28000,6694,8000,7280,83574,INR/Acre,NRC Grapes Pune & NHB Guidelines,2024-2025
grapes,Zaid,Bihar,80224,13440,20160,24640,7088,7616,7280,80224,INR/Acre,NRC Grapes Pune & NHB Guidelines,2024-2025
grapes,Zaid,Uttar Pradesh,82259,13440,20160,25760,7875,7744,7280,82259,INR/Acre,NRC Grapes Pune & NHB Guidelines,2024-2025
grapes,Zaid,Punjab,93500,13440,20160,35000,8820,8800,7280,93500,INR/Acre,NRC Grapes Pune & NHB Guidelines,2024-2025
grapes,Zaid,Kerala,94494,13440,20160,37800,6694,9120,7280,94494,INR/Acre,NRC Grapes Pune & NHB Guidelines,2024-2025
grapes,Zaid,Odisha,80066,13440,20160,24640,6930,7616,7280,80066,INR/Acre,NRC Grapes Pune & NHB Guidelines,2024-2025
grapes,Zaid,Assam,82714,13440,20160,27440,6458,7936,7280,82714,INR/Acre,NRC Grapes Pune & NHB Guidelines,2024-2025
papaya,Kharif,Maharashtra,37706,4500,7800,14580,4104,3922,2800,37706,INR/Acre,TNAU & NHB Fruit Guidelines,2024-2025
papaya,Kharif,Andhra Pradesh,37892,4500,7800,14850,3990,3952,2800,37892,INR/Acre,TNAU & NHB Fruit Guidelines,2024-2025
papaya,Kharif,Telangana,37892,4500,7800,14850,3990,3952,2800,37892,INR/Acre,TNAU & NHB Fruit Guidelines,2024-2025
papaya,Kharif,Karnataka,37892,4500,7800,14850,3990,3952,2800,37892,INR/Acre,TNAU & NHB Fruit Guidelines,2024-2025
papaya,Kharif,Tamil Nadu,38382,4500,7800,15120,4180,3982,2800,38382,INR/Acre,TNAU & NHB Fruit Guidelines,2024-2025
papaya,Kharif,Gujarat,37671,4500,7800,14310,4370,3891,2800,37671,INR/Acre,TNAU & NHB Fruit Guidelines,2024-2025
papaya,Kharif,Madhya Pradesh,34998,4500,7800,12420,3800,3678,2800,34998,INR/Acre,TNAU & NHB Fruit Guidelines,2024-2025
papaya,Kharif,West Bengal,35630,4500,7800,13500,3230,3800,2800,35630,INR/Acre,TNAU & NHB Fruit Guidelines,2024-2025
papaya,Kharif,Bihar,34018,4500,7800,11880,3420,3618,2800,34018,INR/Acre,TNAU & NHB Fruit Guidelines,2024-2025
papaya,Kharif,Uttar Pradesh,34998,4500,7800,12420,3800,3678,2800,34998,INR/Acre,TNAU & NHB Fruit Guidelines,2024-2025
papaya,Kharif,Punjab,40411,4500,7800,16875,4256,4180,2800,40411,INR/Acre,TNAU & NHB Fruit Guidelines,2024-2025
papaya,Kharif,Kerala,40887,4500,7800,18225,3230,4332,2800,40887,INR/Acre,TNAU & NHB Fruit Guidelines,2024-2025
papaya,Kharif,Odisha,33942,4500,7800,11880,3344,3618,2800,33942,INR/Acre,TNAU & NHB Fruit Guidelines,2024-2025
papaya,Kharif,Assam,35216,4500,7800,13230,3116,3770,2800,35216,INR/Acre,TNAU & NHB Fruit Guidelines,2024-2025
papaya,Rabi,Maharashtra,38612,4770,8268,14580,4104,3922,2968,38612,INR/Acre,TNAU & NHB Fruit Guidelines,2024-2025
papaya,Rabi,Andhra Pradesh,38798,4770,8268,14850,3990,3952,2968,38798,INR/Acre,TNAU & NHB Fruit Guidelines,2024-2025
papaya,Rabi,Telangana,38798,4770,8268,14850,3990,3952,2968,38798,INR/Acre,TNAU & NHB Fruit Guidelines,2024-2025
papaya,Rabi,Karnataka,38798,4770,8268,14850,3990,3952,2968,38798,INR/Acre,TNAU & NHB Fruit Guidelines,2024-2025
papaya,Rabi,Tamil Nadu,39288,4770,8268,15120,4180,3982,2968,39288,INR/Acre,TNAU & NHB Fruit Guidelines,2024-2025
papaya,Rabi,Gujarat,38577,4770,8268,14310,4370,3891,2968,38577,INR/Acre,TNAU & NHB Fruit Guidelines,2024-2025
papaya,Rabi,Madhya Pradesh,35904,4770,8268,12420,3800,3678,2968,35904,INR/Acre,TNAU & NHB Fruit Guidelines,2024-2025
papaya,Rabi,West Bengal,36536,4770,8268,13500,3230,3800,2968,36536,INR/Acre,TNAU & NHB Fruit Guidelines,2024-2025
papaya,Rabi,Bihar,34924,4770,8268,11880,3420,3618,2968,34924,INR/Acre,TNAU & NHB Fruit Guidelines,2024-2025
papaya,Rabi,Uttar Pradesh,35904,4770,8268,12420,3800,3678,2968,35904,INR/Acre,TNAU & NHB Fruit Guidelines,2024-2025
papaya,Rabi,Punjab,41317,4770,8268,16875,4256,4180,2968,41317,INR/Acre,TNAU & NHB Fruit Guidelines,2024-2025
papaya,Rabi,Kerala,41793,4770,8268,18225,3230,4332,2968,41793,INR/Acre,TNAU & NHB Fruit Guidelines,2024-2025
papaya,Rabi,Odisha,34848,4770,8268,11880,3344,3618,2968,34848,INR/Acre,TNAU & NHB Fruit Guidelines,2024-2025
papaya,Rabi,Assam,36122,4770,8268,13230,3116,3770,2968,36122,INR/Acre,TNAU & NHB Fruit Guidelines,2024-2025
papaya,Zaid,Maharashtra,39723,5040,8736,14580,4309,3922,3136,39723,INR/Acre,TNAU & NHB Fruit Guidelines,2024-2025
papaya,Zaid,Andhra Pradesh,39904,5040,8736,14850,4190,3952,3136,39904,INR/Acre,TNAU & NHB Fruit Guidelines,2024-2025
papaya,Zaid,Telangana,39904,5040,8736,14850,4190,3952,3136,39904,INR/Acre,TNAU & NHB Fruit Guidelines,2024-2025
papaya,Zaid,Karnataka,39904,5040,8736,14850,4190,3952,3136,39904,INR/Acre,TNAU & NHB Fruit Guidelines,2024-2025
papaya,Zaid,Tamil Nadu,40403,5040,8736,15120,4389,3982,3136,40403,INR/Acre,TNAU & NHB Fruit Guidelines,2024-2025
papaya,Zaid,Gujarat,39701,5040,8736,14310,4588,3891,3136,39701,INR/Acre,TNAU & NHB Fruit Guidelines,2024-2025
papaya,Zaid,Madhya Pradesh,37000,5040,8736,12420,3990,3678,3136,37000,INR/Acre,TNAU & NHB Fruit Guidelines,2024-2025
papaya,Zaid,West Bengal,37604,5040,8736,13500,3392,3800,3136,37604,INR/Acre,TNAU & NHB Fruit Guidelines,2024-2025
papaya,Zaid,Bihar,36001,5040,8736,11880,3591,3618,3136,36001,INR/Acre,TNAU & NHB Fruit Guidelines,2024-2025
papaya,Zaid,Uttar Pradesh,37000,5040,8736,12420,3990,3678,3136,37000,INR/Acre,TNAU & NHB Fruit Guidelines,2024-2025
papaya,Zaid,Punjab,42436,5040,8736,16875,4469,4180,3136,42436,INR/Acre,TNAU & NHB Fruit Guidelines,2024-2025
papaya,Zaid,Kerala,42861,5040,8736,18225,3392,4332,3136,42861,INR/Acre,TNAU & NHB Fruit Guidelines,2024-2025
papaya,Zaid,Odisha,35921,5040,8736,11880,3511,3618,3136,35921,INR/Acre,TNAU & NHB Fruit Guidelines,2024-2025
papaya,Zaid,Assam,37184,5040,8736,13230,3272,3770,3136,37184,INR/Acre,TNAU & NHB Fruit Guidelines,2024-2025
coconut,Kharif,Maharashtra,31376,2000,6500,13500,3780,3096,2500,31376,INR/Acre,CDB Coconut Development Board Guidelines,2024-2025
coconut,Kharif,Andhra Pradesh,31545,2000,6500,13750,3675,3120,2500,31545,INR/Acre,CDB Coconut Development Board Guidelines,2024-2025
coconut,Kharif,Telangana,31545,2000,6500,13750,3675,3120,2500,31545,INR/Acre,CDB Coconut Development Board Guidelines,2024-2025
coconut,Kharif,Karnataka,31545,2000,6500,13750,3675,3120,2500,31545,INR/Acre,CDB Coconut Development Board Guidelines,2024-2025
coconut,Kharif,Tamil Nadu,31994,2000,6500,14000,3850,3144,2500,31994,INR/Acre,CDB Coconut Development Board Guidelines,2024-2025
coconut,Kharif,Gujarat,31347,2000,6500,13250,4025,3072,2500,31347,INR/Acre,CDB Coconut Development Board Guidelines,2024-2025
coconut,Kharif,Madhya Pradesh,28904,2000,6500,11500,3500,2904,2500,28904,INR/Acre,CDB Coconut Development Board Guidelines,2024-2025
coconut,Kharif,West Bengal,29475,2000,6500,12500,2975,3000,2500,29475,INR/Acre,CDB Coconut Development Board Guidelines,2024-2025
coconut,Kharif,Bihar,28006,2000,6500,11000,3150,2856,2500,28006,INR/Acre,CDB Coconut Development Board Guidelines,2024-2025
coconut,Kharif,Uttar Pradesh,28904,2000,6500,11500,3500,2904,2500,28904,INR/Acre,CDB Coconut Development Board Guidelines,2024-2025
coconut,Kharif,Punjab,33845,2000,6500,15625,3920,3300,2500,33845,INR/Acre,CDB Coconut Development Board Guidelines,2024-2025
coconut,Kharif,Kerala,34270,2000,6500,16875,2975,3420,2500,34270,INR/Acre,CDB Coconut Development Board Guidelines,2024-2025
coconut,Kharif,Odisha,27936,2000,6500,11000,3080,2856,2500,27936,INR/Acre,CDB Coconut Development Board Guidelines,2024-2025
coconut,Kharif,Assam,29096,2000,6500,12250,2870,2976,2500,29096,INR/Acre,CDB Coconut Development Board Guidelines,2024-2025
coconut,Rabi,Maharashtra,32036,2120,6890,13500,3780,3096,2650,32036,INR/Acre,CDB Coconut Development Board Guidelines,2024-2025
coconut,Rabi,Andhra Pradesh,32205,2120,6890,13750,3675,3120,2650,32205,INR/Acre,CDB Coconut Development Board Guidelines,2024-2025
coconut,Rabi,Telangana,32205,2120,6890,13750,3675,3120,2650,32205,INR/Acre,CDB Coconut Development Board Guidelines,2024-2025
coconut,Rabi,Karnataka,32205,2120,6890,13750,3675,3120,2650,32205,INR/Acre,CDB Coconut Development Board Guidelines,2024-2025
coconut,Rabi,Tamil Nadu,32654,2120,6890,14000,3850,3144,2650,32654,INR/Acre,CDB Coconut Development Board Guidelines,2024-2025
coconut,Rabi,Gujarat,32007,2120,6890,13250,4025,3072,2650,32007,INR/Acre,CDB Coconut Development Board Guidelines,2024-2025
coconut,Rabi,Madhya Pradesh,29564,2120,6890,11500,3500,2904,2650,29564,INR/Acre,CDB Coconut Development Board Guidelines,2024-2025
coconut,Rabi,West Bengal,30135,2120,6890,12500,2975,3000,2650,30135,INR/Acre,CDB Coconut Development Board Guidelines,2024-2025
coconut,Rabi,Bihar,28666,2120,6890,11000,3150,2856,2650,28666,INR/Acre,CDB Coconut Development Board Guidelines,2024-2025
coconut,Rabi,Uttar Pradesh,29564,2120,6890,11500,3500,2904,2650,29564,INR/Acre,CDB Coconut Development Board Guidelines,2024-2025
coconut,Rabi,Punjab,34505,2120,6890,15625,3920,3300,2650,34505,INR/Acre,CDB Coconut Development Board Guidelines,2024-2025
coconut,Rabi,Kerala,34930,2120,6890,16875,2975,3420,2650,34930,INR/Acre,CDB Coconut Development Board Guidelines,2024-2025
coconut,Rabi,Odisha,28596,2120,6890,11000,3080,2856,2650,28596,INR/Acre,CDB Coconut Development Board Guidelines,2024-2025
coconut,Rabi,Assam,29756,2120,6890,12250,2870,2976,2650,29756,INR/Acre,CDB Coconut Development Board Guidelines,2024-2025
coconut,Zaid,Maharashtra,32885,2240,7280,13500,3969,3096,2800,32885,INR/Acre,CDB Coconut Development Board Guidelines,2024-2025
coconut,Zaid,Andhra Pradesh,33049,2240,7280,13750,3859,3120,2800,33049,INR/Acre,CDB Coconut Development Board Guidelines,2024-2025
coconut,Zaid,Telangana,33049,2240,7280,13750,3859,3120,2800,33049,INR/Acre,CDB Coconut Development Board Guidelines,2024-2025
coconut,Zaid,Karnataka,33049,2240,7280,13750,3859,3120,2800,33049,INR/Acre,CDB Coconut Development Board Guidelines,2024-2025
coconut,Zaid,Tamil Nadu,33507,2240,7280,14000,4043,3144,2800,33507,INR/Acre,CDB Coconut Development Board Guidelines,2024-2025
coconut,Zaid,Gujarat,32868,2240,7280,13250,4226,3072,2800,32868,INR/Acre,CDB Coconut Development Board Guidelines,2024-2025
coconut,Zaid,Madhya Pradesh,30399,2240,7280,11500,3675,2904,2800,30399,INR/Acre,CDB Coconut Development Board Guidelines,2024-2025
coconut,Zaid,West Bengal,30944,2240,7280,12500,3124,3000,2800,30944,INR/Acre,CDB Coconut Development Board Guidelines,2024-2025
coconut,Zaid,Bihar,29484,2240,7280,11000,3308,2856,2800,29484,INR/Acre,CDB Coconut Development Board Guidelines,2024-2025
coconut,Zaid,Uttar Pradesh,30399,2240,7280,11500,3675,2904,2800,30399,INR/Acre,CDB Coconut Development Board Guidelines,2024-2025
coconut,Zaid,Punjab,35361,2240,7280,15625,4116,3300,2800,35361,INR/Acre,CDB Coconut Development Board Guidelines,2024-2025
coconut,Zaid,Kerala,35739,2240,7280,16875,3124,3420,2800,35739,INR/Acre,CDB Coconut Development Board Guidelines,2024-2025
coconut,Zaid,Odisha,29410,2240,7280,11000,3234,2856,2800,29410,INR/Acre,CDB Coconut Development Board Guidelines,2024-2025
coconut,Zaid,Assam,30560,2240,7280,12250,3014,2976,2800,30560,INR/Acre,CDB Coconut Development Board Guidelines,2024-2025
guava,Kharif,Maharashtra,30328,2500,5500,12960,3456,3612,2300,30328,INR/Acre,CISH Lucknow & NHB Guidelines,2024-2025
guava,Kharif,Andhra Pradesh,30500,2500,5500,13200,3360,3640,2300,30500,INR/Acre,CISH Lucknow & NHB Guidelines,2024-2025
guava,Kharif,Telangana,30500,2500,5500,13200,3360,3640,2300,30500,INR/Acre,CISH Lucknow & NHB Guidelines,2024-2025
guava,Kharif,Karnataka,30500,2500,5500,13200,3360,3640,2300,30500,INR/Acre,CISH Lucknow & NHB Guidelines,2024-2025
guava,Kharif,Tamil Nadu,30928,2500,5500,13440,3520,3668,2300,30928,INR/Acre,CISH Lucknow & NHB Guidelines,2024-2025
guava,Kharif,Gujarat,30284,2500,5500,12720,3680,3584,2300,30284,INR/Acre,CISH Lucknow & NHB Guidelines,2024-2025
guava,Kharif,Madhya Pradesh,27928,2500,5500,11040,3200,3388,2300,27928,INR/Acre,CISH Lucknow & NHB Guidelines,2024-2025
guava,Kharif,West Bengal,28520,2500,5500,12000,2720,3500,2300,28520,INR/Acre,CISH Lucknow & NHB Guidelines,2024-2025
guava,Kharif,Bihar,27072,2500,5500,10560,2880,3332,2300,27072,INR/Acre,CISH Lucknow & NHB Guidelines,2024-2025
guava,Kharif,Uttar Pradesh,27928,2500,5500,11040,3200,3388,2300,27928,INR/Acre,CISH Lucknow & NHB Guidelines,2024-2025
guava,Kharif,Punjab,32734,2500,5500,15000,3584,3850,2300,32734,INR/Acre,CISH Lucknow & NHB Guidelines,2024-2025
guava,Kharif,Kerala,33210,2500,5500,16200,2720,3990,2300,33210,INR/Acre,CISH Lucknow & NHB Guidelines,2024-2025
guava,Kharif,Odisha,27008,2500,5500,10560,2816,3332,2300,27008,INR/Acre,CISH Lucknow & NHB Guidelines,2024-2025
guava,Kharif,Assam,28156,2500,5500,11760,2624,3472,2300,28156,INR/Acre,CISH Lucknow & NHB Guidelines,2024-2025
guava,Rabi,Maharashtra,30946,2650,5830,12960,3456,3612,2438,30946,INR/Acre,CISH Lucknow & NHB Guidelines,2024-2025
guava,Rabi,Andhra Pradesh,31118,2650,5830,13200,3360,3640,2438,31118,INR/Acre,CISH Lucknow & NHB Guidelines,2024-2025
guava,Rabi,Telangana,31118,2650,5830,13200,3360,3640,2438,31118,INR/Acre,CISH Lucknow & NHB Guidelines,2024-2025
guava,Rabi,Karnataka,31118,2650,5830,13200,3360,3640,2438,31118,INR/Acre,CISH Lucknow & NHB Guidelines,2024-2025
guava,Rabi,Tamil Nadu,31546,2650,5830,13440,3520,3668,2438,31546,INR/Acre,CISH Lucknow & NHB Guidelines,2024-2025
guava,Rabi,Gujarat,30902,2650,5830,12720,3680,3584,2438,30902,INR/Acre,CISH Lucknow & NHB Guidelines,2024-2025
guava,Rabi,Madhya Pradesh,28546,2650,5830,11040,3200,3388,2438,28546,INR/Acre,CISH Lucknow & NHB Guidelines,2024-2025
guava,Rabi,West Bengal,29138,2650,5830,12000,2720,3500,2438,29138,INR/Acre,CISH Lucknow & NHB Guidelines,2024-2025
guava,Rabi,Bihar,27690,2650,5830,10560,2880,3332,2438,27690,INR/Acre,CISH Lucknow & NHB Guidelines,2024-2025
guava,Rabi,Uttar Pradesh,28546,2650,5830,11040,3200,3388,2438,28546,INR/Acre,CISH Lucknow & NHB Guidelines,2024-2025
guava,Rabi,Punjab,33352,2650,5830,15000,3584,3850,2438,33352,INR/Acre,CISH Lucknow & NHB Guidelines,2024-2025
guava,Rabi,Kerala,33828,2650,5830,16200,2720,3990,2438,33828,INR/Acre,CISH Lucknow & NHB Guidelines,2024-2025
guava,Rabi,Odisha,27626,2650,5830,10560,2816,3332,2438,27626,INR/Acre,CISH Lucknow & NHB Guidelines,2024-2025
guava,Rabi,Assam,28774,2650,5830,11760,2624,3472,2438,28774,INR/Acre,CISH Lucknow & NHB Guidelines,2024-2025
guava,Zaid,Maharashtra,31737,2800,6160,12960,3629,3612,2576,31737,INR/Acre,CISH Lucknow & NHB Guidelines,2024-2025
guava,Zaid,Andhra Pradesh,31904,2800,6160,13200,3528,3640,2576,31904,INR/Acre,CISH Lucknow & NHB Guidelines,2024-2025
guava,Zaid,Telangana,31904,2800,6160,13200,3528,3640,2576,31904,INR/Acre,CISH Lucknow & NHB Guidelines,2024-2025
guava,Zaid,Karnataka,31904,2800,6160,13200,3528,3640,2576,31904,INR/Acre,CISH Lucknow & NHB Guidelines,2024-2025
guava,Zaid,Tamil Nadu,32340,2800,6160,13440,3696,3668,2576,32340,INR/Acre,CISH Lucknow & NHB Guidelines,2024-2025
guava,Zaid,Gujarat,31704,2800,6160,12720,3864,3584,2576,31704,INR/Acre,CISH Lucknow & NHB Guidelines,2024-2025
guava,Zaid,Madhya Pradesh,29324,2800,6160,11040,3360,3388,2576,29324,INR/Acre,CISH Lucknow & NHB Guidelines,2024-2025
guava,Zaid,West Bengal,29892,2800,6160,12000,2856,3500,2576,29892,INR/Acre,CISH Lucknow & NHB Guidelines,2024-2025
guava,Zaid,Bihar,28452,2800,6160,10560,3024,3332,2576,28452,INR/Acre,CISH Lucknow & NHB Guidelines,2024-2025
guava,Zaid,Uttar Pradesh,29324,2800,6160,11040,3360,3388,2576,29324,INR/Acre,CISH Lucknow & NHB Guidelines,2024-2025
guava,Zaid,Punjab,34149,2800,6160,15000,3763,3850,2576,34149,INR/Acre,CISH Lucknow & NHB Guidelines,2024-2025
guava,Zaid,Kerala,34582,2800,6160,16200,2856,3990,2576,34582,INR/Acre,CISH Lucknow & NHB Guidelines,2024-2025
guava,Zaid,Odisha,28385,2800,6160,10560,2957,3332,2576,28385,INR/Acre,CISH Lucknow & NHB Guidelines,2024-2025
guava,Zaid,Assam,29523,2800,6160,11760,2755,3472,2576,29523,INR/Acre,CISH Lucknow & NHB Guidelines,2024-2025
pineapple,Kharif,Maharashtra,38002,5500,7500,15120,3780,3302,2800,38002,INR/Acre,KAU & ICAR NEH Fruit Guidelines,2024-2025
pineapple,Kharif,Andhra Pradesh,38203,5500,7500,15400,3675,3328,2800,38203,INR/Acre,KAU & ICAR NEH Fruit Guidelines,2024-2025
pineapple,Kharif,Telangana,38203,5500,7500,15400,3675,3328,2800,38203,INR/Acre,KAU & ICAR NEH Fruit Guidelines,2024-2025
pineapple,Kharif,Karnataka,38203,5500,7500,15400,3675,3328,2800,38203,INR/Acre,KAU & ICAR NEH Fruit Guidelines,2024-2025
pineapple,Kharif,Tamil Nadu,38684,5500,7500,15680,3850,3354,2800,38684,INR/Acre,KAU & ICAR NEH Fruit Guidelines,2024-2025
pineapple,Kharif,Gujarat,37942,5500,7500,14840,4025,3277,2800,37942,INR/Acre,KAU & ICAR NEH Fruit Guidelines,2024-2025
pineapple,Kharif,Madhya Pradesh,35278,5500,7500,12880,3500,3098,2800,35278,INR/Acre,KAU & ICAR NEH Fruit Guidelines,2024-2025
pineapple,Kharif,West Bengal,35975,5500,7500,14000,2975,3200,2800,35975,INR/Acre,KAU & ICAR NEH Fruit Guidelines,2024-2025
pineapple,Kharif,Bihar,34316,5500,7500,12320,3150,3046,2800,34316,INR/Acre,KAU & ICAR NEH Fruit Guidelines,2024-2025
pineapple,Kharif,Uttar Pradesh,35278,5500,7500,12880,3500,3098,2800,35278,INR/Acre,KAU & ICAR NEH Fruit Guidelines,2024-2025
pineapple,Kharif,Punjab,40740,5500,7500,17500,3920,3520,2800,40740,INR/Acre,KAU & ICAR NEH Fruit Guidelines,2024-2025
pineapple,Kharif,Kerala,41323,5500,7500,18900,2975,3648,2800,41323,INR/Acre,KAU & ICAR NEH Fruit Guidelines,2024-2025
pineapple,Kharif,Odisha,34246,5500,7500,12320,3080,3046,2800,34246,INR/Acre,KAU & ICAR NEH Fruit Guidelines,2024-2025
pineapple,Kharif,Assam,35564,5500,7500,13720,2870,3174,2800,35564,INR/Acre,KAU & ICAR NEH Fruit Guidelines,2024-2025
pineapple,Rabi,Maharashtra,38950,5830,7950,15120,3780,3302,2968,38950,INR/Acre,KAU & ICAR NEH Fruit Guidelines,2024-2025
pineapple,Rabi,Andhra Pradesh,39151,5830,7950,15400,3675,3328,2968,39151,INR/Acre,KAU & ICAR NEH Fruit Guidelines,2024-2025
pineapple,Rabi,Telangana,39151,5830,7950,15400,3675,3328,2968,39151,INR/Acre,KAU & ICAR NEH Fruit Guidelines,2024-2025
pineapple,Rabi,Karnataka,39151,5830,7950,15400,3675,3328,2968,39151,INR/Acre,KAU & ICAR NEH Fruit Guidelines,2024-2025
pineapple,Rabi,Tamil Nadu,39632,5830,7950,15680,3850,3354,2968,39632,INR/Acre,KAU & ICAR NEH Fruit Guidelines,2024-2025
pineapple,Rabi,Gujarat,38890,5830,7950,14840,4025,3277,2968,38890,INR/Acre,KAU & ICAR NEH Fruit Guidelines,2024-2025
pineapple,Rabi,Madhya Pradesh,36226,5830,7950,12880,3500,3098,2968,36226,INR/Acre,KAU & ICAR NEH Fruit Guidelines,2024-2025
pineapple,Rabi,West Bengal,36923,5830,7950,14000,2975,3200,2968,36923,INR/Acre,KAU & ICAR NEH Fruit Guidelines,2024-2025
pineapple,Rabi,Bihar,35264,5830,7950,12320,3150,3046,2968,35264,INR/Acre,KAU & ICAR NEH Fruit Guidelines,2024-2025
pineapple,Rabi,Uttar Pradesh,36226,5830,7950,12880,3500,3098,2968,36226,INR/Acre,KAU & ICAR NEH Fruit Guidelines,2024-2025
pineapple,Rabi,Punjab,41688,5830,7950,17500,3920,3520,2968,41688,INR/Acre,KAU & ICAR NEH Fruit Guidelines,2024-2025
pineapple,Rabi,Kerala,42271,5830,7950,18900,2975,3648,2968,42271,INR/Acre,KAU & ICAR NEH Fruit Guidelines,2024-2025
pineapple,Rabi,Odisha,35194,5830,7950,12320,3080,3046,2968,35194,INR/Acre,KAU & ICAR NEH Fruit Guidelines,2024-2025
pineapple,Rabi,Assam,36512,5830,7950,13720,2870,3174,2968,36512,INR/Acre,KAU & ICAR NEH Fruit Guidelines,2024-2025
pineapple,Zaid,Maharashtra,40087,6160,8400,15120,3969,3302,3136,40087,INR/Acre,KAU & ICAR NEH Fruit Guidelines,2024-2025
pineapple,Zaid,Andhra Pradesh,40283,6160,8400,15400,3859,3328,3136,40283,INR/Acre,KAU & ICAR NEH Fruit Guidelines,2024-2025
pineapple,Zaid,Telangana,40283,6160,8400,15400,3859,3328,3136,40283,INR/Acre,KAU & ICAR NEH Fruit Guidelines,2024-2025
pineapple,Zaid,Karnataka,40283,6160,8400,15400,3859,3328,3136,40283,INR/Acre,KAU & ICAR NEH Fruit Guidelines,2024-2025
pineapple,Zaid,Tamil Nadu,40773,6160,8400,15680,4043,3354,3136,40773,INR/Acre,KAU & ICAR NEH Fruit Guidelines,2024-2025
pineapple,Zaid,Gujarat,40039,6160,8400,14840,4226,3277,3136,40039,INR/Acre,KAU & ICAR NEH Fruit Guidelines,2024-2025
pineapple,Zaid,Madhya Pradesh,37349,6160,8400,12880,3675,3098,3136,37349,INR/Acre,KAU & ICAR NEH Fruit Guidelines,2024-2025
pineapple,Zaid,West Bengal,38020,6160,8400,14000,3124,3200,3136,38020,INR/Acre,KAU & ICAR NEH Fruit Guidelines,2024-2025
pineapple,Zaid,Bihar,36370,6160,8400,12320,3308,3046,3136,36370,INR/Acre,KAU & ICAR NEH Fruit Guidelines,2024-2025
pineapple,Zaid,Uttar Pradesh,37349,6160,8400,12880,3675,3098,3136,37349,INR/Acre,KAU & ICAR NEH Fruit Guidelines,2024-2025
pineapple,Zaid,Punjab,42832,6160,8400,17500,4116,3520,3136,42832,INR/Acre,KAU & ICAR NEH Fruit Guidelines,2024-2025
pineapple,Zaid,Kerala,43368,6160,8400,18900,3124,3648,3136,43368,INR/Acre,KAU & ICAR NEH Fruit Guidelines,2024-2025
pineapple,Zaid,Odisha,36296,6160,8400,12320,3234,3046,3136,36296,INR/Acre,KAU & ICAR NEH Fruit Guidelines,2024-2025
pineapple,Zaid,Assam,37604,6160,8400,13720,3014,3174,3136,37604,INR/Acre,KAU & ICAR NEH Fruit Guidelines,2024-2025
sapota (chiku),Kharif,Maharashtra,27622,2000,5000,11880,3240,3302,2200,27622,INR/Acre,State Horticulture Dept Guidelines,2024-2025
sapota (chiku),Kharif,Andhra Pradesh,27778,2000,5000,12100,3150,3328,2200,27778,INR/Acre,State Horticulture Dept Guidelines,2024-2025
sapota (chiku),Kharif,Telangana,27778,2000,5000,12100,3150,3328,2200,27778,INR/Acre,State Horticulture Dept Guidelines,2024-2025
sapota (chiku),Kharif,Karnataka,27778,2000,5000,12100,3150,3328,2200,27778,INR/Acre,State Horticulture Dept Guidelines,2024-2025
sapota (chiku),Kharif,Tamil Nadu,28174,2000,5000,12320,3300,3354,2200,28174,INR/Acre,State Horticulture Dept Guidelines,2024-2025
sapota (chiku),Kharif,Gujarat,27587,2000,5000,11660,3450,3277,2200,27587,INR/Acre,State Horticulture Dept Guidelines,2024-2025
sapota (chiku),Kharif,Madhya Pradesh,25418,2000,5000,10120,3000,3098,2200,25418,INR/Acre,State Horticulture Dept Guidelines,2024-2025
sapota (chiku),Kharif,West Bengal,25950,2000,5000,11000,2550,3200,2200,25950,INR/Acre,State Horticulture Dept Guidelines,2024-2025
sapota (chiku),Kharif,Bihar,24626,2000,5000,9680,2700,3046,2200,24626,INR/Acre,State Horticulture Dept Guidelines,2024-2025
sapota (chiku),Kharif,Uttar Pradesh,25418,2000,5000,10120,3000,3098,2200,25418,INR/Acre,State Horticulture Dept Guidelines,2024-2025
sapota (chiku),Kharif,Punjab,29830,2000,5000,13750,3360,3520,2200,29830,INR/Acre,State Horticulture Dept Guidelines,2024-2025
sapota (chiku),Kharif,Kerala,30248,2000,5000,14850,2550,3648,2200,30248,INR/Acre,State Horticulture Dept Guidelines,2024-2025
sapota (chiku),Kharif,Odisha,24566,2000,5000,9680,2640,3046,2200,24566,INR/Acre,State Horticulture Dept Guidelines,2024-2025
sapota (chiku),Kharif,Assam,25614,2000,5000,10780,2460,3174,2200,25614,INR/Acre,State Horticulture Dept Guidelines,2024-2025
sapota (chiku),Rabi,Maharashtra,28174,2120,5300,11880,3240,3302,2332,28174,INR/Acre,State Horticulture Dept Guidelines,2024-2025
sapota (chiku),Rabi,Andhra Pradesh,28330,2120,5300,12100,3150,3328,2332,28330,INR/Acre,State Horticulture Dept Guidelines,2024-2025
sapota (chiku),Rabi,Telangana,28330,2120,5300,12100,3150,3328,2332,28330,INR/Acre,State Horticulture Dept Guidelines,2024-2025
sapota (chiku),Rabi,Karnataka,28330,2120,5300,12100,3150,3328,2332,28330,INR/Acre,State Horticulture Dept Guidelines,2024-2025
sapota (chiku),Rabi,Tamil Nadu,28726,2120,5300,12320,3300,3354,2332,28726,INR/Acre,State Horticulture Dept Guidelines,2024-2025
sapota (chiku),Rabi,Gujarat,28139,2120,5300,11660,3450,3277,2332,28139,INR/Acre,State Horticulture Dept Guidelines,2024-2025
sapota (chiku),Rabi,Madhya Pradesh,25970,2120,5300,10120,3000,3098,2332,25970,INR/Acre,State Horticulture Dept Guidelines,2024-2025
sapota (chiku),Rabi,West Bengal,26502,2120,5300,11000,2550,3200,2332,26502,INR/Acre,State Horticulture Dept Guidelines,2024-2025
sapota (chiku),Rabi,Bihar,25178,2120,5300,9680,2700,3046,2332,25178,INR/Acre,State Horticulture Dept Guidelines,2024-2025
sapota (chiku),Rabi,Uttar Pradesh,25970,2120,5300,10120,3000,3098,2332,25970,INR/Acre,State Horticulture Dept Guidelines,2024-2025
sapota (chiku),Rabi,Punjab,30382,2120,5300,13750,3360,3520,2332,30382,INR/Acre,State Horticulture Dept Guidelines,2024-2025
sapota (chiku),Rabi,Kerala,30800,2120,5300,14850,2550,3648,2332,30800,INR/Acre,State Horticulture Dept Guidelines,2024-2025
sapota (chiku),Rabi,Odisha,25118,2120,5300,9680,2640,3046,2332,25118,INR/Acre,State Horticulture Dept Guidelines,2024-2025
sapota (chiku),Rabi,Assam,26166,2120,5300,10780,2460,3174,2332,26166,INR/Acre,State Horticulture Dept Guidelines,2024-2025
sapota (chiku),Zaid,Maharashtra,28888,2240,5600,11880,3402,3302,2464,28888,INR/Acre,State Horticulture Dept Guidelines,2024-2025
sapota (chiku),Zaid,Andhra Pradesh,29040,2240,5600,12100,3308,3328,2464,29040,INR/Acre,State Horticulture Dept Guidelines,2024-2025
sapota (chiku),Zaid,Telangana,29040,2240,5600,12100,3308,3328,2464,29040,INR/Acre,State Horticulture Dept Guidelines,2024-2025
sapota (chiku),Zaid,Karnataka,29040,2240,5600,12100,3308,3328,2464,29040,INR/Acre,State Horticulture Dept Guidelines,2024-2025
sapota (chiku),Zaid,Tamil Nadu,29443,2240,5600,12320,3465,3354,2464,29443,INR/Acre,State Horticulture Dept Guidelines,2024-2025
sapota (chiku),Zaid,Gujarat,28863,2240,5600,11660,3622,3277,2464,28863,INR/Acre,State Horticulture Dept Guidelines,2024-2025
sapota (chiku),Zaid,Madhya Pradesh,26672,2240,5600,10120,3150,3098,2464,26672,INR/Acre,State Horticulture Dept Guidelines,2024-2025
sapota (chiku),Zaid,West Bengal,27182,2240,5600,11000,2678,3200,2464,27182,INR/Acre,State Horticulture Dept Guidelines,2024-2025
sapota (chiku),Zaid,Bihar,25865,2240,5600,9680,2835,3046,2464,25865,INR/Acre,State Horticulture Dept Guidelines,2024-2025
sapota (chiku),Zaid,Uttar Pradesh,26672,2240,5600,10120,3150,3098,2464,26672,INR/Acre,State Horticulture Dept Guidelines,2024-2025
sapota (chiku),Zaid,Punjab,31102,2240,5600,13750,3528,3520,2464,31102,INR/Acre,State Horticulture Dept Guidelines,2024-2025
sapota (chiku),Zaid,Kerala,31480,2240,5600,14850,2678,3648,2464,31480,INR/Acre,State Horticulture Dept Guidelines,2024-2025
sapota (chiku),Zaid,Odisha,25802,2240,5600,9680,2772,3046,2464,25802,INR/Acre,State Horticulture Dept Guidelines,2024-2025
sapota (chiku),Zaid,Assam,26841,2240,5600,10780,2583,3174,2464,26841,INR/Acre,State Horticulture Dept Guidelines,2024-2025
custard apple,Kharif,Maharashtra,23326,1800,4200,10260,2376,2890,1800,23326,INR/Acre,MPKV Rahuri Fruit Guidelines,2024-2025
custard apple,Kharif,Andhra Pradesh,23472,1800,4200,10450,2310,2912,1800,23472,INR/Acre,MPKV Rahuri Fruit Guidelines,2024-2025
custard apple,Kharif,Telangana,23472,1800,4200,10450,2310,2912,1800,23472,INR/Acre,MPKV Rahuri Fruit Guidelines,2024-2025
custard apple,Kharif,Karnataka,23472,1800,4200,10450,2310,2912,1800,23472,INR/Acre,MPKV Rahuri Fruit Guidelines,2024-2025
custard apple,Kharif,Tamil Nadu,23794,1800,4200,10640,2420,2934,1800,23794,INR/Acre,MPKV Rahuri Fruit Guidelines,2024-2025
custard apple,Kharif,Gujarat,23267,1800,4200,10070,2530,2867,1800,23267,INR/Acre,MPKV Rahuri Fruit Guidelines,2024-2025
custard apple,Kharif,Madhya Pradesh,21450,1800,4200,8740,2200,2710,1800,21450,INR/Acre,MPKV Rahuri Fruit Guidelines,2024-2025
custard apple,Kharif,West Bengal,21970,1800,4200,9500,1870,2800,1800,21970,INR/Acre,MPKV Rahuri Fruit Guidelines,2024-2025
custard apple,Kharif,Bihar,20806,1800,4200,8360,1980,2666,1800,20806,INR/Acre,MPKV Rahuri Fruit Guidelines,2024-2025
custard apple,Kharif,Uttar Pradesh,21450,1800,4200,8740,2200,2710,1800,21450,INR/Acre,MPKV Rahuri Fruit Guidelines,2024-2025
custard apple,Kharif,Punjab,25219,1800,4200,11875,2464,3080,1800,25219,INR/Acre,MPKV Rahuri Fruit Guidelines,2024-2025
custard apple,Kharif,Kerala,25687,1800,4200,12825,1870,3192,1800,25687,INR/Acre,MPKV Rahuri Fruit Guidelines,2024-2025
custard apple,Kharif,Odisha,20762,1800,4200,8360,1936,2666,1800,20762,INR/Acre,MPKV Rahuri Fruit Guidelines,2024-2025
custard apple,Kharif,Assam,21692,1800,4200,9310,1804,2778,1800,21692,INR/Acre,MPKV Rahuri Fruit Guidelines,2024-2025
custard apple,Rabi,Maharashtra,23794,1908,4452,10260,2376,2890,1908,23794,INR/Acre,MPKV Rahuri Fruit Guidelines,2024-2025
custard apple,Rabi,Andhra Pradesh,23940,1908,4452,10450,2310,2912,1908,23940,INR/Acre,MPKV Rahuri Fruit Guidelines,2024-2025
custard apple,Rabi,Telangana,23940,1908,4452,10450,2310,2912,1908,23940,INR/Acre,MPKV Rahuri Fruit Guidelines,2024-2025
custard apple,Rabi,Karnataka,23940,1908,4452,10450,2310,2912,1908,23940,INR/Acre,MPKV Rahuri Fruit Guidelines,2024-2025
custard apple,Rabi,Tamil Nadu,24262,1908,4452,10640,2420,2934,1908,24262,INR/Acre,MPKV Rahuri Fruit Guidelines,2024-2025
custard apple,Rabi,Gujarat,23735,1908,4452,10070,2530,2867,1908,23735,INR/Acre,MPKV Rahuri Fruit Guidelines,2024-2025
custard apple,Rabi,Madhya Pradesh,21918,1908,4452,8740,2200,2710,1908,21918,INR/Acre,MPKV Rahuri Fruit Guidelines,2024-2025
custard apple,Rabi,West Bengal,22438,1908,4452,9500,1870,2800,1908,22438,INR/Acre,MPKV Rahuri Fruit Guidelines,2024-2025
custard apple,Rabi,Bihar,21274,1908,4452,8360,1980,2666,1908,21274,INR/Acre,MPKV Rahuri Fruit Guidelines,2024-2025
custard apple,Rabi,Uttar Pradesh,21918,1908,4452,8740,2200,2710,1908,21918,INR/Acre,MPKV Rahuri Fruit Guidelines,2024-2025
custard apple,Rabi,Punjab,25687,1908,4452,11875,2464,3080,1908,25687,INR/Acre,MPKV Rahuri Fruit Guidelines,2024-2025
custard apple,Rabi,Kerala,26155,1908,4452,12825,1870,3192,1908,26155,INR/Acre,MPKV Rahuri Fruit Guidelines,2024-2025
custard apple,Rabi,Odisha,21230,1908,4452,8360,1936,2666,1908,21230,INR/Acre,MPKV Rahuri Fruit Guidelines,2024-2025
custard apple,Rabi,Assam,22160,1908,4452,9310,1804,2778,1908,22160,INR/Acre,MPKV Rahuri Fruit Guidelines,2024-2025
custard apple,Zaid,Maharashtra,24381,2016,4704,10260,2495,2890,2016,24381,INR/Acre,MPKV Rahuri Fruit Guidelines,2024-2025
custard apple,Zaid,Andhra Pradesh,24524,2016,4704,10450,2426,2912,2016,24524,INR/Acre,MPKV Rahuri Fruit Guidelines,2024-2025
custard apple,Zaid,Telangana,24524,2016,4704,10450,2426,2912,2016,24524,INR/Acre,MPKV Rahuri Fruit Guidelines,2024-2025
custard apple,Zaid,Karnataka,24524,2016,4704,10450,2426,2912,2016,24524,INR/Acre,MPKV Rahuri Fruit Guidelines,2024-2025
custard apple,Zaid,Tamil Nadu,24851,2016,4704,10640,2541,2934,2016,24851,INR/Acre,MPKV Rahuri Fruit Guidelines,2024-2025
custard apple,Zaid,Gujarat,24329,2016,4704,10070,2656,2867,2016,24329,INR/Acre,MPKV Rahuri Fruit Guidelines,2024-2025
custard apple,Zaid,Madhya Pradesh,22496,2016,4704,8740,2310,2710,2016,22496,INR/Acre,MPKV Rahuri Fruit Guidelines,2024-2025
custard apple,Zaid,West Bengal,23000,2016,4704,9500,1964,2800,2016,23000,INR/Acre,MPKV Rahuri Fruit Guidelines,2024-2025
custard apple,Zaid,Bihar,21841,2016,4704,8360,2079,2666,2016,21841,INR/Acre,MPKV Rahuri Fruit Guidelines,2024-2025
custard apple,Zaid,Uttar Pradesh,22496,2016,4704,8740,2310,2710,2016,22496,INR/Acre,MPKV Rahuri Fruit Guidelines,2024-2025
custard apple,Zaid,Punjab,26278,2016,4704,11875,2587,3080,2016,26278,INR/Acre,MPKV Rahuri Fruit Guidelines,2024-2025
custard apple,Zaid,Kerala,26717,2016,4704,12825,1964,3192,2016,26717,INR/Acre,MPKV Rahuri Fruit Guidelines,2024-2025
custard apple,Zaid,Odisha,21795,2016,4704,8360,2033,2666,2016,21795,INR/Acre,MPKV Rahuri Fruit Guidelines,2024-2025
custard apple,Zaid,Assam,22718,2016,4704,9310,1894,2778,2016,22718,INR/Acre,MPKV Rahuri Fruit Guidelines,2024-2025
cherimoya,Kharif,Maharashtra,24888,2000,4500,10800,2592,3096,1900,24888,INR/Acre,Hill Horticulture State Guidelines,2024-2025
cherimoya,Kharif,Andhra Pradesh,25040,2000,4500,11000,2520,3120,1900,25040,INR/Acre,Hill Horticulture State Guidelines,2024-2025
cherimoya,Kharif,Telangana,25040,2000,4500,11000,2520,3120,1900,25040,INR/Acre,Hill Horticulture State Guidelines,2024-2025
cherimoya,Kharif,Karnataka,25040,2000,4500,11000,2520,3120,1900,25040,INR/Acre,Hill Horticulture State Guidelines,2024-2025
cherimoya,Kharif,Tamil Nadu,25384,2000,4500,11200,2640,3144,1900,25384,INR/Acre,Hill Horticulture State Guidelines,2024-2025
cherimoya,Kharif,Gujarat,24832,2000,4500,10600,2760,3072,1900,24832,INR/Acre,Hill Horticulture State Guidelines,2024-2025
cherimoya,Kharif,Madhya Pradesh,22904,2000,4500,9200,2400,2904,1900,22904,INR/Acre,Hill Horticulture State Guidelines,2024-2025
cherimoya,Kharif,West Bengal,23440,2000,4500,10000,2040,3000,1900,23440,INR/Acre,Hill Horticulture State Guidelines,2024-2025
cherimoya,Kharif,Bihar,22216,2000,4500,8800,2160,2856,1900,22216,INR/Acre,Hill Horticulture State Guidelines,2024-2025
cherimoya,Kharif,Uttar Pradesh,22904,2000,4500,9200,2400,2904,1900,22904,INR/Acre,Hill Horticulture State Guidelines,2024-2025
cherimoya,Kharif,Punjab,26888,2000,4500,12500,2688,3300,1900,26888,INR/Acre,Hill Horticulture State Guidelines,2024-2025
cherimoya,Kharif,Kerala,27360,2000,4500,13500,2040,3420,1900,27360,INR/Acre,Hill Horticulture State Guidelines,2024-2025
cherimoya,Kharif,Odisha,22168,2000,4500,8800,2112,2856,1900,22168,INR/Acre,Hill Horticulture State Guidelines,2024-2025
cherimoya,Kharif,Assam,23144,2000,4500,9800,1968,2976,1900,23144,INR/Acre,Hill Horticulture State Guidelines,2024-2025
cherimoya,Rabi,Maharashtra,25392,2120,4770,10800,2592,3096,2014,25392,INR/Acre,Hill Horticulture State Guidelines,2024-2025
cherimoya,Rabi,Andhra Pradesh,25544,2120,4770,11000,2520,3120,2014,25544,INR/Acre,Hill Horticulture State Guidelines,2024-2025
cherimoya,Rabi,Telangana,25544,2120,4770,11000,2520,3120,2014,25544,INR/Acre,Hill Horticulture State Guidelines,2024-2025
cherimoya,Rabi,Karnataka,25544,2120,4770,11000,2520,3120,2014,25544,INR/Acre,Hill Horticulture State Guidelines,2024-2025
cherimoya,Rabi,Tamil Nadu,25888,2120,4770,11200,2640,3144,2014,25888,INR/Acre,Hill Horticulture State Guidelines,2024-2025
cherimoya,Rabi,Gujarat,25336,2120,4770,10600,2760,3072,2014,25336,INR/Acre,Hill Horticulture State Guidelines,2024-2025
cherimoya,Rabi,Madhya Pradesh,23408,2120,4770,9200,2400,2904,2014,23408,INR/Acre,Hill Horticulture State Guidelines,2024-2025
cherimoya,Rabi,West Bengal,23944,2120,4770,10000,2040,3000,2014,23944,INR/Acre,Hill Horticulture State Guidelines,2024-2025
cherimoya,Rabi,Bihar,22720,2120,4770,8800,2160,2856,2014,22720,INR/Acre,Hill Horticulture State Guidelines,2024-2025
cherimoya,Rabi,Uttar Pradesh,23408,2120,4770,9200,2400,2904,2014,23408,INR/Acre,Hill Horticulture State Guidelines,2024-2025
cherimoya,Rabi,Punjab,27392,2120,4770,12500,2688,3300,2014,27392,INR/Acre,Hill Horticulture State Guidelines,2024-2025
cherimoya,Rabi,Kerala,27864,2120,4770,13500,2040,3420,2014,27864,INR/Acre,Hill Horticulture State Guidelines,2024-2025
cherimoya,Rabi,Odisha,22672,2120,4770,8800,2112,2856,2014,22672,INR/Acre,Hill Horticulture State Guidelines,2024-2025
cherimoya,Rabi,Assam,23648,2120,4770,9800,1968,2976,2014,23648,INR/Acre,Hill Horticulture State Guidelines,2024-2025
cherimoya,Zaid,Maharashtra,26026,2240,5040,10800,2722,3096,2128,26026,INR/Acre,Hill Horticulture State Guidelines,2024-2025
cherimoya,Zaid,Andhra Pradesh,26174,2240,5040,11000,2646,3120,2128,26174,INR/Acre,Hill Horticulture State Guidelines,2024-2025
cherimoya,Zaid,Telangana,26174,2240,5040,11000,2646,3120,2128,26174,INR/Acre,Hill Horticulture State Guidelines,2024-2025
cherimoya,Zaid,Karnataka,26174,2240,5040,11000,2646,3120,2128,26174,INR/Acre,Hill Horticulture State Guidelines,2024-2025
cherimoya,Zaid,Tamil Nadu,26524,2240,5040,11200,2772,3144,2128,26524,INR/Acre,Hill Horticulture State Guidelines,2024-2025
cherimoya,Zaid,Gujarat,25978,2240,5040,10600,2898,3072,2128,25978,INR/Acre,Hill Horticulture State Guidelines,2024-2025
cherimoya,Zaid,Madhya Pradesh,24032,2240,5040,9200,2520,2904,2128,24032,INR/Acre,Hill Horticulture State Guidelines,2024-2025
cherimoya,Zaid,West Bengal,24550,2240,5040,10000,2142,3000,2128,24550,INR/Acre,Hill Horticulture State Guidelines,2024-2025
cherimoya,Zaid,Bihar,23332,2240,5040,8800,2268,2856,2128,23332,INR/Acre,Hill Horticulture State Guidelines,2024-2025
cherimoya,Zaid,Uttar Pradesh,24032,2240,5040,9200,2520,2904,2128,24032,INR/Acre,Hill Horticulture State Guidelines,2024-2025
cherimoya,Zaid,Punjab,28030,2240,5040,12500,2822,3300,2128,28030,INR/Acre,Hill Horticulture State Guidelines,2024-2025
cherimoya,Zaid,Kerala,28470,2240,5040,13500,2142,3420,2128,28470,INR/Acre,Hill Horticulture State Guidelines,2024-2025
cherimoya,Zaid,Odisha,23282,2240,5040,8800,2218,2856,2128,23282,INR/Acre,Hill Horticulture State Guidelines,2024-2025
cherimoya,Zaid,Assam,24250,2240,5040,9800,2066,2976,2128,24250,INR/Acre,Hill Horticulture State Guidelines,2024-2025
sugar apple,Kharif,Maharashtra,23326,1800,4200,10260,2376,2890,1800,23326,INR/Acre,State Horticulture Dept Guidelines,2024-2025
sugar apple,Kharif,Andhra Pradesh,23472,1800,4200,10450,2310,2912,1800,23472,INR/Acre,State Horticulture Dept Guidelines,2024-2025
sugar apple,Kharif,Telangana,23472,1800,4200,10450,2310,2912,1800,23472,INR/Acre,State Horticulture Dept Guidelines,2024-2025
sugar apple,Kharif,Karnataka,23472,1800,4200,10450,2310,2912,1800,23472,INR/Acre,State Horticulture Dept Guidelines,2024-2025
sugar apple,Kharif,Tamil Nadu,23794,1800,4200,10640,2420,2934,1800,23794,INR/Acre,State Horticulture Dept Guidelines,2024-2025
sugar apple,Kharif,Gujarat,23267,1800,4200,10070,2530,2867,1800,23267,INR/Acre,State Horticulture Dept Guidelines,2024-2025
sugar apple,Kharif,Madhya Pradesh,21450,1800,4200,8740,2200,2710,1800,21450,INR/Acre,State Horticulture Dept Guidelines,2024-2025
sugar apple,Kharif,West Bengal,21970,1800,4200,9500,1870,2800,1800,21970,INR/Acre,State Horticulture Dept Guidelines,2024-2025
sugar apple,Kharif,Bihar,20806,1800,4200,8360,1980,2666,1800,20806,INR/Acre,State Horticulture Dept Guidelines,2024-2025
sugar apple,Kharif,Uttar Pradesh,21450,1800,4200,8740,2200,2710,1800,21450,INR/Acre,State Horticulture Dept Guidelines,2024-2025
sugar apple,Kharif,Punjab,25219,1800,4200,11875,2464,3080,1800,25219,INR/Acre,State Horticulture Dept Guidelines,2024-2025
sugar apple,Kharif,Kerala,25687,1800,4200,12825,1870,3192,1800,25687,INR/Acre,State Horticulture Dept Guidelines,2024-2025
sugar apple,Kharif,Odisha,20762,1800,4200,8360,1936,2666,1800,20762,INR/Acre,State Horticulture Dept Guidelines,2024-2025
sugar apple,Kharif,Assam,21692,1800,4200,9310,1804,2778,1800,21692,INR/Acre,State Horticulture Dept Guidelines,2024-2025
sugar apple,Rabi,Maharashtra,23794,1908,4452,10260,2376,2890,1908,23794,INR/Acre,State Horticulture Dept Guidelines,2024-2025
sugar apple,Rabi,Andhra Pradesh,23940,1908,4452,10450,2310,2912,1908,23940,INR/Acre,State Horticulture Dept Guidelines,2024-2025
sugar apple,Rabi,Telangana,23940,1908,4452,10450,2310,2912,1908,23940,INR/Acre,State Horticulture Dept Guidelines,2024-2025
sugar apple,Rabi,Karnataka,23940,1908,4452,10450,2310,2912,1908,23940,INR/Acre,State Horticulture Dept Guidelines,2024-2025
sugar apple,Rabi,Tamil Nadu,24262,1908,4452,10640,2420,2934,1908,24262,INR/Acre,State Horticulture Dept Guidelines,2024-2025
sugar apple,Rabi,Gujarat,23735,1908,4452,10070,2530,2867,1908,23735,INR/Acre,State Horticulture Dept Guidelines,2024-2025
sugar apple,Rabi,Madhya Pradesh,21918,1908,4452,8740,2200,2710,1908,21918,INR/Acre,State Horticulture Dept Guidelines,2024-2025
sugar apple,Rabi,West Bengal,22438,1908,4452,9500,1870,2800,1908,22438,INR/Acre,State Horticulture Dept Guidelines,2024-2025
sugar apple,Rabi,Bihar,21274,1908,4452,8360,1980,2666,1908,21274,INR/Acre,State Horticulture Dept Guidelines,2024-2025
sugar apple,Rabi,Uttar Pradesh,21918,1908,4452,8740,2200,2710,1908,21918,INR/Acre,State Horticulture Dept Guidelines,2024-2025
sugar apple,Rabi,Punjab,25687,1908,4452,11875,2464,3080,1908,25687,INR/Acre,State Horticulture Dept Guidelines,2024-2025
sugar apple,Rabi,Kerala,26155,1908,4452,12825,1870,3192,1908,26155,INR/Acre,State Horticulture Dept Guidelines,2024-2025
sugar apple,Rabi,Odisha,21230,1908,4452,8360,1936,2666,1908,21230,INR/Acre,State Horticulture Dept Guidelines,2024-2025
sugar apple,Rabi,Assam,22160,1908,4452,9310,1804,2778,1908,22160,INR/Acre,State Horticulture Dept Guidelines,2024-2025
sugar apple,Zaid,Maharashtra,24381,2016,4704,10260,2495,2890,2016,24381,INR/Acre,State Horticulture Dept Guidelines,2024-2025
sugar apple,Zaid,Andhra Pradesh,24524,2016,4704,10450,2426,2912,2016,24524,INR/Acre,State Horticulture Dept Guidelines,2024-2025
sugar apple,Zaid,Telangana,24524,2016,4704,10450,2426,2912,2016,24524,INR/Acre,State Horticulture Dept Guidelines,2024-2025
sugar apple,Zaid,Karnataka,24524,2016,4704,10450,2426,2912,2016,24524,INR/Acre,State Horticulture Dept Guidelines,2024-2025
sugar apple,Zaid,Tamil Nadu,24851,2016,4704,10640,2541,2934,2016,24851,INR/Acre,State Horticulture Dept Guidelines,2024-2025
sugar apple,Zaid,Gujarat,24329,2016,4704,10070,2656,2867,2016,24329,INR/Acre,State Horticulture Dept Guidelines,2024-2025
sugar apple,Zaid,Madhya Pradesh,22496,2016,4704,8740,2310,2710,2016,22496,INR/Acre,State Horticulture Dept Guidelines,2024-2025
sugar apple,Zaid,West Bengal,23000,2016,4704,9500,1964,2800,2016,23000,INR/Acre,State Horticulture Dept Guidelines,2024-2025
sugar apple,Zaid,Bihar,21841,2016,4704,8360,2079,2666,2016,21841,INR/Acre,State Horticulture Dept Guidelines,2024-2025
sugar apple,Zaid,Uttar Pradesh,22496,2016,4704,8740,2310,2710,2016,22496,INR/Acre,State Horticulture Dept Guidelines,2024-2025
sugar apple,Zaid,Punjab,26278,2016,4704,11875,2587,3080,2016,26278,INR/Acre,State Horticulture Dept Guidelines,2024-2025
sugar apple,Zaid,Kerala,26717,2016,4704,12825,1964,3192,2016,26717,INR/Acre,State Horticulture Dept Guidelines,2024-2025
sugar apple,Zaid,Odisha,21795,2016,4704,8360,2033,2666,2016,21795,INR/Acre,State Horticulture Dept Guidelines,2024-2025
sugar apple,Zaid,Assam,22718,2016,4704,9310,1894,2778,2016,22718,INR/Acre,State Horticulture Dept Guidelines,2024-2025
wood apple,Kharif,Maharashtra,18014,1200,3200,8100,1944,2270,1300,18014,INR/Acre,State Dryland Ag Guidelines,2024-2025
wood apple,Kharif,Andhra Pradesh,18128,1200,3200,8250,1890,2288,1300,18128,INR/Acre,State Dryland Ag Guidelines,2024-2025
wood apple,Kharif,Telangana,18128,1200,3200,8250,1890,2288,1300,18128,INR/Acre,State Dryland Ag Guidelines,2024-2025
wood apple,Kharif,Karnataka,18128,1200,3200,8250,1890,2288,1300,18128,INR/Acre,State Dryland Ag Guidelines,2024-2025
wood apple,Kharif,Tamil Nadu,18386,1200,3200,8400,1980,2306,1300,18386,INR/Acre,State Dryland Ag Guidelines,2024-2025
wood apple,Kharif,Gujarat,17973,1200,3200,7950,2070,2253,1300,17973,INR/Acre,State Dryland Ag Guidelines,2024-2025
wood apple,Kharif,Madhya Pradesh,16530,1200,3200,6900,1800,2130,1300,16530,INR/Acre,State Dryland Ag Guidelines,2024-2025
wood apple,Kharif,West Bengal,16930,1200,3200,7500,1530,2200,1300,16930,INR/Acre,State Dryland Ag Guidelines,2024-2025
wood apple,Kharif,Bihar,16014,1200,3200,6600,1620,2094,1300,16014,INR/Acre,State Dryland Ag Guidelines,2024-2025
wood apple,Kharif,Uttar Pradesh,16530,1200,3200,6900,1800,2130,1300,16530,INR/Acre,State Dryland Ag Guidelines,2024-2025
wood apple,Kharif,Punjab,19511,1200,3200,9375,2016,2420,1300,19511,INR/Acre,State Dryland Ag Guidelines,2024-2025
wood apple,Kharif,Kerala,19863,1200,3200,10125,1530,2508,1300,19863,INR/Acre,State Dryland Ag Guidelines,2024-2025
wood apple,Kharif,Odisha,15978,1200,3200,6600,1584,2094,1300,15978,INR/Acre,State Dryland Ag Guidelines,2024-2025
wood apple,Kharif,Assam,16708,1200,3200,7350,1476,2182,1300,16708,INR/Acre,State Dryland Ag Guidelines,2024-2025
wood apple,Rabi,Maharashtra,18356,1272,3392,8100,1944,2270,1378,18356,INR/Acre,State Dryland Ag Guidelines,2024-2025
wood apple,Rabi,Andhra Pradesh,18470,1272,3392,8250,1890,2288,1378,18470,INR/Acre,State Dryland Ag Guidelines,2024-2025
wood apple,Rabi,Telangana,18470,1272,3392,8250,1890,2288,1378,18470,INR/Acre,State Dryland Ag Guidelines,2024-2025
wood apple,Rabi,Karnataka,18470,1272,3392,8250,1890,2288,1378,18470,INR/Acre,State Dryland Ag Guidelines,2024-2025
wood apple,Rabi,Tamil Nadu,18728,1272,3392,8400,1980,2306,1378,18728,INR/Acre,State Dryland Ag Guidelines,2024-2025
wood apple,Rabi,Gujarat,18315,1272,3392,7950,2070,2253,1378,18315,INR/Acre,State Dryland Ag Guidelines,2024-2025
wood apple,Rabi,Madhya Pradesh,16872,1272,3392,6900,1800,2130,1378,16872,INR/Acre,State Dryland Ag Guidelines,2024-2025
wood apple,Rabi,West Bengal,17272,1272,3392,7500,1530,2200,1378,17272,INR/Acre,State Dryland Ag Guidelines,2024-2025
wood apple,Rabi,Bihar,16356,1272,3392,6600,1620,2094,1378,16356,INR/Acre,State Dryland Ag Guidelines,2024-2025
wood apple,Rabi,Uttar Pradesh,16872,1272,3392,6900,1800,2130,1378,16872,INR/Acre,State Dryland Ag Guidelines,2024-2025
wood apple,Rabi,Punjab,19853,1272,3392,9375,2016,2420,1378,19853,INR/Acre,State Dryland Ag Guidelines,2024-2025
wood apple,Rabi,Kerala,20205,1272,3392,10125,1530,2508,1378,20205,INR/Acre,State Dryland Ag Guidelines,2024-2025
wood apple,Rabi,Odisha,16320,1272,3392,6600,1584,2094,1378,16320,INR/Acre,State Dryland Ag Guidelines,2024-2025
wood apple,Rabi,Assam,17050,1272,3392,7350,1476,2182,1378,17050,INR/Acre,State Dryland Ag Guidelines,2024-2025
wood apple,Zaid,Maharashtra,18795,1344,3584,8100,2041,2270,1456,18795,INR/Acre,State Dryland Ag Guidelines,2024-2025
wood apple,Zaid,Andhra Pradesh,18906,1344,3584,8250,1984,2288,1456,18906,INR/Acre,State Dryland Ag Guidelines,2024-2025
wood apple,Zaid,Telangana,18906,1344,3584,8250,1984,2288,1456,18906,INR/Acre,State Dryland Ag Guidelines,2024-2025
wood apple,Zaid,Karnataka,18906,1344,3584,8250,1984,2288,1456,18906,INR/Acre,State Dryland Ag Guidelines,2024-2025
wood apple,Zaid,Tamil Nadu,19169,1344,3584,8400,2079,2306,1456,19169,INR/Acre,State Dryland Ag Guidelines,2024-2025
wood apple,Zaid,Gujarat,18761,1344,3584,7950,2174,2253,1456,18761,INR/Acre,State Dryland Ag Guidelines,2024-2025
wood apple,Zaid,Madhya Pradesh,17304,1344,3584,6900,1890,2130,1456,17304,INR/Acre,State Dryland Ag Guidelines,2024-2025
wood apple,Zaid,West Bengal,17690,1344,3584,7500,1606,2200,1456,17690,INR/Acre,State Dryland Ag Guidelines,2024-2025
wood apple,Zaid,Bihar,16779,1344,3584,6600,1701,2094,1456,16779,INR/Acre,State Dryland Ag Guidelines,2024-2025
wood apple,Zaid,Uttar Pradesh,17304,1344,3584,6900,1890,2130,1456,17304,INR/Acre,State Dryland Ag Guidelines,2024-2025
wood apple,Zaid,Punjab,20296,1344,3584,9375,2117,2420,1456,20296,INR/Acre,State Dryland Ag Guidelines,2024-2025
wood apple,Zaid,Kerala,20623,1344,3584,10125,1606,2508,1456,20623,INR/Acre,State Dryland Ag Guidelines,2024-2025
wood apple,Zaid,Odisha,16741,1344,3584,6600,1663,2094,1456,16741,INR/Acre,State Dryland Ag Guidelines,2024-2025
wood apple,Zaid,Assam,17466,1344,3584,7350,1550,2182,1456,17466,INR/Acre,State Dryland Ag Guidelines,2024-2025
bael,Kharif,Maharashtra,19677,1500,3500,8640,2160,2477,1400,19677,INR/Acre,CISH Lucknow Cost Norms,2024-2025
bael,Kharif,Andhra Pradesh,19796,1500,3500,8800,2100,2496,1400,19796,INR/Acre,CISH Lucknow Cost Norms,2024-2025
bael,Kharif,Telangana,19796,1500,3500,8800,2100,2496,1400,19796,INR/Acre,CISH Lucknow Cost Norms,2024-2025
bael,Kharif,Karnataka,19796,1500,3500,8800,2100,2496,1400,19796,INR/Acre,CISH Lucknow Cost Norms,2024-2025
bael,Kharif,Tamil Nadu,20075,1500,3500,8960,2200,2515,1400,20075,INR/Acre,CISH Lucknow Cost Norms,2024-2025
bael,Kharif,Gujarat,19638,1500,3500,8480,2300,2458,1400,19638,INR/Acre,CISH Lucknow Cost Norms,2024-2025
bael,Kharif,Madhya Pradesh,18083,1500,3500,7360,2000,2323,1400,18083,INR/Acre,CISH Lucknow Cost Norms,2024-2025
bael,Kharif,West Bengal,18500,1500,3500,8000,1700,2400,1400,18500,INR/Acre,CISH Lucknow Cost Norms,2024-2025
bael,Kharif,Bihar,17525,1500,3500,7040,1800,2285,1400,17525,INR/Acre,CISH Lucknow Cost Norms,2024-2025
bael,Kharif,Uttar Pradesh,18083,1500,3500,7360,2000,2323,1400,18083,INR/Acre,CISH Lucknow Cost Norms,2024-2025
bael,Kharif,Punjab,21280,1500,3500,10000,2240,2640,1400,21280,INR/Acre,CISH Lucknow Cost Norms,2024-2025
bael,Kharif,Kerala,21636,1500,3500,10800,1700,2736,1400,21636,INR/Acre,CISH Lucknow Cost Norms,2024-2025
bael,Kharif,Odisha,17485,1500,3500,7040,1760,2285,1400,17485,INR/Acre,CISH Lucknow Cost Norms,2024-2025
bael,Kharif,Assam,18261,1500,3500,7840,1640,2381,1400,18261,INR/Acre,CISH Lucknow Cost Norms,2024-2025
bael,Rabi,Maharashtra,20061,1590,3710,8640,2160,2477,1484,20061,INR/Acre,CISH Lucknow Cost Norms,2024-2025
bael,Rabi,Andhra Pradesh,20180,1590,3710,8800,2100,2496,1484,20180,INR/Acre,CISH Lucknow Cost Norms,2024-2025
bael,Rabi,Telangana,20180,1590,3710,8800,2100,2496,1484,20180,INR/Acre,CISH Lucknow Cost Norms,2024-2025
bael,Rabi,Karnataka,20180,1590,3710,8800,2100,2496,1484,20180,INR/Acre,CISH Lucknow Cost Norms,2024-2025
bael,Rabi,Tamil Nadu,20459,1590,3710,8960,2200,2515,1484,20459,INR/Acre,CISH Lucknow Cost Norms,2024-2025
bael,Rabi,Gujarat,20022,1590,3710,8480,2300,2458,1484,20022,INR/Acre,CISH Lucknow Cost Norms,2024-2025
bael,Rabi,Madhya Pradesh,18467,1590,3710,7360,2000,2323,1484,18467,INR/Acre,CISH Lucknow Cost Norms,2024-2025
bael,Rabi,West Bengal,18884,1590,3710,8000,1700,2400,1484,18884,INR/Acre,CISH Lucknow Cost Norms,2024-2025
bael,Rabi,Bihar,17909,1590,3710,7040,1800,2285,1484,17909,INR/Acre,CISH Lucknow Cost Norms,2024-2025
bael,Rabi,Uttar Pradesh,18467,1590,3710,7360,2000,2323,1484,18467,INR/Acre,CISH Lucknow Cost Norms,2024-2025
bael,Rabi,Punjab,21664,1590,3710,10000,2240,2640,1484,21664,INR/Acre,CISH Lucknow Cost Norms,2024-2025
bael,Rabi,Kerala,22020,1590,3710,10800,1700,2736,1484,22020,INR/Acre,CISH Lucknow Cost Norms,2024-2025
bael,Rabi,Odisha,17869,1590,3710,7040,1760,2285,1484,17869,INR/Acre,CISH Lucknow Cost Norms,2024-2025
bael,Rabi,Assam,18645,1590,3710,7840,1640,2381,1484,18645,INR/Acre,CISH Lucknow Cost Norms,2024-2025
bael,Zaid,Maharashtra,20553,1680,3920,8640,2268,2477,1568,20553,INR/Acre,CISH Lucknow Cost Norms,2024-2025
bael,Zaid,Andhra Pradesh,20669,1680,3920,8800,2205,2496,1568,20669,INR/Acre,CISH Lucknow Cost Norms,2024-2025
bael,Zaid,Telangana,20669,1680,3920,8800,2205,2496,1568,20669,INR/Acre,CISH Lucknow Cost Norms,2024-2025
bael,Zaid,Karnataka,20669,1680,3920,8800,2205,2496,1568,20669,INR/Acre,CISH Lucknow Cost Norms,2024-2025
bael,Zaid,Tamil Nadu,20953,1680,3920,8960,2310,2515,1568,20953,INR/Acre,CISH Lucknow Cost Norms,2024-2025
bael,Zaid,Gujarat,20521,1680,3920,8480,2415,2458,1568,20521,INR/Acre,CISH Lucknow Cost Norms,2024-2025
bael,Zaid,Madhya Pradesh,18951,1680,3920,7360,2100,2323,1568,18951,INR/Acre,CISH Lucknow Cost Norms,2024-2025
bael,Zaid,West Bengal,19353,1680,3920,8000,1785,2400,1568,19353,INR/Acre,CISH Lucknow Cost Norms,2024-2025
bael,Zaid,Bihar,18383,1680,3920,7040,1890,2285,1568,18383,INR/Acre,CISH Lucknow Cost Norms,2024-2025
bael,Zaid,Uttar Pradesh,18951,1680,3920,7360,2100,2323,1568,18951,INR/Acre,CISH Lucknow Cost Norms,2024-2025
bael,Zaid,Punjab,22160,1680,3920,10000,2352,2640,1568,22160,INR/Acre,CISH Lucknow Cost Norms,2024-2025
bael,Zaid,Kerala,22489,1680,3920,10800,1785,2736,1568,22489,INR/Acre,CISH Lucknow Cost Norms,2024-2025
bael,Zaid,Odisha,18341,1680,3920,7040,1848,2285,1568,18341,INR/Acre,CISH Lucknow Cost Norms,2024-2025
bael,Zaid,Assam,19111,1680,3920,7840,1722,2381,1568,19111,INR/Acre,CISH Lucknow Cost Norms,2024-2025
jackfruit,Kharif,Maharashtra,20720,1500,3800,9180,2160,2580,1500,20720,INR/Acre,TNAU & KAU Fruit Guidelines,2024-2025
jackfruit,Kharif,Andhra Pradesh,20850,1500,3800,9350,2100,2600,1500,20850,INR/Acre,TNAU & KAU Fruit Guidelines,2024-2025
jackfruit,Kharif,Telangana,20850,1500,3800,9350,2100,2600,1500,20850,INR/Acre,TNAU & KAU Fruit Guidelines,2024-2025
jackfruit,Kharif,Karnataka,20850,1500,3800,9350,2100,2600,1500,20850,INR/Acre,TNAU & KAU Fruit Guidelines,2024-2025
jackfruit,Kharif,Tamil Nadu,21140,1500,3800,9520,2200,2620,1500,21140,INR/Acre,TNAU & KAU Fruit Guidelines,2024-2025
jackfruit,Kharif,Gujarat,20670,1500,3800,9010,2300,2560,1500,20670,INR/Acre,TNAU & KAU Fruit Guidelines,2024-2025
jackfruit,Kharif,Madhya Pradesh,19040,1500,3800,7820,2000,2420,1500,19040,INR/Acre,TNAU & KAU Fruit Guidelines,2024-2025
jackfruit,Kharif,West Bengal,19500,1500,3800,8500,1700,2500,1500,19500,INR/Acre,TNAU & KAU Fruit Guidelines,2024-2025
jackfruit,Kharif,Bihar,18460,1500,3800,7480,1800,2380,1500,18460,INR/Acre,TNAU & KAU Fruit Guidelines,2024-2025
jackfruit,Kharif,Uttar Pradesh,19040,1500,3800,7820,2000,2420,1500,19040,INR/Acre,TNAU & KAU Fruit Guidelines,2024-2025
jackfruit,Kharif,Punjab,22415,1500,3800,10625,2240,2750,1500,22415,INR/Acre,TNAU & KAU Fruit Guidelines,2024-2025
jackfruit,Kharif,Kerala,22825,1500,3800,11475,1700,2850,1500,22825,INR/Acre,TNAU & KAU Fruit Guidelines,2024-2025
jackfruit,Kharif,Odisha,18420,1500,3800,7480,1760,2380,1500,18420,INR/Acre,TNAU & KAU Fruit Guidelines,2024-2025
jackfruit,Kharif,Assam,19250,1500,3800,8330,1640,2480,1500,19250,INR/Acre,TNAU & KAU Fruit Guidelines,2024-2025
jackfruit,Rabi,Maharashtra,21128,1590,4028,9180,2160,2580,1590,21128,INR/Acre,TNAU & KAU Fruit Guidelines,2024-2025
jackfruit,Rabi,Andhra Pradesh,21258,1590,4028,9350,2100,2600,1590,21258,INR/Acre,TNAU & KAU Fruit Guidelines,2024-2025
jackfruit,Rabi,Telangana,21258,1590,4028,9350,2100,2600,1590,21258,INR/Acre,TNAU & KAU Fruit Guidelines,2024-2025
jackfruit,Rabi,Karnataka,21258,1590,4028,9350,2100,2600,1590,21258,INR/Acre,TNAU & KAU Fruit Guidelines,2024-2025
jackfruit,Rabi,Tamil Nadu,21548,1590,4028,9520,2200,2620,1590,21548,INR/Acre,TNAU & KAU Fruit Guidelines,2024-2025
jackfruit,Rabi,Gujarat,21078,1590,4028,9010,2300,2560,1590,21078,INR/Acre,TNAU & KAU Fruit Guidelines,2024-2025
jackfruit,Rabi,Madhya Pradesh,19448,1590,4028,7820,2000,2420,1590,19448,INR/Acre,TNAU & KAU Fruit Guidelines,2024-2025
jackfruit,Rabi,West Bengal,19908,1590,4028,8500,1700,2500,1590,19908,INR/Acre,TNAU & KAU Fruit Guidelines,2024-2025
jackfruit,Rabi,Bihar,18868,1590,4028,7480,1800,2380,1590,18868,INR/Acre,TNAU & KAU Fruit Guidelines,2024-2025
jackfruit,Rabi,Uttar Pradesh,19448,1590,4028,7820,2000,2420,1590,19448,INR/Acre,TNAU & KAU Fruit Guidelines,2024-2025
jackfruit,Rabi,Punjab,22823,1590,4028,10625,2240,2750,1590,22823,INR/Acre,TNAU & KAU Fruit Guidelines,2024-2025
jackfruit,Rabi,Kerala,23233,1590,4028,11475,1700,2850,1590,23233,INR/Acre,TNAU & KAU Fruit Guidelines,2024-2025
jackfruit,Rabi,Odisha,18828,1590,4028,7480,1760,2380,1590,18828,INR/Acre,TNAU & KAU Fruit Guidelines,2024-2025
jackfruit,Rabi,Assam,19658,1590,4028,8330,1640,2480,1590,19658,INR/Acre,TNAU & KAU Fruit Guidelines,2024-2025
jackfruit,Zaid,Maharashtra,21644,1680,4256,9180,2268,2580,1680,21644,INR/Acre,TNAU & KAU Fruit Guidelines,2024-2025
jackfruit,Zaid,Andhra Pradesh,21771,1680,4256,9350,2205,2600,1680,21771,INR/Acre,TNAU & KAU Fruit Guidelines,2024-2025
jackfruit,Zaid,Telangana,21771,1680,4256,9350,2205,2600,1680,21771,INR/Acre,TNAU & KAU Fruit Guidelines,2024-2025
jackfruit,Zaid,Karnataka,21771,1680,4256,9350,2205,2600,1680,21771,INR/Acre,TNAU & KAU Fruit Guidelines,2024-2025
jackfruit,Zaid,Tamil Nadu,22066,1680,4256,9520,2310,2620,1680,22066,INR/Acre,TNAU & KAU Fruit Guidelines,2024-2025
jackfruit,Zaid,Gujarat,21601,1680,4256,9010,2415,2560,1680,21601,INR/Acre,TNAU & KAU Fruit Guidelines,2024-2025
jackfruit,Zaid,Madhya Pradesh,19956,1680,4256,7820,2100,2420,1680,19956,INR/Acre,TNAU & KAU Fruit Guidelines,2024-2025
jackfruit,Zaid,West Bengal,20401,1680,4256,8500,1785,2500,1680,20401,INR/Acre,TNAU & KAU Fruit Guidelines,2024-2025
jackfruit,Zaid,Bihar,19366,1680,4256,7480,1890,2380,1680,19366,INR/Acre,TNAU & KAU Fruit Guidelines,2024-2025
jackfruit,Zaid,Uttar Pradesh,19956,1680,4256,7820,2100,2420,1680,19956,INR/Acre,TNAU & KAU Fruit Guidelines,2024-2025
jackfruit,Zaid,Punjab,23343,1680,4256,10625,2352,2750,1680,23343,INR/Acre,TNAU & KAU Fruit Guidelines,2024-2025
jackfruit,Zaid,Kerala,23726,1680,4256,11475,1785,2850,1680,23726,INR/Acre,TNAU & KAU Fruit Guidelines,2024-2025
jackfruit,Zaid,Odisha,19324,1680,4256,7480,1848,2380,1680,19324,INR/Acre,TNAU & KAU Fruit Guidelines,2024-2025
jackfruit,Zaid,Assam,20148,1680,4256,8330,1722,2480,1680,20148,INR/Acre,TNAU & KAU Fruit Guidelines,2024-2025
breadfruit,Kharif,Maharashtra,22179,1800,4000,9720,2376,2683,1600,22179,INR/Acre,KAU Kerala Guidelines,2024-2025
breadfruit,Kharif,Andhra Pradesh,22314,1800,4000,9900,2310,2704,1600,22314,INR/Acre,KAU Kerala Guidelines,2024-2025
breadfruit,Kharif,Telangana,22314,1800,4000,9900,2310,2704,1600,22314,INR/Acre,KAU Kerala Guidelines,2024-2025
breadfruit,Kharif,Karnataka,22314,1800,4000,9900,2310,2704,1600,22314,INR/Acre,KAU Kerala Guidelines,2024-2025
breadfruit,Kharif,Tamil Nadu,22625,1800,4000,10080,2420,2725,1600,22625,INR/Acre,KAU Kerala Guidelines,2024-2025
breadfruit,Kharif,Gujarat,22132,1800,4000,9540,2530,2662,1600,22132,INR/Acre,KAU Kerala Guidelines,2024-2025
breadfruit,Kharif,Madhya Pradesh,20397,1800,4000,8280,2200,2517,1600,20397,INR/Acre,KAU Kerala Guidelines,2024-2025
breadfruit,Kharif,West Bengal,20870,1800,4000,9000,1870,2600,1600,20870,INR/Acre,KAU Kerala Guidelines,2024-2025
breadfruit,Kharif,Bihar,19775,1800,4000,7920,1980,2475,1600,19775,INR/Acre,KAU Kerala Guidelines,2024-2025
breadfruit,Kharif,Uttar Pradesh,20397,1800,4000,8280,2200,2517,1600,20397,INR/Acre,KAU Kerala Guidelines,2024-2025
breadfruit,Kharif,Punjab,23974,1800,4000,11250,2464,2860,1600,23974,INR/Acre,KAU Kerala Guidelines,2024-2025
breadfruit,Kharif,Kerala,24384,1800,4000,12150,1870,2964,1600,24384,INR/Acre,KAU Kerala Guidelines,2024-2025
breadfruit,Kharif,Odisha,19731,1800,4000,7920,1936,2475,1600,19731,INR/Acre,KAU Kerala Guidelines,2024-2025
breadfruit,Kharif,Assam,20603,1800,4000,8820,1804,2579,1600,20603,INR/Acre,KAU Kerala Guidelines,2024-2025
breadfruit,Rabi,Maharashtra,22623,1908,4240,9720,2376,2683,1696,22623,INR/Acre,KAU Kerala Guidelines,2024-2025
breadfruit,Rabi,Andhra Pradesh,22758,1908,4240,9900,2310,2704,1696,22758,INR/Acre,KAU Kerala Guidelines,2024-2025
breadfruit,Rabi,Telangana,22758,1908,4240,9900,2310,2704,1696,22758,INR/Acre,KAU Kerala Guidelines,2024-2025
breadfruit,Rabi,Karnataka,22758,1908,4240,9900,2310,2704,1696,22758,INR/Acre,KAU Kerala Guidelines,2024-2025
breadfruit,Rabi,Tamil Nadu,23069,1908,4240,10080,2420,2725,1696,23069,INR/Acre,KAU Kerala Guidelines,2024-2025
breadfruit,Rabi,Gujarat,22576,1908,4240,9540,2530,2662,1696,22576,INR/Acre,KAU Kerala Guidelines,2024-2025
breadfruit,Rabi,Madhya Pradesh,20841,1908,4240,8280,2200,2517,1696,20841,INR/Acre,KAU Kerala Guidelines,2024-2025
breadfruit,Rabi,West Bengal,21314,1908,4240,9000,1870,2600,1696,21314,INR/Acre,KAU Kerala Guidelines,2024-2025
breadfruit,Rabi,Bihar,20219,1908,4240,7920,1980,2475,1696,20219,INR/Acre,KAU Kerala Guidelines,2024-2025
breadfruit,Rabi,Uttar Pradesh,20841,1908,4240,8280,2200,2517,1696,20841,INR/Acre,KAU Kerala Guidelines,2024-2025
breadfruit,Rabi,Punjab,24418,1908,4240,11250,2464,2860,1696,24418,INR/Acre,KAU Kerala Guidelines,2024-2025
breadfruit,Rabi,Kerala,24828,1908,4240,12150,1870,2964,1696,24828,INR/Acre,KAU Kerala Guidelines,2024-2025
breadfruit,Rabi,Odisha,20175,1908,4240,7920,1936,2475,1696,20175,INR/Acre,KAU Kerala Guidelines,2024-2025
breadfruit,Rabi,Assam,21047,1908,4240,8820,1804,2579,1696,21047,INR/Acre,KAU Kerala Guidelines,2024-2025
breadfruit,Zaid,Maharashtra,23186,2016,4480,9720,2495,2683,1792,23186,INR/Acre,KAU Kerala Guidelines,2024-2025
breadfruit,Zaid,Andhra Pradesh,23318,2016,4480,9900,2426,2704,1792,23318,INR/Acre,KAU Kerala Guidelines,2024-2025
breadfruit,Zaid,Telangana,23318,2016,4480,9900,2426,2704,1792,23318,INR/Acre,KAU Kerala Guidelines,2024-2025
breadfruit,Zaid,Karnataka,23318,2016,4480,9900,2426,2704,1792,23318,INR/Acre,KAU Kerala Guidelines,2024-2025
breadfruit,Zaid,Tamil Nadu,23634,2016,4480,10080,2541,2725,1792,23634,INR/Acre,KAU Kerala Guidelines,2024-2025
breadfruit,Zaid,Gujarat,23146,2016,4480,9540,2656,2662,1792,23146,INR/Acre,KAU Kerala Guidelines,2024-2025
breadfruit,Zaid,Madhya Pradesh,21395,2016,4480,8280,2310,2517,1792,21395,INR/Acre,KAU Kerala Guidelines,2024-2025
breadfruit,Zaid,West Bengal,21852,2016,4480,9000,1964,2600,1792,21852,INR/Acre,KAU Kerala Guidelines,2024-2025
breadfruit,Zaid,Bihar,20762,2016,4480,7920,2079,2475,1792,20762,INR/Acre,KAU Kerala Guidelines,2024-2025
breadfruit,Zaid,Uttar Pradesh,21395,2016,4480,8280,2310,2517,1792,21395,INR/Acre,KAU Kerala Guidelines,2024-2025
breadfruit,Zaid,Punjab,24985,2016,4480,11250,2587,2860,1792,24985,INR/Acre,KAU Kerala Guidelines,2024-2025
breadfruit,Zaid,Kerala,25366,2016,4480,12150,1964,2964,1792,25366,INR/Acre,KAU Kerala Guidelines,2024-2025
breadfruit,Zaid,Odisha,20716,2016,4480,7920,2033,2475,1792,20716,INR/Acre,KAU Kerala Guidelines,2024-2025
breadfruit,Zaid,Assam,21581,2016,4480,8820,1894,2579,1792,21581,INR/Acre,KAU Kerala Guidelines,2024-2025
lychee,Kharif,Maharashtra,35446,3000,6500,15120,4104,3922,2800,35446,INR/Acre,NRCL Muzaffarpur & NHB Guidelines,2024-2025
lychee,Kharif,Andhra Pradesh,35642,3000,6500,15400,3990,3952,2800,35642,INR/Acre,NRCL Muzaffarpur & NHB Guidelines,2024-2025
lychee,Kharif,Telangana,35642,3000,6500,15400,3990,3952,2800,35642,INR/Acre,NRCL Muzaffarpur & NHB Guidelines,2024-2025
lychee,Kharif,Karnataka,35642,3000,6500,15400,3990,3952,2800,35642,INR/Acre,NRCL Muzaffarpur & NHB Guidelines,2024-2025
lychee,Kharif,Tamil Nadu,36142,3000,6500,15680,4180,3982,2800,36142,INR/Acre,NRCL Muzaffarpur & NHB Guidelines,2024-2025
lychee,Kharif,Gujarat,35401,3000,6500,14840,4370,3891,2800,35401,INR/Acre,NRCL Muzaffarpur & NHB Guidelines,2024-2025
lychee,Kharif,Madhya Pradesh,32658,3000,6500,12880,3800,3678,2800,32658,INR/Acre,NRCL Muzaffarpur & NHB Guidelines,2024-2025
lychee,Kharif,West Bengal,33330,3000,6500,14000,3230,3800,2800,33330,INR/Acre,NRCL Muzaffarpur & NHB Guidelines,2024-2025
lychee,Kharif,Bihar,31658,3000,6500,12320,3420,3618,2800,31658,INR/Acre,NRCL Muzaffarpur & NHB Guidelines,2024-2025
lychee,Kharif,Uttar Pradesh,32658,3000,6500,12880,3800,3678,2800,32658,INR/Acre,NRCL Muzaffarpur & NHB Guidelines,2024-2025
lychee,Kharif,Punjab,38236,3000,6500,17500,4256,4180,2800,38236,INR/Acre,NRCL Muzaffarpur & NHB Guidelines,2024-2025
lychee,Kharif,Kerala,38762,3000,6500,18900,3230,4332,2800,38762,INR/Acre,NRCL Muzaffarpur & NHB Guidelines,2024-2025
lychee,Kharif,Odisha,31582,3000,6500,12320,3344,3618,2800,31582,INR/Acre,NRCL Muzaffarpur & NHB Guidelines,2024-2025
lychee,Kharif,Assam,32906,3000,6500,13720,3116,3770,2800,32906,INR/Acre,NRCL Muzaffarpur & NHB Guidelines,2024-2025
lychee,Rabi,Maharashtra,36184,3180,6890,15120,4104,3922,2968,36184,INR/Acre,NRCL Muzaffarpur & NHB Guidelines,2024-2025
lychee,Rabi,Andhra Pradesh,36380,3180,6890,15400,3990,3952,2968,36380,INR/Acre,NRCL Muzaffarpur & NHB Guidelines,2024-2025
lychee,Rabi,Telangana,36380,3180,6890,15400,3990,3952,2968,36380,INR/Acre,NRCL Muzaffarpur & NHB Guidelines,2024-2025
lychee,Rabi,Karnataka,36380,3180,6890,15400,3990,3952,2968,36380,INR/Acre,NRCL Muzaffarpur & NHB Guidelines,2024-2025
lychee,Rabi,Tamil Nadu,36880,3180,6890,15680,4180,3982,2968,36880,INR/Acre,NRCL Muzaffarpur & NHB Guidelines,2024-2025
lychee,Rabi,Gujarat,36139,3180,6890,14840,4370,3891,2968,36139,INR/Acre,NRCL Muzaffarpur & NHB Guidelines,2024-2025
lychee,Rabi,Madhya Pradesh,33396,3180,6890,12880,3800,3678,2968,33396,INR/Acre,NRCL Muzaffarpur & NHB Guidelines,2024-2025
lychee,Rabi,West Bengal,34068,3180,6890,14000,3230,3800,2968,34068,INR/Acre,NRCL Muzaffarpur & NHB Guidelines,2024-2025
lychee,Rabi,Bihar,32396,3180,6890,12320,3420,3618,2968,32396,INR/Acre,NRCL Muzaffarpur & NHB Guidelines,2024-2025
lychee,Rabi,Uttar Pradesh,33396,3180,6890,12880,3800,3678,2968,33396,INR/Acre,NRCL Muzaffarpur & NHB Guidelines,2024-2025
lychee,Rabi,Punjab,38974,3180,6890,17500,4256,4180,2968,38974,INR/Acre,NRCL Muzaffarpur & NHB Guidelines,2024-2025
lychee,Rabi,Kerala,39500,3180,6890,18900,3230,4332,2968,39500,INR/Acre,NRCL Muzaffarpur & NHB Guidelines,2024-2025
lychee,Rabi,Odisha,32320,3180,6890,12320,3344,3618,2968,32320,INR/Acre,NRCL Muzaffarpur & NHB Guidelines,2024-2025
lychee,Rabi,Assam,33644,3180,6890,13720,3116,3770,2968,33644,INR/Acre,NRCL Muzaffarpur & NHB Guidelines,2024-2025
lychee,Zaid,Maharashtra,37127,3360,7280,15120,4309,3922,3136,37127,INR/Acre,NRCL Muzaffarpur & NHB Guidelines,2024-2025
lychee,Zaid,Andhra Pradesh,37318,3360,7280,15400,4190,3952,3136,37318,INR/Acre,NRCL Muzaffarpur & NHB Guidelines,2024-2025
lychee,Zaid,Telangana,37318,3360,7280,15400,4190,3952,3136,37318,INR/Acre,NRCL Muzaffarpur & NHB Guidelines,2024-2025
lychee,Zaid,Karnataka,37318,3360,7280,15400,4190,3952,3136,37318,INR/Acre,NRCL Muzaffarpur & NHB Guidelines,2024-2025
lychee,Zaid,Tamil Nadu,37827,3360,7280,15680,4389,3982,3136,37827,INR/Acre,NRCL Muzaffarpur & NHB Guidelines,2024-2025
lychee,Zaid,Gujarat,37095,3360,7280,14840,4588,3891,3136,37095,INR/Acre,NRCL Muzaffarpur & NHB Guidelines,2024-2025
lychee,Zaid,Madhya Pradesh,34324,3360,7280,12880,3990,3678,3136,34324,INR/Acre,NRCL Muzaffarpur & NHB Guidelines,2024-2025
lychee,Zaid,West Bengal,34968,3360,7280,14000,3392,3800,3136,34968,INR/Acre,NRCL Muzaffarpur & NHB Guidelines,2024-2025
lychee,Zaid,Bihar,33305,3360,7280,12320,3591,3618,3136,33305,INR/Acre,NRCL Muzaffarpur & NHB Guidelines,2024-2025
lychee,Zaid,Uttar Pradesh,34324,3360,7280,12880,3990,3678,3136,34324,INR/Acre,NRCL Muzaffarpur & NHB Guidelines,2024-2025
lychee,Zaid,Punjab,39925,3360,7280,17500,4469,4180,3136,39925,INR/Acre,NRCL Muzaffarpur & NHB Guidelines,2024-2025
lychee,Zaid,Kerala,40400,3360,7280,18900,3392,4332,3136,40400,INR/Acre,NRCL Muzaffarpur & NHB Guidelines,2024-2025
lychee,Zaid,Odisha,33225,3360,7280,12320,3511,3618,3136,33225,INR/Acre,NRCL Muzaffarpur & NHB Guidelines,2024-2025
lychee,Zaid,Assam,34538,3360,7280,13720,3272,3770,3136,34538,INR/Acre,NRCL Muzaffarpur & NHB Guidelines,2024-2025
longan,Kharif,Maharashtra,30328,2500,5500,12960,3456,3612,2300,30328,INR/Acre,State Horticulture Guidelines,2024-2025
longan,Kharif,Andhra Pradesh,30500,2500,5500,13200,3360,3640,2300,30500,INR/Acre,State Horticulture Guidelines,2024-2025
longan,Kharif,Telangana,30500,2500,5500,13200,3360,3640,2300,30500,INR/Acre,State Horticulture Guidelines,2024-2025
longan,Kharif,Karnataka,30500,2500,5500,13200,3360,3640,2300,30500,INR/Acre,State Horticulture Guidelines,2024-2025
longan,Kharif,Tamil Nadu,30928,2500,5500,13440,3520,3668,2300,30928,INR/Acre,State Horticulture Guidelines,2024-2025
longan,Kharif,Gujarat,30284,2500,5500,12720,3680,3584,2300,30284,INR/Acre,State Horticulture Guidelines,2024-2025
longan,Kharif,Madhya Pradesh,27928,2500,5500,11040,3200,3388,2300,27928,INR/Acre,State Horticulture Guidelines,2024-2025
longan,Kharif,West Bengal,28520,2500,5500,12000,2720,3500,2300,28520,INR/Acre,State Horticulture Guidelines,2024-2025
longan,Kharif,Bihar,27072,2500,5500,10560,2880,3332,2300,27072,INR/Acre,State Horticulture Guidelines,2024-2025
longan,Kharif,Uttar Pradesh,27928,2500,5500,11040,3200,3388,2300,27928,INR/Acre,State Horticulture Guidelines,2024-2025
longan,Kharif,Punjab,32734,2500,5500,15000,3584,3850,2300,32734,INR/Acre,State Horticulture Guidelines,2024-2025
longan,Kharif,Kerala,33210,2500,5500,16200,2720,3990,2300,33210,INR/Acre,State Horticulture Guidelines,2024-2025
longan,Kharif,Odisha,27008,2500,5500,10560,2816,3332,2300,27008,INR/Acre,State Horticulture Guidelines,2024-2025
longan,Kharif,Assam,28156,2500,5500,11760,2624,3472,2300,28156,INR/Acre,State Horticulture Guidelines,2024-2025
longan,Rabi,Maharashtra,30946,2650,5830,12960,3456,3612,2438,30946,INR/Acre,State Horticulture Guidelines,2024-2025
longan,Rabi,Andhra Pradesh,31118,2650,5830,13200,3360,3640,2438,31118,INR/Acre,State Horticulture Guidelines,2024-2025
longan,Rabi,Telangana,31118,2650,5830,13200,3360,3640,2438,31118,INR/Acre,State Horticulture Guidelines,2024-2025
longan,Rabi,Karnataka,31118,2650,5830,13200,3360,3640,2438,31118,INR/Acre,State Horticulture Guidelines,2024-2025
longan,Rabi,Tamil Nadu,31546,2650,5830,13440,3520,3668,2438,31546,INR/Acre,State Horticulture Guidelines,2024-2025
longan,Rabi,Gujarat,30902,2650,5830,12720,3680,3584,2438,30902,INR/Acre,State Horticulture Guidelines,2024-2025
longan,Rabi,Madhya Pradesh,28546,2650,5830,11040,3200,3388,2438,28546,INR/Acre,State Horticulture Guidelines,2024-2025
longan,Rabi,West Bengal,29138,2650,5830,12000,2720,3500,2438,29138,INR/Acre,State Horticulture Guidelines,2024-2025
longan,Rabi,Bihar,27690,2650,5830,10560,2880,3332,2438,27690,INR/Acre,State Horticulture Guidelines,2024-2025
longan,Rabi,Uttar Pradesh,28546,2650,5830,11040,3200,3388,2438,28546,INR/Acre,State Horticulture Guidelines,2024-2025
longan,Rabi,Punjab,33352,2650,5830,15000,3584,3850,2438,33352,INR/Acre,State Horticulture Guidelines,2024-2025
longan,Rabi,Kerala,33828,2650,5830,16200,2720,3990,2438,33828,INR/Acre,State Horticulture Guidelines,2024-2025
longan,Rabi,Odisha,27626,2650,5830,10560,2816,3332,2438,27626,INR/Acre,State Horticulture Guidelines,2024-2025
longan,Rabi,Assam,28774,2650,5830,11760,2624,3472,2438,28774,INR/Acre,State Horticulture Guidelines,2024-2025
longan,Zaid,Maharashtra,31737,2800,6160,12960,3629,3612,2576,31737,INR/Acre,State Horticulture Guidelines,2024-2025
longan,Zaid,Andhra Pradesh,31904,2800,6160,13200,3528,3640,2576,31904,INR/Acre,State Horticulture Guidelines,2024-2025
longan,Zaid,Telangana,31904,2800,6160,13200,3528,3640,2576,31904,INR/Acre,State Horticulture Guidelines,2024-2025
longan,Zaid,Karnataka,31904,2800,6160,13200,3528,3640,2576,31904,INR/Acre,State Horticulture Guidelines,2024-2025
longan,Zaid,Tamil Nadu,32340,2800,6160,13440,3696,3668,2576,32340,INR/Acre,State Horticulture Guidelines,2024-2025
longan,Zaid,Gujarat,31704,2800,6160,12720,3864,3584,2576,31704,INR/Acre,State Horticulture Guidelines,2024-2025
longan,Zaid,Madhya Pradesh,29324,2800,6160,11040,3360,3388,2576,29324,INR/Acre,State Horticulture Guidelines,2024-2025
longan,Zaid,West Bengal,29892,2800,6160,12000,2856,3500,2576,29892,INR/Acre,State Horticulture Guidelines,2024-2025
longan,Zaid,Bihar,28452,2800,6160,10560,3024,3332,2576,28452,INR/Acre,State Horticulture Guidelines,2024-2025
longan,Zaid,Uttar Pradesh,29324,2800,6160,11040,3360,3388,2576,29324,INR/Acre,State Horticulture Guidelines,2024-2025
longan,Zaid,Punjab,34149,2800,6160,15000,3763,3850,2576,34149,INR/Acre,State Horticulture Guidelines,2024-2025
longan,Zaid,Kerala,34582,2800,6160,16200,2856,3990,2576,34582,INR/Acre,State Horticulture Guidelines,2024-2025
longan,Zaid,Odisha,28385,2800,6160,10560,2957,3332,2576,28385,INR/Acre,State Horticulture Guidelines,2024-2025
longan,Zaid,Assam,29523,2800,6160,11760,2755,3472,2576,29523,INR/Acre,State Horticulture Guidelines,2024-2025
rambutan,Kharif,Maharashtra,34872,3500,6800,14580,3780,3612,2600,34872,INR/Acre,KAU Kerala Fruit Norms,2024-2025
rambutan,Kharif,Andhra Pradesh,35065,3500,6800,14850,3675,3640,2600,35065,INR/Acre,KAU Kerala Fruit Norms,2024-2025
rambutan,Kharif,Telangana,35065,3500,6800,14850,3675,3640,2600,35065,INR/Acre,KAU Kerala Fruit Norms,2024-2025
rambutan,Kharif,Karnataka,35065,3500,6800,14850,3675,3640,2600,35065,INR/Acre,KAU Kerala Fruit Norms,2024-2025
rambutan,Kharif,Tamil Nadu,35538,3500,6800,15120,3850,3668,2600,35538,INR/Acre,KAU Kerala Fruit Norms,2024-2025
rambutan,Kharif,Gujarat,34819,3500,6800,14310,4025,3584,2600,34819,INR/Acre,KAU Kerala Fruit Norms,2024-2025
rambutan,Kharif,Madhya Pradesh,32208,3500,6800,12420,3500,3388,2600,32208,INR/Acre,KAU Kerala Fruit Norms,2024-2025
rambutan,Kharif,West Bengal,32875,3500,6800,13500,2975,3500,2600,32875,INR/Acre,KAU Kerala Fruit Norms,2024-2025
rambutan,Kharif,Bihar,31262,3500,6800,11880,3150,3332,2600,31262,INR/Acre,KAU Kerala Fruit Norms,2024-2025
rambutan,Kharif,Uttar Pradesh,32208,3500,6800,12420,3500,3388,2600,32208,INR/Acre,KAU Kerala Fruit Norms,2024-2025
rambutan,Kharif,Punjab,37545,3500,6800,16875,3920,3850,2600,37545,INR/Acre,KAU Kerala Fruit Norms,2024-2025
rambutan,Kharif,Kerala,38090,3500,6800,18225,2975,3990,2600,38090,INR/Acre,KAU Kerala Fruit Norms,2024-2025
rambutan,Kharif,Odisha,31192,3500,6800,11880,3080,3332,2600,31192,INR/Acre,KAU Kerala Fruit Norms,2024-2025
rambutan,Kharif,Assam,32472,3500,6800,13230,2870,3472,2600,32472,INR/Acre,KAU Kerala Fruit Norms,2024-2025
rambutan,Rabi,Maharashtra,35646,3710,7208,14580,3780,3612,2756,35646,INR/Acre,KAU Kerala Fruit Norms,2024-2025
rambutan,Rabi,Andhra Pradesh,35839,3710,7208,14850,3675,3640,2756,35839,INR/Acre,KAU Kerala Fruit Norms,2024-2025
rambutan,Rabi,Telangana,35839,3710,7208,14850,3675,3640,2756,35839,INR/Acre,KAU Kerala Fruit Norms,2024-2025
rambutan,Rabi,Karnataka,35839,3710,7208,14850,3675,3640,2756,35839,INR/Acre,KAU Kerala Fruit Norms,2024-2025
rambutan,Rabi,Tamil Nadu,36312,3710,7208,15120,3850,3668,2756,36312,INR/Acre,KAU Kerala Fruit Norms,2024-2025
rambutan,Rabi,Gujarat,35593,3710,7208,14310,4025,3584,2756,35593,INR/Acre,KAU Kerala Fruit Norms,2024-2025
rambutan,Rabi,Madhya Pradesh,32982,3710,7208,12420,3500,3388,2756,32982,INR/Acre,KAU Kerala Fruit Norms,2024-2025
rambutan,Rabi,West Bengal,33649,3710,7208,13500,2975,3500,2756,33649,INR/Acre,KAU Kerala Fruit Norms,2024-2025
rambutan,Rabi,Bihar,32036,3710,7208,11880,3150,3332,2756,32036,INR/Acre,KAU Kerala Fruit Norms,2024-2025
rambutan,Rabi,Uttar Pradesh,32982,3710,7208,12420,3500,3388,2756,32982,INR/Acre,KAU Kerala Fruit Norms,2024-2025
rambutan,Rabi,Punjab,38319,3710,7208,16875,3920,3850,2756,38319,INR/Acre,KAU Kerala Fruit Norms,2024-2025
rambutan,Rabi,Kerala,38864,3710,7208,18225,2975,3990,2756,38864,INR/Acre,KAU Kerala Fruit Norms,2024-2025
rambutan,Rabi,Odisha,31966,3710,7208,11880,3080,3332,2756,31966,INR/Acre,KAU Kerala Fruit Norms,2024-2025
rambutan,Rabi,Assam,33246,3710,7208,13230,2870,3472,2756,33246,INR/Acre,KAU Kerala Fruit Norms,2024-2025
rambutan,Zaid,Maharashtra,36609,3920,7616,14580,3969,3612,2912,36609,INR/Acre,KAU Kerala Fruit Norms,2024-2025
rambutan,Zaid,Andhra Pradesh,36797,3920,7616,14850,3859,3640,2912,36797,INR/Acre,KAU Kerala Fruit Norms,2024-2025
rambutan,Zaid,Telangana,36797,3920,7616,14850,3859,3640,2912,36797,INR/Acre,KAU Kerala Fruit Norms,2024-2025
rambutan,Zaid,Karnataka,36797,3920,7616,14850,3859,3640,2912,36797,INR/Acre,KAU Kerala Fruit Norms,2024-2025
rambutan,Zaid,Tamil Nadu,37279,3920,7616,15120,4043,3668,2912,37279,INR/Acre,KAU Kerala Fruit Norms,2024-2025
rambutan,Zaid,Gujarat,36568,3920,7616,14310,4226,3584,2912,36568,INR/Acre,KAU Kerala Fruit Norms,2024-2025
rambutan,Zaid,Madhya Pradesh,33931,3920,7616,12420,3675,3388,2912,33931,INR/Acre,KAU Kerala Fruit Norms,2024-2025
rambutan,Zaid,West Bengal,34572,3920,7616,13500,3124,3500,2912,34572,INR/Acre,KAU Kerala Fruit Norms,2024-2025
rambutan,Zaid,Bihar,32968,3920,7616,11880,3308,3332,2912,32968,INR/Acre,KAU Kerala Fruit Norms,2024-2025
rambutan,Zaid,Uttar Pradesh,33931,3920,7616,12420,3675,3388,2912,33931,INR/Acre,KAU Kerala Fruit Norms,2024-2025
rambutan,Zaid,Punjab,39289,3920,7616,16875,4116,3850,2912,39289,INR/Acre,KAU Kerala Fruit Norms,2024-2025
rambutan,Zaid,Kerala,39787,3920,7616,18225,3124,3990,2912,39787,INR/Acre,KAU Kerala Fruit Norms,2024-2025
rambutan,Zaid,Odisha,32894,3920,7616,11880,3234,3332,2912,32894,INR/Acre,KAU Kerala Fruit Norms,2024-2025
rambutan,Zaid,Assam,34164,3920,7616,13230,3014,3472,2912,34164,INR/Acre,KAU Kerala Fruit Norms,2024-2025
mangosteen,Kharif,Maharashtra,36739,4000,7000,15120,4104,3715,2800,36739,INR/Acre,KAU & TNAU Fruit Norms,2024-2025
mangosteen,Kharif,Andhra Pradesh,36934,4000,7000,15400,3990,3744,2800,36934,INR/Acre,KAU & TNAU Fruit Norms,2024-2025
mangosteen,Kharif,Telangana,36934,4000,7000,15400,3990,3744,2800,36934,INR/Acre,KAU & TNAU Fruit Norms,2024-2025
mangosteen,Kharif,Karnataka,36934,4000,7000,15400,3990,3744,2800,36934,INR/Acre,KAU & TNAU Fruit Norms,2024-2025
mangosteen,Kharif,Tamil Nadu,37433,4000,7000,15680,4180,3773,2800,37433,INR/Acre,KAU & TNAU Fruit Norms,2024-2025
mangosteen,Kharif,Gujarat,36696,4000,7000,14840,4370,3686,2800,36696,INR/Acre,KAU & TNAU Fruit Norms,2024-2025
mangosteen,Kharif,Madhya Pradesh,33965,4000,7000,12880,3800,3485,2800,33965,INR/Acre,KAU & TNAU Fruit Norms,2024-2025
mangosteen,Kharif,West Bengal,34630,4000,7000,14000,3230,3600,2800,34630,INR/Acre,KAU & TNAU Fruit Norms,2024-2025
mangosteen,Kharif,Bihar,32967,4000,7000,12320,3420,3427,2800,32967,INR/Acre,KAU & TNAU Fruit Norms,2024-2025
mangosteen,Kharif,Uttar Pradesh,33965,4000,7000,12880,3800,3485,2800,33965,INR/Acre,KAU & TNAU Fruit Norms,2024-2025
mangosteen,Kharif,Punjab,39516,4000,7000,17500,4256,3960,2800,39516,INR/Acre,KAU & TNAU Fruit Norms,2024-2025
mangosteen,Kharif,Kerala,40034,4000,7000,18900,3230,4104,2800,40034,INR/Acre,KAU & TNAU Fruit Norms,2024-2025
mangosteen,Kharif,Odisha,32891,4000,7000,12320,3344,3427,2800,32891,INR/Acre,KAU & TNAU Fruit Norms,2024-2025
mangosteen,Kharif,Assam,34207,4000,7000,13720,3116,3571,2800,34207,INR/Acre,KAU & TNAU Fruit Norms,2024-2025
mangosteen,Rabi,Maharashtra,37567,4240,7420,15120,4104,3715,2968,37567,INR/Acre,KAU & TNAU Fruit Norms,2024-2025
mangosteen,Rabi,Andhra Pradesh,37762,4240,7420,15400,3990,3744,2968,37762,INR/Acre,KAU & TNAU Fruit Norms,2024-2025
mangosteen,Rabi,Telangana,37762,4240,7420,15400,3990,3744,2968,37762,INR/Acre,KAU & TNAU Fruit Norms,2024-2025
mangosteen,Rabi,Karnataka,37762,4240,7420,15400,3990,3744,2968,37762,INR/Acre,KAU & TNAU Fruit Norms,2024-2025
mangosteen,Rabi,Tamil Nadu,38261,4240,7420,15680,4180,3773,2968,38261,INR/Acre,KAU & TNAU Fruit Norms,2024-2025
mangosteen,Rabi,Gujarat,37524,4240,7420,14840,4370,3686,2968,37524,INR/Acre,KAU & TNAU Fruit Norms,2024-2025
mangosteen,Rabi,Madhya Pradesh,34793,4240,7420,12880,3800,3485,2968,34793,INR/Acre,KAU & TNAU Fruit Norms,2024-2025
mangosteen,Rabi,West Bengal,35458,4240,7420,14000,3230,3600,2968,35458,INR/Acre,KAU & TNAU Fruit Norms,2024-2025
mangosteen,Rabi,Bihar,33795,4240,7420,12320,3420,3427,2968,33795,INR/Acre,KAU & TNAU Fruit Norms,2024-2025
mangosteen,Rabi,Uttar Pradesh,34793,4240,7420,12880,3800,3485,2968,34793,INR/Acre,KAU & TNAU Fruit Norms,2024-2025
mangosteen,Rabi,Punjab,40344,4240,7420,17500,4256,3960,2968,40344,INR/Acre,KAU & TNAU Fruit Norms,2024-2025
mangosteen,Rabi,Kerala,40862,4240,7420,18900,3230,4104,2968,40862,INR/Acre,KAU & TNAU Fruit Norms,2024-2025
mangosteen,Rabi,Odisha,33719,4240,7420,12320,3344,3427,2968,33719,INR/Acre,KAU & TNAU Fruit Norms,2024-2025
mangosteen,Rabi,Assam,35035,4240,7420,13720,3116,3571,2968,35035,INR/Acre,KAU & TNAU Fruit Norms,2024-2025
mangosteen,Zaid,Maharashtra,38600,4480,7840,15120,4309,3715,3136,38600,INR/Acre,KAU & TNAU Fruit Norms,2024-2025
mangosteen,Zaid,Andhra Pradesh,38790,4480,7840,15400,4190,3744,3136,38790,INR/Acre,KAU & TNAU Fruit Norms,2024-2025
mangosteen,Zaid,Telangana,38790,4480,7840,15400,4190,3744,3136,38790,INR/Acre,KAU & TNAU Fruit Norms,2024-2025
mangosteen,Zaid,Karnataka,38790,4480,7840,15400,4190,3744,3136,38790,INR/Acre,KAU & TNAU Fruit Norms,2024-2025
mangosteen,Zaid,Tamil Nadu,39298,4480,7840,15680,4389,3773,3136,39298,INR/Acre,KAU & TNAU Fruit Norms,2024-2025
mangosteen,Zaid,Gujarat,38570,4480,7840,14840,4588,3686,3136,38570,INR/Acre,KAU & TNAU Fruit Norms,2024-2025
mangosteen,Zaid,Madhya Pradesh,35811,4480,7840,12880,3990,3485,3136,35811,INR/Acre,KAU & TNAU Fruit Norms,2024-2025
mangosteen,Zaid,West Bengal,36448,4480,7840,14000,3392,3600,3136,36448,INR/Acre,KAU & TNAU Fruit Norms,2024-2025
mangosteen,Zaid,Bihar,34794,4480,7840,12320,3591,3427,3136,34794,INR/Acre,KAU & TNAU Fruit Norms,2024-2025
mangosteen,Zaid,Uttar Pradesh,35811,4480,7840,12880,3990,3485,3136,35811,INR/Acre,KAU & TNAU Fruit Norms,2024-2025
mangosteen,Zaid,Punjab,41385,4480,7840,17500,4469,3960,3136,41385,INR/Acre,KAU & TNAU Fruit Norms,2024-2025
mangosteen,Zaid,Kerala,41852,4480,7840,18900,3392,4104,3136,41852,INR/Acre,KAU & TNAU Fruit Norms,2024-2025
mangosteen,Zaid,Odisha,34714,4480,7840,12320,3511,3427,3136,34714,INR/Acre,KAU & TNAU Fruit Norms,2024-2025
mangosteen,Zaid,Assam,36019,4480,7840,13720,3272,3571,3136,36019,INR/Acre,KAU & TNAU Fruit Norms,2024-2025
passion fruit,Kharif,Maharashtra,34298,4500,6500,14040,3456,3302,2500,34298,INR/Acre,ICAR NEH Region Fruit Norms,2024-2025
passion fruit,Kharif,Andhra Pradesh,34488,4500,6500,14300,3360,3328,2500,34488,INR/Acre,ICAR NEH Region Fruit Norms,2024-2025
passion fruit,Kharif,Telangana,34488,4500,6500,14300,3360,3328,2500,34488,INR/Acre,ICAR NEH Region Fruit Norms,2024-2025
passion fruit,Kharif,Karnataka,34488,4500,6500,14300,3360,3328,2500,34488,INR/Acre,ICAR NEH Region Fruit Norms,2024-2025
passion fruit,Kharif,Tamil Nadu,34934,4500,6500,14560,3520,3354,2500,34934,INR/Acre,ICAR NEH Region Fruit Norms,2024-2025
passion fruit,Kharif,Gujarat,34237,4500,6500,13780,3680,3277,2500,34237,INR/Acre,ICAR NEH Region Fruit Norms,2024-2025
passion fruit,Kharif,Madhya Pradesh,31758,4500,6500,11960,3200,3098,2500,31758,INR/Acre,ICAR NEH Region Fruit Norms,2024-2025
passion fruit,Kharif,West Bengal,32420,4500,6500,13000,2720,3200,2500,32420,INR/Acre,ICAR NEH Region Fruit Norms,2024-2025
passion fruit,Kharif,Bihar,30866,4500,6500,11440,2880,3046,2500,30866,INR/Acre,ICAR NEH Region Fruit Norms,2024-2025
passion fruit,Kharif,Uttar Pradesh,31758,4500,6500,11960,3200,3098,2500,31758,INR/Acre,ICAR NEH Region Fruit Norms,2024-2025
passion fruit,Kharif,Punjab,36854,4500,6500,16250,3584,3520,2500,36854,INR/Acre,ICAR NEH Region Fruit Norms,2024-2025
passion fruit,Kharif,Kerala,37418,4500,6500,17550,2720,3648,2500,37418,INR/Acre,ICAR NEH Region Fruit Norms,2024-2025
passion fruit,Kharif,Odisha,30802,4500,6500,11440,2816,3046,2500,30802,INR/Acre,ICAR NEH Region Fruit Norms,2024-2025
passion fruit,Kharif,Assam,32038,4500,6500,12740,2624,3174,2500,32038,INR/Acre,ICAR NEH Region Fruit Norms,2024-2025
passion fruit,Rabi,Maharashtra,35108,4770,6890,14040,3456,3302,2650,35108,INR/Acre,ICAR NEH Region Fruit Norms,2024-2025
passion fruit,Rabi,Andhra Pradesh,35298,4770,6890,14300,3360,3328,2650,35298,INR/Acre,ICAR NEH Region Fruit Norms,2024-2025
passion fruit,Rabi,Telangana,35298,4770,6890,14300,3360,3328,2650,35298,INR/Acre,ICAR NEH Region Fruit Norms,2024-2025
passion fruit,Rabi,Karnataka,35298,4770,6890,14300,3360,3328,2650,35298,INR/Acre,ICAR NEH Region Fruit Norms,2024-2025
passion fruit,Rabi,Tamil Nadu,35744,4770,6890,14560,3520,3354,2650,35744,INR/Acre,ICAR NEH Region Fruit Norms,2024-2025
passion fruit,Rabi,Gujarat,35047,4770,6890,13780,3680,3277,2650,35047,INR/Acre,ICAR NEH Region Fruit Norms,2024-2025
passion fruit,Rabi,Madhya Pradesh,32568,4770,6890,11960,3200,3098,2650,32568,INR/Acre,ICAR NEH Region Fruit Norms,2024-2025
passion fruit,Rabi,West Bengal,33230,4770,6890,13000,2720,3200,2650,33230,INR/Acre,ICAR NEH Region Fruit Norms,2024-2025
passion fruit,Rabi,Bihar,31676,4770,6890,11440,2880,3046,2650,31676,INR/Acre,ICAR NEH Region Fruit Norms,2024-2025
passion fruit,Rabi,Uttar Pradesh,32568,4770,6890,11960,3200,3098,2650,32568,INR/Acre,ICAR NEH Region Fruit Norms,2024-2025
passion fruit,Rabi,Punjab,37664,4770,6890,16250,3584,3520,2650,37664,INR/Acre,ICAR NEH Region Fruit Norms,2024-2025
passion fruit,Rabi,Kerala,38228,4770,6890,17550,2720,3648,2650,38228,INR/Acre,ICAR NEH Region Fruit Norms,2024-2025
passion fruit,Rabi,Odisha,31612,4770,6890,11440,2816,3046,2650,31612,INR/Acre,ICAR NEH Region Fruit Norms,2024-2025
passion fruit,Rabi,Assam,32848,4770,6890,12740,2624,3174,2650,32848,INR/Acre,ICAR NEH Region Fruit Norms,2024-2025
passion fruit,Zaid,Maharashtra,36091,5040,7280,14040,3629,3302,2800,36091,INR/Acre,ICAR NEH Region Fruit Norms,2024-2025
passion fruit,Zaid,Andhra Pradesh,36276,5040,7280,14300,3528,3328,2800,36276,INR/Acre,ICAR NEH Region Fruit Norms,2024-2025
passion fruit,Zaid,Telangana,36276,5040,7280,14300,3528,3328,2800,36276,INR/Acre,ICAR NEH Region Fruit Norms,2024-2025
passion fruit,Zaid,Karnataka,36276,5040,7280,14300,3528,3328,2800,36276,INR/Acre,ICAR NEH Region Fruit Norms,2024-2025
passion fruit,Zaid,Tamil Nadu,36730,5040,7280,14560,3696,3354,2800,36730,INR/Acre,ICAR NEH Region Fruit Norms,2024-2025
passion fruit,Zaid,Gujarat,36041,5040,7280,13780,3864,3277,2800,36041,INR/Acre,ICAR NEH Region Fruit Norms,2024-2025
passion fruit,Zaid,Madhya Pradesh,33538,5040,7280,11960,3360,3098,2800,33538,INR/Acre,ICAR NEH Region Fruit Norms,2024-2025
passion fruit,Zaid,West Bengal,34176,5040,7280,13000,2856,3200,2800,34176,INR/Acre,ICAR NEH Region Fruit Norms,2024-2025
passion fruit,Zaid,Bihar,32630,5040,7280,11440,3024,3046,2800,32630,INR/Acre,ICAR NEH Region Fruit Norms,2024-2025
passion fruit,Zaid,Uttar Pradesh,33538,5040,7280,11960,3360,3098,2800,33538,INR/Acre,ICAR NEH Region Fruit Norms,2024-2025
passion fruit,Zaid,Punjab,38653,5040,7280,16250,3763,3520,2800,38653,INR/Acre,ICAR NEH Region Fruit Norms,2024-2025
passion fruit,Zaid,Kerala,39174,5040,7280,17550,2856,3648,2800,39174,INR/Acre,ICAR NEH Region Fruit Norms,2024-2025
passion fruit,Zaid,Odisha,32563,5040,7280,11440,2957,3046,2800,32563,INR/Acre,ICAR NEH Region Fruit Norms,2024-2025
passion fruit,Zaid,Assam,33789,5040,7280,12740,2755,3174,2800,33789,INR/Acre,ICAR NEH Region Fruit Norms,2024-2025
dragon fruit,Kharif,Maharashtra,50784,12000,8500,17280,4860,4644,3500,50784,INR/Acre,NHB High-Value Fruit Norms,2024-2025
dragon fruit,Kharif,Andhra Pradesh,51005,12000,8500,17600,4725,4680,3500,51005,INR/Acre,NHB High-Value Fruit Norms,2024-2025
dragon fruit,Kharif,Telangana,51005,12000,8500,17600,4725,4680,3500,51005,INR/Acre,NHB High-Value Fruit Norms,2024-2025
dragon fruit,Kharif,Karnataka,51005,12000,8500,17600,4725,4680,3500,51005,INR/Acre,NHB High-Value Fruit Norms,2024-2025
dragon fruit,Kharif,Tamil Nadu,51586,12000,8500,17920,4950,4716,3500,51586,INR/Acre,NHB High-Value Fruit Norms,2024-2025
dragon fruit,Kharif,Gujarat,50743,12000,8500,16960,5175,4608,3500,50743,INR/Acre,NHB High-Value Fruit Norms,2024-2025
dragon fruit,Kharif,Madhya Pradesh,47576,12000,8500,14720,4500,4356,3500,47576,INR/Acre,NHB High-Value Fruit Norms,2024-2025
dragon fruit,Kharif,West Bengal,48325,12000,8500,16000,3825,4500,3500,48325,INR/Acre,NHB High-Value Fruit Norms,2024-2025
dragon fruit,Kharif,Bihar,46414,12000,8500,14080,4050,4284,3500,46414,INR/Acre,NHB High-Value Fruit Norms,2024-2025
dragon fruit,Kharif,Uttar Pradesh,47576,12000,8500,14720,4500,4356,3500,47576,INR/Acre,NHB High-Value Fruit Norms,2024-2025
dragon fruit,Kharif,Punjab,53990,12000,8500,20000,5040,4950,3500,53990,INR/Acre,NHB High-Value Fruit Norms,2024-2025
dragon fruit,Kharif,Kerala,54555,12000,8500,21600,3825,5130,3500,54555,INR/Acre,NHB High-Value Fruit Norms,2024-2025
dragon fruit,Kharif,Odisha,46324,12000,8500,14080,3960,4284,3500,46324,INR/Acre,NHB High-Value Fruit Norms,2024-2025
dragon fruit,Kharif,Assam,47834,12000,8500,15680,3690,4464,3500,47834,INR/Acre,NHB High-Value Fruit Norms,2024-2025
dragon fruit,Rabi,Maharashtra,52224,12720,9010,17280,4860,4644,3710,52224,INR/Acre,NHB High-Value Fruit Norms,2024-2025
dragon fruit,Rabi,Andhra Pradesh,52445,12720,9010,17600,4725,4680,3710,52445,INR/Acre,NHB High-Value Fruit Norms,2024-2025
dragon fruit,Rabi,Telangana,52445,12720,9010,17600,4725,4680,3710,52445,INR/Acre,NHB High-Value Fruit Norms,2024-2025
dragon fruit,Rabi,Karnataka,52445,12720,9010,17600,4725,4680,3710,52445,INR/Acre,NHB High-Value Fruit Norms,2024-2025
dragon fruit,Rabi,Tamil Nadu,53026,12720,9010,17920,4950,4716,3710,53026,INR/Acre,NHB High-Value Fruit Norms,2024-2025
dragon fruit,Rabi,Gujarat,52183,12720,9010,16960,5175,4608,3710,52183,INR/Acre,NHB High-Value Fruit Norms,2024-2025
dragon fruit,Rabi,Madhya Pradesh,49016,12720,9010,14720,4500,4356,3710,49016,INR/Acre,NHB High-Value Fruit Norms,2024-2025
dragon fruit,Rabi,West Bengal,49765,12720,9010,16000,3825,4500,3710,49765,INR/Acre,NHB High-Value Fruit Norms,2024-2025
dragon fruit,Rabi,Bihar,47854,12720,9010,14080,4050,4284,3710,47854,INR/Acre,NHB High-Value Fruit Norms,2024-2025
dragon fruit,Rabi,Uttar Pradesh,49016,12720,9010,14720,4500,4356,3710,49016,INR/Acre,NHB High-Value Fruit Norms,2024-2025
dragon fruit,Rabi,Punjab,55430,12720,9010,20000,5040,4950,3710,55430,INR/Acre,NHB High-Value Fruit Norms,2024-2025
dragon fruit,Rabi,Kerala,55995,12720,9010,21600,3825,5130,3710,55995,INR/Acre,NHB High-Value Fruit Norms,2024-2025
dragon fruit,Rabi,Odisha,47764,12720,9010,14080,3960,4284,3710,47764,INR/Acre,NHB High-Value Fruit Norms,2024-2025
dragon fruit,Rabi,Assam,49274,12720,9010,15680,3690,4464,3710,49274,INR/Acre,NHB High-Value Fruit Norms,2024-2025
dragon fruit,Zaid,Maharashtra,53907,13440,9520,17280,5103,4644,3920,53907,INR/Acre,NHB High-Value Fruit Norms,2024-2025
dragon fruit,Zaid,Andhra Pradesh,54121,13440,9520,17600,4961,4680,3920,54121,INR/Acre,NHB High-Value Fruit Norms,2024-2025
dragon fruit,Zaid,Telangana,54121,13440,9520,17600,4961,4680,3920,54121,INR/Acre,NHB High-Value Fruit Norms,2024-2025
dragon fruit,Zaid,Karnataka,54121,13440,9520,17600,4961,4680,3920,54121,INR/Acre,NHB High-Value Fruit Norms,2024-2025
dragon fruit,Zaid,Tamil Nadu,54714,13440,9520,17920,5198,4716,3920,54714,INR/Acre,NHB High-Value Fruit Norms,2024-2025
dragon fruit,Zaid,Gujarat,53882,13440,9520,16960,5434,4608,3920,53882,INR/Acre,NHB High-Value Fruit Norms,2024-2025
dragon fruit,Zaid,Madhya Pradesh,50681,13440,9520,14720,4725,4356,3920,50681,INR/Acre,NHB High-Value Fruit Norms,2024-2025
dragon fruit,Zaid,West Bengal,51396,13440,9520,16000,4016,4500,3920,51396,INR/Acre,NHB High-Value Fruit Norms,2024-2025
dragon fruit,Zaid,Bihar,49496,13440,9520,14080,4252,4284,3920,49496,INR/Acre,NHB High-Value Fruit Norms,2024-2025
dragon fruit,Zaid,Uttar Pradesh,50681,13440,9520,14720,4725,4356,3920,50681,INR/Acre,NHB High-Value Fruit Norms,2024-2025
dragon fruit,Zaid,Punjab,57122,13440,9520,20000,5292,4950,3920,57122,INR/Acre,NHB High-Value Fruit Norms,2024-2025
dragon fruit,Zaid,Kerala,57626,13440,9520,21600,4016,5130,3920,57626,INR/Acre,NHB High-Value Fruit Norms,2024-2025
dragon fruit,Zaid,Odisha,49402,13440,9520,14080,4158,4284,3920,49402,INR/Acre,NHB High-Value Fruit Norms,2024-2025
dragon fruit,Zaid,Assam,50898,13440,9520,15680,3874,4464,3920,50898,INR/Acre,NHB High-Value Fruit Norms,2024-2025
fig,Kharif,Maharashtra,32365,3500,6000,13500,3456,3509,2400,32365,INR/Acre,MPKV Rahuri Fruit Norms,2024-2025
fig,Kharif,Andhra Pradesh,32546,3500,6000,13750,3360,3536,2400,32546,INR/Acre,MPKV Rahuri Fruit Norms,2024-2025
fig,Kharif,Telangana,32546,3500,6000,13750,3360,3536,2400,32546,INR/Acre,MPKV Rahuri Fruit Norms,2024-2025
fig,Kharif,Karnataka,32546,3500,6000,13750,3360,3536,2400,32546,INR/Acre,MPKV Rahuri Fruit Norms,2024-2025
fig,Kharif,Tamil Nadu,32983,3500,6000,14000,3520,3563,2400,32983,INR/Acre,MPKV Rahuri Fruit Norms,2024-2025
fig,Kharif,Gujarat,32312,3500,6000,13250,3680,3482,2400,32312,INR/Acre,MPKV Rahuri Fruit Norms,2024-2025
fig,Kharif,Madhya Pradesh,29891,3500,6000,11500,3200,3291,2400,29891,INR/Acre,MPKV Rahuri Fruit Norms,2024-2025
fig,Kharif,West Bengal,30520,3500,6000,12500,2720,3400,2400,30520,INR/Acre,MPKV Rahuri Fruit Norms,2024-2025
fig,Kharif,Bihar,29017,3500,6000,11000,2880,3237,2400,29017,INR/Acre,MPKV Rahuri Fruit Norms,2024-2025
fig,Kharif,Uttar Pradesh,29891,3500,6000,11500,3200,3291,2400,29891,INR/Acre,MPKV Rahuri Fruit Norms,2024-2025
fig,Kharif,Punjab,34849,3500,6000,15625,3584,3740,2400,34849,INR/Acre,MPKV Rahuri Fruit Norms,2024-2025
fig,Kharif,Kerala,35371,3500,6000,16875,2720,3876,2400,35371,INR/Acre,MPKV Rahuri Fruit Norms,2024-2025
fig,Kharif,Odisha,28953,3500,6000,11000,2816,3237,2400,28953,INR/Acre,MPKV Rahuri Fruit Norms,2024-2025
fig,Kharif,Assam,30147,3500,6000,12250,2624,3373,2400,30147,INR/Acre,MPKV Rahuri Fruit Norms,2024-2025
fig,Rabi,Maharashtra,33079,3710,6360,13500,3456,3509,2544,33079,INR/Acre,MPKV Rahuri Fruit Norms,2024-2025
fig,Rabi,Andhra Pradesh,33260,3710,6360,13750,3360,3536,2544,33260,INR/Acre,MPKV Rahuri Fruit Norms,2024-2025
fig,Rabi,Telangana,33260,3710,6360,13750,3360,3536,2544,33260,INR/Acre,MPKV Rahuri Fruit Norms,2024-2025
fig,Rabi,Karnataka,33260,3710,6360,13750,3360,3536,2544,33260,INR/Acre,MPKV Rahuri Fruit Norms,2024-2025
fig,Rabi,Tamil Nadu,33697,3710,6360,14000,3520,3563,2544,33697,INR/Acre,MPKV Rahuri Fruit Norms,2024-2025
fig,Rabi,Gujarat,33026,3710,6360,13250,3680,3482,2544,33026,INR/Acre,MPKV Rahuri Fruit Norms,2024-2025
fig,Rabi,Madhya Pradesh,30605,3710,6360,11500,3200,3291,2544,30605,INR/Acre,MPKV Rahuri Fruit Norms,2024-2025
fig,Rabi,West Bengal,31234,3710,6360,12500,2720,3400,2544,31234,INR/Acre,MPKV Rahuri Fruit Norms,2024-2025
fig,Rabi,Bihar,29731,3710,6360,11000,2880,3237,2544,29731,INR/Acre,MPKV Rahuri Fruit Norms,2024-2025
fig,Rabi,Uttar Pradesh,30605,3710,6360,11500,3200,3291,2544,30605,INR/Acre,MPKV Rahuri Fruit Norms,2024-2025
fig,Rabi,Punjab,35563,3710,6360,15625,3584,3740,2544,35563,INR/Acre,MPKV Rahuri Fruit Norms,2024-2025
fig,Rabi,Kerala,36085,3710,6360,16875,2720,3876,2544,36085,INR/Acre,MPKV Rahuri Fruit Norms,2024-2025
fig,Rabi,Odisha,29667,3710,6360,11000,2816,3237,2544,29667,INR/Acre,MPKV Rahuri Fruit Norms,2024-2025
fig,Rabi,Assam,30861,3710,6360,12250,2624,3373,2544,30861,INR/Acre,MPKV Rahuri Fruit Norms,2024-2025
fig,Zaid,Maharashtra,33966,3920,6720,13500,3629,3509,2688,33966,INR/Acre,MPKV Rahuri Fruit Norms,2024-2025
fig,Zaid,Andhra Pradesh,34142,3920,6720,13750,3528,3536,2688,34142,INR/Acre,MPKV Rahuri Fruit Norms,2024-2025
fig,Zaid,Telangana,34142,3920,6720,13750,3528,3536,2688,34142,INR/Acre,MPKV Rahuri Fruit Norms,2024-2025
fig,Zaid,Karnataka,34142,3920,6720,13750,3528,3536,2688,34142,INR/Acre,MPKV Rahuri Fruit Norms,2024-2025
fig,Zaid,Tamil Nadu,34587,3920,6720,14000,3696,3563,2688,34587,INR/Acre,MPKV Rahuri Fruit Norms,2024-2025
fig,Zaid,Gujarat,33924,3920,6720,13250,3864,3482,2688,33924,INR/Acre,MPKV Rahuri Fruit Norms,2024-2025
fig,Zaid,Madhya Pradesh,31479,3920,6720,11500,3360,3291,2688,31479,INR/Acre,MPKV Rahuri Fruit Norms,2024-2025
fig,Zaid,West Bengal,32084,3920,6720,12500,2856,3400,2688,32084,INR/Acre,MPKV Rahuri Fruit Norms,2024-2025
fig,Zaid,Bihar,30589,3920,6720,11000,3024,3237,2688,30589,INR/Acre,MPKV Rahuri Fruit Norms,2024-2025
fig,Zaid,Uttar Pradesh,31479,3920,6720,11500,3360,3291,2688,31479,INR/Acre,MPKV Rahuri Fruit Norms,2024-2025
fig,Zaid,Punjab,36456,3920,6720,15625,3763,3740,2688,36456,INR/Acre,MPKV Rahuri Fruit Norms,2024-2025
fig,Zaid,Kerala,36935,3920,6720,16875,2856,3876,2688,36935,INR/Acre,MPKV Rahuri Fruit Norms,2024-2025
fig,Zaid,Odisha,30522,3920,6720,11000,2957,3237,2688,30522,INR/Acre,MPKV Rahuri Fruit Norms,2024-2025
fig,Zaid,Assam,31706,3920,6720,12250,2755,3373,2688,31706,INR/Acre,MPKV Rahuri Fruit Norms,2024-2025
avocado,Kharif,Maharashtra,38446,5000,7500,15120,4104,3922,2800,38446,INR/Acre,NHB Subtropical Fruit Guidelines,2024-2025
avocado,Kharif,Andhra Pradesh,38642,5000,7500,15400,3990,3952,2800,38642,INR/Acre,NHB Subtropical Fruit Guidelines,2024-2025
avocado,Kharif,Telangana,38642,5000,7500,15400,3990,3952,2800,38642,INR/Acre,NHB Subtropical Fruit Guidelines,2024-2025
avocado,Kharif,Karnataka,38642,5000,7500,15400,3990,3952,2800,38642,INR/Acre,NHB Subtropical Fruit Guidelines,2024-2025
avocado,Kharif,Tamil Nadu,39142,5000,7500,15680,4180,3982,2800,39142,INR/Acre,NHB Subtropical Fruit Guidelines,2024-2025
avocado,Kharif,Gujarat,38401,5000,7500,14840,4370,3891,2800,38401,INR/Acre,NHB Subtropical Fruit Guidelines,2024-2025
avocado,Kharif,Madhya Pradesh,35658,5000,7500,12880,3800,3678,2800,35658,INR/Acre,NHB Subtropical Fruit Guidelines,2024-2025
avocado,Kharif,West Bengal,36330,5000,7500,14000,3230,3800,2800,36330,INR/Acre,NHB Subtropical Fruit Guidelines,2024-2025
avocado,Kharif,Bihar,34658,5000,7500,12320,3420,3618,2800,34658,INR/Acre,NHB Subtropical Fruit Guidelines,2024-2025
avocado,Kharif,Uttar Pradesh,35658,5000,7500,12880,3800,3678,2800,35658,INR/Acre,NHB Subtropical Fruit Guidelines,2024-2025
avocado,Kharif,Punjab,41236,5000,7500,17500,4256,4180,2800,41236,INR/Acre,NHB Subtropical Fruit Guidelines,2024-2025
avocado,Kharif,Kerala,41762,5000,7500,18900,3230,4332,2800,41762,INR/Acre,NHB Subtropical Fruit Guidelines,2024-2025
avocado,Kharif,Odisha,34582,5000,7500,12320,3344,3618,2800,34582,INR/Acre,NHB Subtropical Fruit Guidelines,2024-2025
avocado,Kharif,Assam,35906,5000,7500,13720,3116,3770,2800,35906,INR/Acre,NHB Subtropical Fruit Guidelines,2024-2025
avocado,Rabi,Maharashtra,39364,5300,7950,15120,4104,3922,2968,39364,INR/Acre,NHB Subtropical Fruit Guidelines,2024-2025
avocado,Rabi,Andhra Pradesh,39560,5300,7950,15400,3990,3952,2968,39560,INR/Acre,NHB Subtropical Fruit Guidelines,2024-2025
avocado,Rabi,Telangana,39560,5300,7950,15400,3990,3952,2968,39560,INR/Acre,NHB Subtropical Fruit Guidelines,2024-2025
avocado,Rabi,Karnataka,39560,5300,7950,15400,3990,3952,2968,39560,INR/Acre,NHB Subtropical Fruit Guidelines,2024-2025
avocado,Rabi,Tamil Nadu,40060,5300,7950,15680,4180,3982,2968,40060,INR/Acre,NHB Subtropical Fruit Guidelines,2024-2025
avocado,Rabi,Gujarat,39319,5300,7950,14840,4370,3891,2968,39319,INR/Acre,NHB Subtropical Fruit Guidelines,2024-2025
avocado,Rabi,Madhya Pradesh,36576,5300,7950,12880,3800,3678,2968,36576,INR/Acre,NHB Subtropical Fruit Guidelines,2024-2025
avocado,Rabi,West Bengal,37248,5300,7950,14000,3230,3800,2968,37248,INR/Acre,NHB Subtropical Fruit Guidelines,2024-2025
avocado,Rabi,Bihar,35576,5300,7950,12320,3420,3618,2968,35576,INR/Acre,NHB Subtropical Fruit Guidelines,2024-2025
avocado,Rabi,Uttar Pradesh,36576,5300,7950,12880,3800,3678,2968,36576,INR/Acre,NHB Subtropical Fruit Guidelines,2024-2025
avocado,Rabi,Punjab,42154,5300,7950,17500,4256,4180,2968,42154,INR/Acre,NHB Subtropical Fruit Guidelines,2024-2025
avocado,Rabi,Kerala,42680,5300,7950,18900,3230,4332,2968,42680,INR/Acre,NHB Subtropical Fruit Guidelines,2024-2025
avocado,Rabi,Odisha,35500,5300,7950,12320,3344,3618,2968,35500,INR/Acre,NHB Subtropical Fruit Guidelines,2024-2025
avocado,Rabi,Assam,36824,5300,7950,13720,3116,3770,2968,36824,INR/Acre,NHB Subtropical Fruit Guidelines,2024-2025
avocado,Zaid,Maharashtra,40487,5600,8400,15120,4309,3922,3136,40487,INR/Acre,NHB Subtropical Fruit Guidelines,2024-2025
avocado,Zaid,Andhra Pradesh,40678,5600,8400,15400,4190,3952,3136,40678,INR/Acre,NHB Subtropical Fruit Guidelines,2024-2025
avocado,Zaid,Telangana,40678,5600,8400,15400,4190,3952,3136,40678,INR/Acre,NHB Subtropical Fruit Guidelines,2024-2025
avocado,Zaid,Karnataka,40678,5600,8400,15400,4190,3952,3136,40678,INR/Acre,NHB Subtropical Fruit Guidelines,2024-2025
avocado,Zaid,Tamil Nadu,41187,5600,8400,15680,4389,3982,3136,41187,INR/Acre,NHB Subtropical Fruit Guidelines,2024-2025
avocado,Zaid,Gujarat,40455,5600,8400,14840,4588,3891,3136,40455,INR/Acre,NHB Subtropical Fruit Guidelines,2024-2025
avocado,Zaid,Madhya Pradesh,37684,5600,8400,12880,3990,3678,3136,37684,INR/Acre,NHB Subtropical Fruit Guidelines,2024-2025
avocado,Zaid,West Bengal,38328,5600,8400,14000,3392,3800,3136,38328,INR/Acre,NHB Subtropical Fruit Guidelines,2024-2025
avocado,Zaid,Bihar,36665,5600,8400,12320,3591,3618,3136,36665,INR/Acre,NHB Subtropical Fruit Guidelines,2024-2025
avocado,Zaid,Uttar Pradesh,37684,5600,8400,12880,3990,3678,3136,37684,INR/Acre,NHB Subtropical Fruit Guidelines,2024-2025
avocado,Zaid,Punjab,43285,5600,8400,17500,4469,4180,3136,43285,INR/Acre,NHB Subtropical Fruit Guidelines,2024-2025
avocado,Zaid,Kerala,43760,5600,8400,18900,3392,4332,3136,43760,INR/Acre,NHB Subtropical Fruit Guidelines,2024-2025
avocado,Zaid,Odisha,36585,5600,8400,12320,3511,3618,3136,36585,INR/Acre,NHB Subtropical Fruit Guidelines,2024-2025
avocado,Zaid,Assam,37898,5600,8400,13720,3272,3770,3136,37898,INR/Acre,NHB Subtropical Fruit Guidelines,2024-2025
tamarind,Kharif,Maharashtra,17614,1000,3000,8100,1944,2270,1300,17614,INR/Acre,State Forestry & Ag Guidelines,2024-2025
tamarind,Kharif,Andhra Pradesh,17728,1000,3000,8250,1890,2288,1300,17728,INR/Acre,State Forestry & Ag Guidelines,2024-2025
tamarind,Kharif,Telangana,17728,1000,3000,8250,1890,2288,1300,17728,INR/Acre,State Forestry & Ag Guidelines,2024-2025
tamarind,Kharif,Karnataka,17728,1000,3000,8250,1890,2288,1300,17728,INR/Acre,State Forestry & Ag Guidelines,2024-2025
tamarind,Kharif,Tamil Nadu,17986,1000,3000,8400,1980,2306,1300,17986,INR/Acre,State Forestry & Ag Guidelines,2024-2025
tamarind,Kharif,Gujarat,17573,1000,3000,7950,2070,2253,1300,17573,INR/Acre,State Forestry & Ag Guidelines,2024-2025
tamarind,Kharif,Madhya Pradesh,16130,1000,3000,6900,1800,2130,1300,16130,INR/Acre,State Forestry & Ag Guidelines,2024-2025
tamarind,Kharif,West Bengal,16530,1000,3000,7500,1530,2200,1300,16530,INR/Acre,State Forestry & Ag Guidelines,2024-2025
tamarind,Kharif,Bihar,15614,1000,3000,6600,1620,2094,1300,15614,INR/Acre,State Forestry & Ag Guidelines,2024-2025
tamarind,Kharif,Uttar Pradesh,16130,1000,3000,6900,1800,2130,1300,16130,INR/Acre,State Forestry & Ag Guidelines,2024-2025
tamarind,Kharif,Punjab,19111,1000,3000,9375,2016,2420,1300,19111,INR/Acre,State Forestry & Ag Guidelines,2024-2025
tamarind,Kharif,Kerala,19463,1000,3000,10125,1530,2508,1300,19463,INR/Acre,State Forestry & Ag Guidelines,2024-2025
tamarind,Kharif,Odisha,15578,1000,3000,6600,1584,2094,1300,15578,INR/Acre,State Forestry & Ag Guidelines,2024-2025
tamarind,Kharif,Assam,16308,1000,3000,7350,1476,2182,1300,16308,INR/Acre,State Forestry & Ag Guidelines,2024-2025
tamarind,Rabi,Maharashtra,17932,1060,3180,8100,1944,2270,1378,17932,INR/Acre,State Forestry & Ag Guidelines,2024-2025
tamarind,Rabi,Andhra Pradesh,18046,1060,3180,8250,1890,2288,1378,18046,INR/Acre,State Forestry & Ag Guidelines,2024-2025
tamarind,Rabi,Telangana,18046,1060,3180,8250,1890,2288,1378,18046,INR/Acre,State Forestry & Ag Guidelines,2024-2025
tamarind,Rabi,Karnataka,18046,1060,3180,8250,1890,2288,1378,18046,INR/Acre,State Forestry & Ag Guidelines,2024-2025
tamarind,Rabi,Tamil Nadu,18304,1060,3180,8400,1980,2306,1378,18304,INR/Acre,State Forestry & Ag Guidelines,2024-2025
tamarind,Rabi,Gujarat,17891,1060,3180,7950,2070,2253,1378,17891,INR/Acre,State Forestry & Ag Guidelines,2024-2025
tamarind,Rabi,Madhya Pradesh,16448,1060,3180,6900,1800,2130,1378,16448,INR/Acre,State Forestry & Ag Guidelines,2024-2025
tamarind,Rabi,West Bengal,16848,1060,3180,7500,1530,2200,1378,16848,INR/Acre,State Forestry & Ag Guidelines,2024-2025
tamarind,Rabi,Bihar,15932,1060,3180,6600,1620,2094,1378,15932,INR/Acre,State Forestry & Ag Guidelines,2024-2025
tamarind,Rabi,Uttar Pradesh,16448,1060,3180,6900,1800,2130,1378,16448,INR/Acre,State Forestry & Ag Guidelines,2024-2025
tamarind,Rabi,Punjab,19429,1060,3180,9375,2016,2420,1378,19429,INR/Acre,State Forestry & Ag Guidelines,2024-2025
tamarind,Rabi,Kerala,19781,1060,3180,10125,1530,2508,1378,19781,INR/Acre,State Forestry & Ag Guidelines,2024-2025
tamarind,Rabi,Odisha,15896,1060,3180,6600,1584,2094,1378,15896,INR/Acre,State Forestry & Ag Guidelines,2024-2025
tamarind,Rabi,Assam,16626,1060,3180,7350,1476,2182,1378,16626,INR/Acre,State Forestry & Ag Guidelines,2024-2025
tamarind,Zaid,Maharashtra,18347,1120,3360,8100,2041,2270,1456,18347,INR/Acre,State Forestry & Ag Guidelines,2024-2025
tamarind,Zaid,Andhra Pradesh,18458,1120,3360,8250,1984,2288,1456,18458,INR/Acre,State Forestry & Ag Guidelines,2024-2025
tamarind,Zaid,Telangana,18458,1120,3360,8250,1984,2288,1456,18458,INR/Acre,State Forestry & Ag Guidelines,2024-2025
tamarind,Zaid,Karnataka,18458,1120,3360,8250,1984,2288,1456,18458,INR/Acre,State Forestry & Ag Guidelines,2024-2025
tamarind,Zaid,Tamil Nadu,18721,1120,3360,8400,2079,2306,1456,18721,INR/Acre,State Forestry & Ag Guidelines,2024-2025
tamarind,Zaid,Gujarat,18313,1120,3360,7950,2174,2253,1456,18313,INR/Acre,State Forestry & Ag Guidelines,2024-2025
tamarind,Zaid,Madhya Pradesh,16856,1120,3360,6900,1890,2130,1456,16856,INR/Acre,State Forestry & Ag Guidelines,2024-2025
tamarind,Zaid,West Bengal,17242,1120,3360,7500,1606,2200,1456,17242,INR/Acre,State Forestry & Ag Guidelines,2024-2025
tamarind,Zaid,Bihar,16331,1120,3360,6600,1701,2094,1456,16331,INR/Acre,State Forestry & Ag Guidelines,2024-2025
tamarind,Zaid,Uttar Pradesh,16856,1120,3360,6900,1890,2130,1456,16856,INR/Acre,State Forestry & Ag Guidelines,2024-2025
tamarind,Zaid,Punjab,19848,1120,3360,9375,2117,2420,1456,19848,INR/Acre,State Forestry & Ag Guidelines,2024-2025
tamarind,Zaid,Kerala,20175,1120,3360,10125,1606,2508,1456,20175,INR/Acre,State Forestry & Ag Guidelines,2024-2025
tamarind,Zaid,Odisha,16293,1120,3360,6600,1663,2094,1456,16293,INR/Acre,State Forestry & Ag Guidelines,2024-2025
tamarind,Zaid,Assam,17018,1120,3360,7350,1550,2182,1456,17018,INR/Acre,State Forestry & Ag Guidelines,2024-2025
carambola,Kharif,Maharashtra,24690,2000,4500,10800,2700,2890,1800,24690,INR/Acre,State Horticulture Guidelines,2024-2025
carambola,Kharif,Andhra Pradesh,24837,2000,4500,11000,2625,2912,1800,24837,INR/Acre,State Horticulture Guidelines,2024-2025
carambola,Kharif,Telangana,24837,2000,4500,11000,2625,2912,1800,24837,INR/Acre,State Horticulture Guidelines,2024-2025
carambola,Kharif,Karnataka,24837,2000,4500,11000,2625,2912,1800,24837,INR/Acre,State Horticulture Guidelines,2024-2025
carambola,Kharif,Tamil Nadu,25184,2000,4500,11200,2750,2934,1800,25184,INR/Acre,State Horticulture Guidelines,2024-2025
carambola,Kharif,Gujarat,24642,2000,4500,10600,2875,2867,1800,24642,INR/Acre,State Horticulture Guidelines,2024-2025
carambola,Kharif,Madhya Pradesh,22710,2000,4500,9200,2500,2710,1800,22710,INR/Acre,State Horticulture Guidelines,2024-2025
carambola,Kharif,West Bengal,23225,2000,4500,10000,2125,2800,1800,23225,INR/Acre,State Horticulture Guidelines,2024-2025
carambola,Kharif,Bihar,22016,2000,4500,8800,2250,2666,1800,22016,INR/Acre,State Horticulture Guidelines,2024-2025
carambola,Kharif,Uttar Pradesh,22710,2000,4500,9200,2500,2710,1800,22710,INR/Acre,State Horticulture Guidelines,2024-2025
carambola,Kharif,Punjab,26680,2000,4500,12500,2800,3080,1800,26680,INR/Acre,State Horticulture Guidelines,2024-2025
carambola,Kharif,Kerala,27117,2000,4500,13500,2125,3192,1800,27117,INR/Acre,State Horticulture Guidelines,2024-2025
carambola,Kharif,Odisha,21966,2000,4500,8800,2200,2666,1800,21966,INR/Acre,State Horticulture Guidelines,2024-2025
carambola,Kharif,Assam,22928,2000,4500,9800,2050,2778,1800,22928,INR/Acre,State Horticulture Guidelines,2024-2025
carambola,Rabi,Maharashtra,25188,2120,4770,10800,2700,2890,1908,25188,INR/Acre,State Horticulture Guidelines,2024-2025
carambola,Rabi,Andhra Pradesh,25335,2120,4770,11000,2625,2912,1908,25335,INR/Acre,State Horticulture Guidelines,2024-2025
carambola,Rabi,Telangana,25335,2120,4770,11000,2625,2912,1908,25335,INR/Acre,State Horticulture Guidelines,2024-2025
carambola,Rabi,Karnataka,25335,2120,4770,11000,2625,2912,1908,25335,INR/Acre,State Horticulture Guidelines,2024-2025
carambola,Rabi,Tamil Nadu,25682,2120,4770,11200,2750,2934,1908,25682,INR/Acre,State Horticulture Guidelines,2024-2025
carambola,Rabi,Gujarat,25140,2120,4770,10600,2875,2867,1908,25140,INR/Acre,State Horticulture Guidelines,2024-2025
carambola,Rabi,Madhya Pradesh,23208,2120,4770,9200,2500,2710,1908,23208,INR/Acre,State Horticulture Guidelines,2024-2025
carambola,Rabi,West Bengal,23723,2120,4770,10000,2125,2800,1908,23723,INR/Acre,State Horticulture Guidelines,2024-2025
carambola,Rabi,Bihar,22514,2120,4770,8800,2250,2666,1908,22514,INR/Acre,State Horticulture Guidelines,2024-2025
carambola,Rabi,Uttar Pradesh,23208,2120,4770,9200,2500,2710,1908,23208,INR/Acre,State Horticulture Guidelines,2024-2025
carambola,Rabi,Punjab,27178,2120,4770,12500,2800,3080,1908,27178,INR/Acre,State Horticulture Guidelines,2024-2025
carambola,Rabi,Kerala,27615,2120,4770,13500,2125,3192,1908,27615,INR/Acre,State Horticulture Guidelines,2024-2025
carambola,Rabi,Odisha,22464,2120,4770,8800,2200,2666,1908,22464,INR/Acre,State Horticulture Guidelines,2024-2025
carambola,Rabi,Assam,23426,2120,4770,9800,2050,2778,1908,23426,INR/Acre,State Horticulture Guidelines,2024-2025
carambola,Zaid,Maharashtra,25821,2240,5040,10800,2835,2890,2016,25821,INR/Acre,State Horticulture Guidelines,2024-2025
carambola,Zaid,Andhra Pradesh,25964,2240,5040,11000,2756,2912,2016,25964,INR/Acre,State Horticulture Guidelines,2024-2025
carambola,Zaid,Telangana,25964,2240,5040,11000,2756,2912,2016,25964,INR/Acre,State Horticulture Guidelines,2024-2025
carambola,Zaid,Karnataka,25964,2240,5040,11000,2756,2912,2016,25964,INR/Acre,State Horticulture Guidelines,2024-2025
carambola,Zaid,Tamil Nadu,26318,2240,5040,11200,2888,2934,2016,26318,INR/Acre,State Horticulture Guidelines,2024-2025
carambola,Zaid,Gujarat,25782,2240,5040,10600,3019,2867,2016,25782,INR/Acre,State Horticulture Guidelines,2024-2025
carambola,Zaid,Madhya Pradesh,23831,2240,5040,9200,2625,2710,2016,23831,INR/Acre,State Horticulture Guidelines,2024-2025
carambola,Zaid,West Bengal,24327,2240,5040,10000,2231,2800,2016,24327,INR/Acre,State Horticulture Guidelines,2024-2025
carambola,Zaid,Bihar,23124,2240,5040,8800,2362,2666,2016,23124,INR/Acre,State Horticulture Guidelines,2024-2025
carambola,Zaid,Uttar Pradesh,23831,2240,5040,9200,2625,2710,2016,23831,INR/Acre,State Horticulture Guidelines,2024-2025
carambola,Zaid,Punjab,27816,2240,5040,12500,2940,3080,2016,27816,INR/Acre,State Horticulture Guidelines,2024-2025
carambola,Zaid,Kerala,28219,2240,5040,13500,2231,3192,2016,28219,INR/Acre,State Horticulture Guidelines,2024-2025
carambola,Zaid,Odisha,23072,2240,5040,8800,2310,2666,2016,23072,INR/Acre,State Horticulture Guidelines,2024-2025
carambola,Zaid,Assam,24026,2240,5040,9800,2152,2778,2016,24026,INR/Acre,State Horticulture Guidelines,2024-2025
jamun,Kharif,Maharashtra,19377,1200,3500,8640,2160,2477,1400,19377,INR/Acre,CISH Lucknow Guidelines,2024-2025
jamun,Kharif,Andhra Pradesh,19496,1200,3500,8800,2100,2496,1400,19496,INR/Acre,CISH Lucknow Guidelines,2024-2025
jamun,Kharif,Telangana,19496,1200,3500,8800,2100,2496,1400,19496,INR/Acre,CISH Lucknow Guidelines,2024-2025
jamun,Kharif,Karnataka,19496,1200,3500,8800,2100,2496,1400,19496,INR/Acre,CISH Lucknow Guidelines,2024-2025
jamun,Kharif,Tamil Nadu,19775,1200,3500,8960,2200,2515,1400,19775,INR/Acre,CISH Lucknow Guidelines,2024-2025
jamun,Kharif,Gujarat,19338,1200,3500,8480,2300,2458,1400,19338,INR/Acre,CISH Lucknow Guidelines,2024-2025
jamun,Kharif,Madhya Pradesh,17783,1200,3500,7360,2000,2323,1400,17783,INR/Acre,CISH Lucknow Guidelines,2024-2025
jamun,Kharif,West Bengal,18200,1200,3500,8000,1700,2400,1400,18200,INR/Acre,CISH Lucknow Guidelines,2024-2025
jamun,Kharif,Bihar,17225,1200,3500,7040,1800,2285,1400,17225,INR/Acre,CISH Lucknow Guidelines,2024-2025
jamun,Kharif,Uttar Pradesh,17783,1200,3500,7360,2000,2323,1400,17783,INR/Acre,CISH Lucknow Guidelines,2024-2025
jamun,Kharif,Punjab,20980,1200,3500,10000,2240,2640,1400,20980,INR/Acre,CISH Lucknow Guidelines,2024-2025
jamun,Kharif,Kerala,21336,1200,3500,10800,1700,2736,1400,21336,INR/Acre,CISH Lucknow Guidelines,2024-2025
jamun,Kharif,Odisha,17185,1200,3500,7040,1760,2285,1400,17185,INR/Acre,CISH Lucknow Guidelines,2024-2025
jamun,Kharif,Assam,17961,1200,3500,7840,1640,2381,1400,17961,INR/Acre,CISH Lucknow Guidelines,2024-2025
jamun,Rabi,Maharashtra,19743,1272,3710,8640,2160,2477,1484,19743,INR/Acre,CISH Lucknow Guidelines,2024-2025
jamun,Rabi,Andhra Pradesh,19862,1272,3710,8800,2100,2496,1484,19862,INR/Acre,CISH Lucknow Guidelines,2024-2025
jamun,Rabi,Telangana,19862,1272,3710,8800,2100,2496,1484,19862,INR/Acre,CISH Lucknow Guidelines,2024-2025
jamun,Rabi,Karnataka,19862,1272,3710,8800,2100,2496,1484,19862,INR/Acre,CISH Lucknow Guidelines,2024-2025
jamun,Rabi,Tamil Nadu,20141,1272,3710,8960,2200,2515,1484,20141,INR/Acre,CISH Lucknow Guidelines,2024-2025
jamun,Rabi,Gujarat,19704,1272,3710,8480,2300,2458,1484,19704,INR/Acre,CISH Lucknow Guidelines,2024-2025
jamun,Rabi,Madhya Pradesh,18149,1272,3710,7360,2000,2323,1484,18149,INR/Acre,CISH Lucknow Guidelines,2024-2025
jamun,Rabi,West Bengal,18566,1272,3710,8000,1700,2400,1484,18566,INR/Acre,CISH Lucknow Guidelines,2024-2025
jamun,Rabi,Bihar,17591,1272,3710,7040,1800,2285,1484,17591,INR/Acre,CISH Lucknow Guidelines,2024-2025
jamun,Rabi,Uttar Pradesh,18149,1272,3710,7360,2000,2323,1484,18149,INR/Acre,CISH Lucknow Guidelines,2024-2025
jamun,Rabi,Punjab,21346,1272,3710,10000,2240,2640,1484,21346,INR/Acre,CISH Lucknow Guidelines,2024-2025
jamun,Rabi,Kerala,21702,1272,3710,10800,1700,2736,1484,21702,INR/Acre,CISH Lucknow Guidelines,2024-2025
jamun,Rabi,Odisha,17551,1272,3710,7040,1760,2285,1484,17551,INR/Acre,CISH Lucknow Guidelines,2024-2025
jamun,Rabi,Assam,18327,1272,3710,7840,1640,2381,1484,18327,INR/Acre,CISH Lucknow Guidelines,2024-2025
jamun,Zaid,Maharashtra,20217,1344,3920,8640,2268,2477,1568,20217,INR/Acre,CISH Lucknow Guidelines,2024-2025
jamun,Zaid,Andhra Pradesh,20333,1344,3920,8800,2205,2496,1568,20333,INR/Acre,CISH Lucknow Guidelines,2024-2025
jamun,Zaid,Telangana,20333,1344,3920,8800,2205,2496,1568,20333,INR/Acre,CISH Lucknow Guidelines,2024-2025
jamun,Zaid,Karnataka,20333,1344,3920,8800,2205,2496,1568,20333,INR/Acre,CISH Lucknow Guidelines,2024-2025
jamun,Zaid,Tamil Nadu,20617,1344,3920,8960,2310,2515,1568,20617,INR/Acre,CISH Lucknow Guidelines,2024-2025
jamun,Zaid,Gujarat,20185,1344,3920,8480,2415,2458,1568,20185,INR/Acre,CISH Lucknow Guidelines,2024-2025
jamun,Zaid,Madhya Pradesh,18615,1344,3920,7360,2100,2323,1568,18615,INR/Acre,CISH Lucknow Guidelines,2024-2025
jamun,Zaid,West Bengal,19017,1344,3920,8000,1785,2400,1568,19017,INR/Acre,CISH Lucknow Guidelines,2024-2025
jamun,Zaid,Bihar,18047,1344,3920,7040,1890,2285,1568,18047,INR/Acre,CISH Lucknow Guidelines,2024-2025
jamun,Zaid,Uttar Pradesh,18615,1344,3920,7360,2100,2323,1568,18615,INR/Acre,CISH Lucknow Guidelines,2024-2025
jamun,Zaid,Punjab,21824,1344,3920,10000,2352,2640,1568,21824,INR/Acre,CISH Lucknow Guidelines,2024-2025
jamun,Zaid,Kerala,22153,1344,3920,10800,1785,2736,1568,22153,INR/Acre,CISH Lucknow Guidelines,2024-2025
jamun,Zaid,Odisha,18005,1344,3920,7040,1848,2285,1568,18005,INR/Acre,CISH Lucknow Guidelines,2024-2025
jamun,Zaid,Assam,18775,1344,3920,7840,1722,2381,1568,18775,INR/Acre,CISH Lucknow Guidelines,2024-2025
amla,Kharif,Maharashtra,22076,1800,4000,9720,2376,2580,1600,22076,INR/Acre,NDUAT & CISH Cost Norms,2024-2025
amla,Kharif,Andhra Pradesh,22210,1800,4000,9900,2310,2600,1600,22210,INR/Acre,NDUAT & CISH Cost Norms,2024-2025
amla,Kharif,Telangana,22210,1800,4000,9900,2310,2600,1600,22210,INR/Acre,NDUAT & CISH Cost Norms,2024-2025
amla,Kharif,Karnataka,22210,1800,4000,9900,2310,2600,1600,22210,INR/Acre,NDUAT & CISH Cost Norms,2024-2025
amla,Kharif,Tamil Nadu,22520,1800,4000,10080,2420,2620,1600,22520,INR/Acre,NDUAT & CISH Cost Norms,2024-2025
amla,Kharif,Gujarat,22030,1800,4000,9540,2530,2560,1600,22030,INR/Acre,NDUAT & CISH Cost Norms,2024-2025
amla,Kharif,Madhya Pradesh,20300,1800,4000,8280,2200,2420,1600,20300,INR/Acre,NDUAT & CISH Cost Norms,2024-2025
amla,Kharif,West Bengal,20770,1800,4000,9000,1870,2500,1600,20770,INR/Acre,NDUAT & CISH Cost Norms,2024-2025
amla,Kharif,Bihar,19680,1800,4000,7920,1980,2380,1600,19680,INR/Acre,NDUAT & CISH Cost Norms,2024-2025
amla,Kharif,Uttar Pradesh,20300,1800,4000,8280,2200,2420,1600,20300,INR/Acre,NDUAT & CISH Cost Norms,2024-2025
amla,Kharif,Punjab,23864,1800,4000,11250,2464,2750,1600,23864,INR/Acre,NDUAT & CISH Cost Norms,2024-2025
amla,Kharif,Kerala,24270,1800,4000,12150,1870,2850,1600,24270,INR/Acre,NDUAT & CISH Cost Norms,2024-2025
amla,Kharif,Odisha,19636,1800,4000,7920,1936,2380,1600,19636,INR/Acre,NDUAT & CISH Cost Norms,2024-2025
amla,Kharif,Assam,20504,1800,4000,8820,1804,2480,1600,20504,INR/Acre,NDUAT & CISH Cost Norms,2024-2025
amla,Rabi,Maharashtra,22520,1908,4240,9720,2376,2580,1696,22520,INR/Acre,NDUAT & CISH Cost Norms,2024-2025
amla,Rabi,Andhra Pradesh,22654,1908,4240,9900,2310,2600,1696,22654,INR/Acre,NDUAT & CISH Cost Norms,2024-2025
amla,Rabi,Telangana,22654,1908,4240,9900,2310,2600,1696,22654,INR/Acre,NDUAT & CISH Cost Norms,2024-2025
amla,Rabi,Karnataka,22654,1908,4240,9900,2310,2600,1696,22654,INR/Acre,NDUAT & CISH Cost Norms,2024-2025
amla,Rabi,Tamil Nadu,22964,1908,4240,10080,2420,2620,1696,22964,INR/Acre,NDUAT & CISH Cost Norms,2024-2025
amla,Rabi,Gujarat,22474,1908,4240,9540,2530,2560,1696,22474,INR/Acre,NDUAT & CISH Cost Norms,2024-2025
amla,Rabi,Madhya Pradesh,20744,1908,4240,8280,2200,2420,1696,20744,INR/Acre,NDUAT & CISH Cost Norms,2024-2025
amla,Rabi,West Bengal,21214,1908,4240,9000,1870,2500,1696,21214,INR/Acre,NDUAT & CISH Cost Norms,2024-2025
amla,Rabi,Bihar,20124,1908,4240,7920,1980,2380,1696,20124,INR/Acre,NDUAT & CISH Cost Norms,2024-2025
amla,Rabi,Uttar Pradesh,20744,1908,4240,8280,2200,2420,1696,20744,INR/Acre,NDUAT & CISH Cost Norms,2024-2025
amla,Rabi,Punjab,24308,1908,4240,11250,2464,2750,1696,24308,INR/Acre,NDUAT & CISH Cost Norms,2024-2025
amla,Rabi,Kerala,24714,1908,4240,12150,1870,2850,1696,24714,INR/Acre,NDUAT & CISH Cost Norms,2024-2025
amla,Rabi,Odisha,20080,1908,4240,7920,1936,2380,1696,20080,INR/Acre,NDUAT & CISH Cost Norms,2024-2025
amla,Rabi,Assam,20948,1908,4240,8820,1804,2480,1696,20948,INR/Acre,NDUAT & CISH Cost Norms,2024-2025
amla,Zaid,Maharashtra,23083,2016,4480,9720,2495,2580,1792,23083,INR/Acre,NDUAT & CISH Cost Norms,2024-2025
amla,Zaid,Andhra Pradesh,23214,2016,4480,9900,2426,2600,1792,23214,INR/Acre,NDUAT & CISH Cost Norms,2024-2025
amla,Zaid,Telangana,23214,2016,4480,9900,2426,2600,1792,23214,INR/Acre,NDUAT & CISH Cost Norms,2024-2025
amla,Zaid,Karnataka,23214,2016,4480,9900,2426,2600,1792,23214,INR/Acre,NDUAT & CISH Cost Norms,2024-2025
amla,Zaid,Tamil Nadu,23529,2016,4480,10080,2541,2620,1792,23529,INR/Acre,NDUAT & CISH Cost Norms,2024-2025
amla,Zaid,Gujarat,23044,2016,4480,9540,2656,2560,1792,23044,INR/Acre,NDUAT & CISH Cost Norms,2024-2025
amla,Zaid,Madhya Pradesh,21298,2016,4480,8280,2310,2420,1792,21298,INR/Acre,NDUAT & CISH Cost Norms,2024-2025
amla,Zaid,West Bengal,21752,2016,4480,9000,1964,2500,1792,21752,INR/Acre,NDUAT & CISH Cost Norms,2024-2025
amla,Zaid,Bihar,20667,2016,4480,7920,2079,2380,1792,20667,INR/Acre,NDUAT & CISH Cost Norms,2024-2025
amla,Zaid,Uttar Pradesh,21298,2016,4480,8280,2310,2420,1792,21298,INR/Acre,NDUAT & CISH Cost Norms,2024-2025
amla,Zaid,Punjab,24875,2016,4480,11250,2587,2750,1792,24875,INR/Acre,NDUAT & CISH Cost Norms,2024-2025
amla,Zaid,Kerala,25252,2016,4480,12150,1964,2850,1792,25252,INR/Acre,NDUAT & CISH Cost Norms,2024-2025
amla,Zaid,Odisha,20621,2016,4480,7920,2033,2380,1792,20621,INR/Acre,NDUAT & CISH Cost Norms,2024-2025
amla,Zaid,Assam,21482,2016,4480,8820,1894,2480,1792,21482,INR/Acre,NDUAT & CISH Cost Norms,2024-2025
ber (indian jujube),Kharif,Maharashtra,20617,1500,3800,9180,2160,2477,1500,20617,INR/Acre,CAZRI Jodhpur Cost Guidelines,2024-2025
ber (indian jujube),Kharif,Andhra Pradesh,20746,1500,3800,9350,2100,2496,1500,20746,INR/Acre,CAZRI Jodhpur Cost Guidelines,2024-2025
ber (indian jujube),Kharif,Telangana,20746,1500,3800,9350,2100,2496,1500,20746,INR/Acre,CAZRI Jodhpur Cost Guidelines,2024-2025
ber (indian jujube),Kharif,Karnataka,20746,1500,3800,9350,2100,2496,1500,20746,INR/Acre,CAZRI Jodhpur Cost Guidelines,2024-2025
ber (indian jujube),Kharif,Tamil Nadu,21035,1500,3800,9520,2200,2515,1500,21035,INR/Acre,CAZRI Jodhpur Cost Guidelines,2024-2025
ber (indian jujube),Kharif,Gujarat,20568,1500,3800,9010,2300,2458,1500,20568,INR/Acre,CAZRI Jodhpur Cost Guidelines,2024-2025
ber (indian jujube),Kharif,Madhya Pradesh,18943,1500,3800,7820,2000,2323,1500,18943,INR/Acre,CAZRI Jodhpur Cost Guidelines,2024-2025
ber (indian jujube),Kharif,West Bengal,19400,1500,3800,8500,1700,2400,1500,19400,INR/Acre,CAZRI Jodhpur Cost Guidelines,2024-2025
ber (indian jujube),Kharif,Bihar,18365,1500,3800,7480,1800,2285,1500,18365,INR/Acre,CAZRI Jodhpur Cost Guidelines,2024-2025
ber (indian jujube),Kharif,Uttar Pradesh,18943,1500,3800,7820,2000,2323,1500,18943,INR/Acre,CAZRI Jodhpur Cost Guidelines,2024-2025
ber (indian jujube),Kharif,Punjab,22305,1500,3800,10625,2240,2640,1500,22305,INR/Acre,CAZRI Jodhpur Cost Guidelines,2024-2025
ber (indian jujube),Kharif,Kerala,22711,1500,3800,11475,1700,2736,1500,22711,INR/Acre,CAZRI Jodhpur Cost Guidelines,2024-2025
ber (indian jujube),Kharif,Odisha,18325,1500,3800,7480,1760,2285,1500,18325,INR/Acre,CAZRI Jodhpur Cost Guidelines,2024-2025
ber (indian jujube),Kharif,Assam,19151,1500,3800,8330,1640,2381,1500,19151,INR/Acre,CAZRI Jodhpur Cost Guidelines,2024-2025
ber (indian jujube),Rabi,Maharashtra,21025,1590,4028,9180,2160,2477,1590,21025,INR/Acre,CAZRI Jodhpur Cost Guidelines,2024-2025
ber (indian jujube),Rabi,Andhra Pradesh,21154,1590,4028,9350,2100,2496,1590,21154,INR/Acre,CAZRI Jodhpur Cost Guidelines,2024-2025
ber (indian jujube),Rabi,Telangana,21154,1590,4028,9350,2100,2496,1590,21154,INR/Acre,CAZRI Jodhpur Cost Guidelines,2024-2025
ber (indian jujube),Rabi,Karnataka,21154,1590,4028,9350,2100,2496,1590,21154,INR/Acre,CAZRI Jodhpur Cost Guidelines,2024-2025
ber (indian jujube),Rabi,Tamil Nadu,21443,1590,4028,9520,2200,2515,1590,21443,INR/Acre,CAZRI Jodhpur Cost Guidelines,2024-2025
ber (indian jujube),Rabi,Gujarat,20976,1590,4028,9010,2300,2458,1590,20976,INR/Acre,CAZRI Jodhpur Cost Guidelines,2024-2025
ber (indian jujube),Rabi,Madhya Pradesh,19351,1590,4028,7820,2000,2323,1590,19351,INR/Acre,CAZRI Jodhpur Cost Guidelines,2024-2025
ber (indian jujube),Rabi,West Bengal,19808,1590,4028,8500,1700,2400,1590,19808,INR/Acre,CAZRI Jodhpur Cost Guidelines,2024-2025
ber (indian jujube),Rabi,Bihar,18773,1590,4028,7480,1800,2285,1590,18773,INR/Acre,CAZRI Jodhpur Cost Guidelines,2024-2025
ber (indian jujube),Rabi,Uttar Pradesh,19351,1590,4028,7820,2000,2323,1590,19351,INR/Acre,CAZRI Jodhpur Cost Guidelines,2024-2025
ber (indian jujube),Rabi,Punjab,22713,1590,4028,10625,2240,2640,1590,22713,INR/Acre,CAZRI Jodhpur Cost Guidelines,2024-2025
ber (indian jujube),Rabi,Kerala,23119,1590,4028,11475,1700,2736,1590,23119,INR/Acre,CAZRI Jodhpur Cost Guidelines,2024-2025
ber (indian jujube),Rabi,Odisha,18733,1590,4028,7480,1760,2285,1590,18733,INR/Acre,CAZRI Jodhpur Cost Guidelines,2024-2025
ber (indian jujube),Rabi,Assam,19559,1590,4028,8330,1640,2381,1590,19559,INR/Acre,CAZRI Jodhpur Cost Guidelines,2024-2025
ber (indian jujube),Zaid,Maharashtra,21541,1680,4256,9180,2268,2477,1680,21541,INR/Acre,CAZRI Jodhpur Cost Guidelines,2024-2025
ber (indian jujube),Zaid,Andhra Pradesh,21667,1680,4256,9350,2205,2496,1680,21667,INR/Acre,CAZRI Jodhpur Cost Guidelines,2024-2025
ber (indian jujube),Zaid,Telangana,21667,1680,4256,9350,2205,2496,1680,21667,INR/Acre,CAZRI Jodhpur Cost Guidelines,2024-2025
ber (indian jujube),Zaid,Karnataka,21667,1680,4256,9350,2205,2496,1680,21667,INR/Acre,CAZRI Jodhpur Cost Guidelines,2024-2025
ber (indian jujube),Zaid,Tamil Nadu,21961,1680,4256,9520,2310,2515,1680,21961,INR/Acre,CAZRI Jodhpur Cost Guidelines,2024-2025
ber (indian jujube),Zaid,Gujarat,21499,1680,4256,9010,2415,2458,1680,21499,INR/Acre,CAZRI Jodhpur Cost Guidelines,2024-2025
ber (indian jujube),Zaid,Madhya Pradesh,19859,1680,4256,7820,2100,2323,1680,19859,INR/Acre,CAZRI Jodhpur Cost Guidelines,2024-2025
ber (indian jujube),Zaid,West Bengal,20301,1680,4256,8500,1785,2400,1680,20301,INR/Acre,CAZRI Jodhpur Cost Guidelines,2024-2025
ber (indian jujube),Zaid,Bihar,19271,1680,4256,7480,1890,2285,1680,19271,INR/Acre,CAZRI Jodhpur Cost Guidelines,2024-2025
ber (indian jujube),Zaid,Uttar Pradesh,19859,1680,4256,7820,2100,2323,1680,19859,INR/Acre,CAZRI Jodhpur Cost Guidelines,2024-2025
ber (indian jujube),Zaid,Punjab,23233,1680,4256,10625,2352,2640,1680,23233,INR/Acre,CAZRI Jodhpur Cost Guidelines,2024-2025
ber (indian jujube),Zaid,Kerala,23612,1680,4256,11475,1785,2736,1680,23612,INR/Acre,CAZRI Jodhpur Cost Guidelines,2024-2025
ber (indian jujube),Zaid,Odisha,19229,1680,4256,7480,1848,2285,1680,19229,INR/Acre,CAZRI Jodhpur Cost Guidelines,2024-2025
ber (indian jujube),Zaid,Assam,20049,1680,4256,8330,1722,2381,1680,20049,INR/Acre,CAZRI Jodhpur Cost Guidelines,2024-2025
phalsa,Kharif,Maharashtra,19366,1400,3500,8640,2052,2374,1400,19366,INR/Acre,State Horticulture Guidelines,2024-2025
phalsa,Kharif,Andhra Pradesh,19487,1400,3500,8800,1995,2392,1400,19487,INR/Acre,State Horticulture Guidelines,2024-2025
phalsa,Kharif,Telangana,19487,1400,3500,8800,1995,2392,1400,19487,INR/Acre,State Horticulture Guidelines,2024-2025
phalsa,Kharif,Karnataka,19487,1400,3500,8800,1995,2392,1400,19487,INR/Acre,State Horticulture Guidelines,2024-2025
phalsa,Kharif,Tamil Nadu,19760,1400,3500,8960,2090,2410,1400,19760,INR/Acre,State Horticulture Guidelines,2024-2025
phalsa,Kharif,Gujarat,19320,1400,3500,8480,2185,2355,1400,19320,INR/Acre,State Horticulture Guidelines,2024-2025
phalsa,Kharif,Madhya Pradesh,17786,1400,3500,7360,1900,2226,1400,17786,INR/Acre,State Horticulture Guidelines,2024-2025
phalsa,Kharif,West Bengal,18215,1400,3500,8000,1615,2300,1400,18215,INR/Acre,State Horticulture Guidelines,2024-2025
phalsa,Kharif,Bihar,17240,1400,3500,7040,1710,2190,1400,17240,INR/Acre,State Horticulture Guidelines,2024-2025
phalsa,Kharif,Uttar Pradesh,17786,1400,3500,7360,1900,2226,1400,17786,INR/Acre,State Horticulture Guidelines,2024-2025
phalsa,Kharif,Punjab,20958,1400,3500,10000,2128,2530,1400,20958,INR/Acre,State Horticulture Guidelines,2024-2025
phalsa,Kharif,Kerala,21337,1400,3500,10800,1615,2622,1400,21337,INR/Acre,State Horticulture Guidelines,2024-2025
phalsa,Kharif,Odisha,17202,1400,3500,7040,1672,2190,1400,17202,INR/Acre,State Horticulture Guidelines,2024-2025
phalsa,Kharif,Assam,17980,1400,3500,7840,1558,2282,1400,17980,INR/Acre,State Horticulture Guidelines,2024-2025
phalsa,Rabi,Maharashtra,19744,1484,3710,8640,2052,2374,1484,19744,INR/Acre,State Horticulture Guidelines,2024-2025
phalsa,Rabi,Andhra Pradesh,19865,1484,3710,8800,1995,2392,1484,19865,INR/Acre,State Horticulture Guidelines,2024-2025
phalsa,Rabi,Telangana,19865,1484,3710,8800,1995,2392,1484,19865,INR/Acre,State Horticulture Guidelines,2024-2025
phalsa,Rabi,Karnataka,19865,1484,3710,8800,1995,2392,1484,19865,INR/Acre,State Horticulture Guidelines,2024-2025
phalsa,Rabi,Tamil Nadu,20138,1484,3710,8960,2090,2410,1484,20138,INR/Acre,State Horticulture Guidelines,2024-2025
phalsa,Rabi,Gujarat,19698,1484,3710,8480,2185,2355,1484,19698,INR/Acre,State Horticulture Guidelines,2024-2025
phalsa,Rabi,Madhya Pradesh,18164,1484,3710,7360,1900,2226,1484,18164,INR/Acre,State Horticulture Guidelines,2024-2025
phalsa,Rabi,West Bengal,18593,1484,3710,8000,1615,2300,1484,18593,INR/Acre,State Horticulture Guidelines,2024-2025
phalsa,Rabi,Bihar,17618,1484,3710,7040,1710,2190,1484,17618,INR/Acre,State Horticulture Guidelines,2024-2025
phalsa,Rabi,Uttar Pradesh,18164,1484,3710,7360,1900,2226,1484,18164,INR/Acre,State Horticulture Guidelines,2024-2025
phalsa,Rabi,Punjab,21336,1484,3710,10000,2128,2530,1484,21336,INR/Acre,State Horticulture Guidelines,2024-2025
phalsa,Rabi,Kerala,21715,1484,3710,10800,1615,2622,1484,21715,INR/Acre,State Horticulture Guidelines,2024-2025
phalsa,Rabi,Odisha,17580,1484,3710,7040,1672,2190,1484,17580,INR/Acre,State Horticulture Guidelines,2024-2025
phalsa,Rabi,Assam,18358,1484,3710,7840,1558,2282,1484,18358,INR/Acre,State Horticulture Guidelines,2024-2025
phalsa,Zaid,Maharashtra,20225,1568,3920,8640,2155,2374,1568,20225,INR/Acre,State Horticulture Guidelines,2024-2025
phalsa,Zaid,Andhra Pradesh,20343,1568,3920,8800,2095,2392,1568,20343,INR/Acre,State Horticulture Guidelines,2024-2025
phalsa,Zaid,Telangana,20343,1568,3920,8800,2095,2392,1568,20343,INR/Acre,State Horticulture Guidelines,2024-2025
phalsa,Zaid,Karnataka,20343,1568,3920,8800,2095,2392,1568,20343,INR/Acre,State Horticulture Guidelines,2024-2025
phalsa,Zaid,Tamil Nadu,20620,1568,3920,8960,2194,2410,1568,20620,INR/Acre,State Horticulture Guidelines,2024-2025
phalsa,Zaid,Gujarat,20185,1568,3920,8480,2294,2355,1568,20185,INR/Acre,State Horticulture Guidelines,2024-2025
phalsa,Zaid,Madhya Pradesh,18637,1568,3920,7360,1995,2226,1568,18637,INR/Acre,State Horticulture Guidelines,2024-2025
phalsa,Zaid,West Bengal,19052,1568,3920,8000,1696,2300,1568,19052,INR/Acre,State Horticulture Guidelines,2024-2025
phalsa,Zaid,Bihar,18082,1568,3920,7040,1796,2190,1568,18082,INR/Acre,State Horticulture Guidelines,2024-2025
phalsa,Zaid,Uttar Pradesh,18637,1568,3920,7360,1995,2226,1568,18637,INR/Acre,State Horticulture Guidelines,2024-2025
phalsa,Zaid,Punjab,21820,1568,3920,10000,2234,2530,1568,21820,INR/Acre,State Horticulture Guidelines,2024-2025
phalsa,Zaid,Kerala,22174,1568,3920,10800,1696,2622,1568,22174,INR/Acre,State Horticulture Guidelines,2024-2025
phalsa,Zaid,Odisha,18042,1568,3920,7040,1756,2190,1568,18042,INR/Acre,State Horticulture Guidelines,2024-2025
phalsa,Zaid,Assam,18814,1568,3920,7840,1636,2282,1568,18814,INR/Acre,State Horticulture Guidelines,2024-2025
karonda,Kharif,Maharashtra,18014,1200,3200,8100,1944,2270,1300,18014,INR/Acre,State Horticulture Guidelines,2024-2025
karonda,Kharif,Andhra Pradesh,18128,1200,3200,8250,1890,2288,1300,18128,INR/Acre,State Horticulture Guidelines,2024-2025
karonda,Kharif,Telangana,18128,1200,3200,8250,1890,2288,1300,18128,INR/Acre,State Horticulture Guidelines,2024-2025
karonda,Kharif,Karnataka,18128,1200,3200,8250,1890,2288,1300,18128,INR/Acre,State Horticulture Guidelines,2024-2025
karonda,Kharif,Tamil Nadu,18386,1200,3200,8400,1980,2306,1300,18386,INR/Acre,State Horticulture Guidelines,2024-2025
karonda,Kharif,Gujarat,17973,1200,3200,7950,2070,2253,1300,17973,INR/Acre,State Horticulture Guidelines,2024-2025
karonda,Kharif,Madhya Pradesh,16530,1200,3200,6900,1800,2130,1300,16530,INR/Acre,State Horticulture Guidelines,2024-2025
karonda,Kharif,West Bengal,16930,1200,3200,7500,1530,2200,1300,16930,INR/Acre,State Horticulture Guidelines,2024-2025
karonda,Kharif,Bihar,16014,1200,3200,6600,1620,2094,1300,16014,INR/Acre,State Horticulture Guidelines,2024-2025
karonda,Kharif,Uttar Pradesh,16530,1200,3200,6900,1800,2130,1300,16530,INR/Acre,State Horticulture Guidelines,2024-2025
karonda,Kharif,Punjab,19511,1200,3200,9375,2016,2420,1300,19511,INR/Acre,State Horticulture Guidelines,2024-2025
karonda,Kharif,Kerala,19863,1200,3200,10125,1530,2508,1300,19863,INR/Acre,State Horticulture Guidelines,2024-2025
karonda,Kharif,Odisha,15978,1200,3200,6600,1584,2094,1300,15978,INR/Acre,State Horticulture Guidelines,2024-2025
karonda,Kharif,Assam,16708,1200,3200,7350,1476,2182,1300,16708,INR/Acre,State Horticulture Guidelines,2024-2025
karonda,Rabi,Maharashtra,18356,1272,3392,8100,1944,2270,1378,18356,INR/Acre,State Horticulture Guidelines,2024-2025
karonda,Rabi,Andhra Pradesh,18470,1272,3392,8250,1890,2288,1378,18470,INR/Acre,State Horticulture Guidelines,2024-2025
karonda,Rabi,Telangana,18470,1272,3392,8250,1890,2288,1378,18470,INR/Acre,State Horticulture Guidelines,2024-2025
karonda,Rabi,Karnataka,18470,1272,3392,8250,1890,2288,1378,18470,INR/Acre,State Horticulture Guidelines,2024-2025
karonda,Rabi,Tamil Nadu,18728,1272,3392,8400,1980,2306,1378,18728,INR/Acre,State Horticulture Guidelines,2024-2025
karonda,Rabi,Gujarat,18315,1272,3392,7950,2070,2253,1378,18315,INR/Acre,State Horticulture Guidelines,2024-2025
karonda,Rabi,Madhya Pradesh,16872,1272,3392,6900,1800,2130,1378,16872,INR/Acre,State Horticulture Guidelines,2024-2025
karonda,Rabi,West Bengal,17272,1272,3392,7500,1530,2200,1378,17272,INR/Acre,State Horticulture Guidelines,2024-2025
karonda,Rabi,Bihar,16356,1272,3392,6600,1620,2094,1378,16356,INR/Acre,State Horticulture Guidelines,2024-2025
karonda,Rabi,Uttar Pradesh,16872,1272,3392,6900,1800,2130,1378,16872,INR/Acre,State Horticulture Guidelines,2024-2025
karonda,Rabi,Punjab,19853,1272,3392,9375,2016,2420,1378,19853,INR/Acre,State Horticulture Guidelines,2024-2025
karonda,Rabi,Kerala,20205,1272,3392,10125,1530,2508,1378,20205,INR/Acre,State Horticulture Guidelines,2024-2025
karonda,Rabi,Odisha,16320,1272,3392,6600,1584,2094,1378,16320,INR/Acre,State Horticulture Guidelines,2024-2025
karonda,Rabi,Assam,17050,1272,3392,7350,1476,2182,1378,17050,INR/Acre,State Horticulture Guidelines,2024-2025
karonda,Zaid,Maharashtra,18795,1344,3584,8100,2041,2270,1456,18795,INR/Acre,State Horticulture Guidelines,2024-2025
karonda,Zaid,Andhra Pradesh,18906,1344,3584,8250,1984,2288,1456,18906,INR/Acre,State Horticulture Guidelines,2024-2025
karonda,Zaid,Telangana,18906,1344,3584,8250,1984,2288,1456,18906,INR/Acre,State Horticulture Guidelines,2024-2025
karonda,Zaid,Karnataka,18906,1344,3584,8250,1984,2288,1456,18906,INR/Acre,State Horticulture Guidelines,2024-2025
karonda,Zaid,Tamil Nadu,19169,1344,3584,8400,2079,2306,1456,19169,INR/Acre,State Horticulture Guidelines,2024-2025
karonda,Zaid,Gujarat,18761,1344,3584,7950,2174,2253,1456,18761,INR/Acre,State Horticulture Guidelines,2024-2025
karonda,Zaid,Madhya Pradesh,17304,1344,3584,6900,1890,2130,1456,17304,INR/Acre,State Horticulture Guidelines,2024-2025
karonda,Zaid,West Bengal,17690,1344,3584,7500,1606,2200,1456,17690,INR/Acre,State Horticulture Guidelines,2024-2025
karonda,Zaid,Bihar,16779,1344,3584,6600,1701,2094,1456,16779,INR/Acre,State Horticulture Guidelines,2024-2025
karonda,Zaid,Uttar Pradesh,17304,1344,3584,6900,1890,2130,1456,17304,INR/Acre,State Horticulture Guidelines,2024-2025
karonda,Zaid,Punjab,20296,1344,3584,9375,2117,2420,1456,20296,INR/Acre,State Horticulture Guidelines,2024-2025
karonda,Zaid,Kerala,20623,1344,3584,10125,1606,2508,1456,20623,INR/Acre,State Horticulture Guidelines,2024-2025
karonda,Zaid,Odisha,16741,1344,3584,6600,1663,2094,1456,16741,INR/Acre,State Horticulture Guidelines,2024-2025
karonda,Zaid,Assam,17466,1344,3584,7350,1550,2182,1456,17466,INR/Acre,State Horticulture Guidelines,2024-2025
mulberry fruit,Kharif,Maharashtra,23227,2000,4200,10260,2484,2683,1600,23227,INR/Acre,CSRTI Sericulture/Fruit Norms,2024-2025
mulberry fruit,Kharif,Andhra Pradesh,23369,2000,4200,10450,2415,2704,1600,23369,INR/Acre,CSRTI Sericulture/Fruit Norms,2024-2025
mulberry fruit,Kharif,Telangana,23369,2000,4200,10450,2415,2704,1600,23369,INR/Acre,CSRTI Sericulture/Fruit Norms,2024-2025
mulberry fruit,Kharif,Karnataka,23369,2000,4200,10450,2415,2704,1600,23369,INR/Acre,CSRTI Sericulture/Fruit Norms,2024-2025
mulberry fruit,Kharif,Tamil Nadu,23695,2000,4200,10640,2530,2725,1600,23695,INR/Acre,CSRTI Sericulture/Fruit Norms,2024-2025
mulberry fruit,Kharif,Gujarat,23177,2000,4200,10070,2645,2662,1600,23177,INR/Acre,CSRTI Sericulture/Fruit Norms,2024-2025
mulberry fruit,Kharif,Madhya Pradesh,21357,2000,4200,8740,2300,2517,1600,21357,INR/Acre,CSRTI Sericulture/Fruit Norms,2024-2025
mulberry fruit,Kharif,West Bengal,21855,2000,4200,9500,1955,2600,1600,21855,INR/Acre,CSRTI Sericulture/Fruit Norms,2024-2025
mulberry fruit,Kharif,Bihar,20705,2000,4200,8360,2070,2475,1600,20705,INR/Acre,CSRTI Sericulture/Fruit Norms,2024-2025
mulberry fruit,Kharif,Uttar Pradesh,21357,2000,4200,8740,2300,2517,1600,21357,INR/Acre,CSRTI Sericulture/Fruit Norms,2024-2025
mulberry fruit,Kharif,Punjab,25111,2000,4200,11875,2576,2860,1600,25111,INR/Acre,CSRTI Sericulture/Fruit Norms,2024-2025
mulberry fruit,Kharif,Kerala,25544,2000,4200,12825,1955,2964,1600,25544,INR/Acre,CSRTI Sericulture/Fruit Norms,2024-2025
mulberry fruit,Kharif,Odisha,20659,2000,4200,8360,2024,2475,1600,20659,INR/Acre,CSRTI Sericulture/Fruit Norms,2024-2025
mulberry fruit,Kharif,Assam,21575,2000,4200,9310,1886,2579,1600,21575,INR/Acre,CSRTI Sericulture/Fruit Norms,2024-2025
mulberry fruit,Rabi,Maharashtra,23695,2120,4452,10260,2484,2683,1696,23695,INR/Acre,CSRTI Sericulture/Fruit Norms,2024-2025
mulberry fruit,Rabi,Andhra Pradesh,23837,2120,4452,10450,2415,2704,1696,23837,INR/Acre,CSRTI Sericulture/Fruit Norms,2024-2025
mulberry fruit,Rabi,Telangana,23837,2120,4452,10450,2415,2704,1696,23837,INR/Acre,CSRTI Sericulture/Fruit Norms,2024-2025
mulberry fruit,Rabi,Karnataka,23837,2120,4452,10450,2415,2704,1696,23837,INR/Acre,CSRTI Sericulture/Fruit Norms,2024-2025
mulberry fruit,Rabi,Tamil Nadu,24163,2120,4452,10640,2530,2725,1696,24163,INR/Acre,CSRTI Sericulture/Fruit Norms,2024-2025
mulberry fruit,Rabi,Gujarat,23645,2120,4452,10070,2645,2662,1696,23645,INR/Acre,CSRTI Sericulture/Fruit Norms,2024-2025
mulberry fruit,Rabi,Madhya Pradesh,21825,2120,4452,8740,2300,2517,1696,21825,INR/Acre,CSRTI Sericulture/Fruit Norms,2024-2025
mulberry fruit,Rabi,West Bengal,22323,2120,4452,9500,1955,2600,1696,22323,INR/Acre,CSRTI Sericulture/Fruit Norms,2024-2025
mulberry fruit,Rabi,Bihar,21173,2120,4452,8360,2070,2475,1696,21173,INR/Acre,CSRTI Sericulture/Fruit Norms,2024-2025
mulberry fruit,Rabi,Uttar Pradesh,21825,2120,4452,8740,2300,2517,1696,21825,INR/Acre,CSRTI Sericulture/Fruit Norms,2024-2025
mulberry fruit,Rabi,Punjab,25579,2120,4452,11875,2576,2860,1696,25579,INR/Acre,CSRTI Sericulture/Fruit Norms,2024-2025
mulberry fruit,Rabi,Kerala,26012,2120,4452,12825,1955,2964,1696,26012,INR/Acre,CSRTI Sericulture/Fruit Norms,2024-2025
mulberry fruit,Rabi,Odisha,21127,2120,4452,8360,2024,2475,1696,21127,INR/Acre,CSRTI Sericulture/Fruit Norms,2024-2025
mulberry fruit,Rabi,Assam,22043,2120,4452,9310,1886,2579,1696,22043,INR/Acre,CSRTI Sericulture/Fruit Norms,2024-2025
mulberry fruit,Zaid,Maharashtra,24287,2240,4704,10260,2608,2683,1792,24287,INR/Acre,CSRTI Sericulture/Fruit Norms,2024-2025
mulberry fruit,Zaid,Andhra Pradesh,24426,2240,4704,10450,2536,2704,1792,24426,INR/Acre,CSRTI Sericulture/Fruit Norms,2024-2025
mulberry fruit,Zaid,Telangana,24426,2240,4704,10450,2536,2704,1792,24426,INR/Acre,CSRTI Sericulture/Fruit Norms,2024-2025
mulberry fruit,Zaid,Karnataka,24426,2240,4704,10450,2536,2704,1792,24426,INR/Acre,CSRTI Sericulture/Fruit Norms,2024-2025
mulberry fruit,Zaid,Tamil Nadu,24757,2240,4704,10640,2656,2725,1792,24757,INR/Acre,CSRTI Sericulture/Fruit Norms,2024-2025
mulberry fruit,Zaid,Gujarat,24245,2240,4704,10070,2777,2662,1792,24245,INR/Acre,CSRTI Sericulture/Fruit Norms,2024-2025
mulberry fruit,Zaid,Madhya Pradesh,22408,2240,4704,8740,2415,2517,1792,22408,INR/Acre,CSRTI Sericulture/Fruit Norms,2024-2025
mulberry fruit,Zaid,West Bengal,22889,2240,4704,9500,2053,2600,1792,22889,INR/Acre,CSRTI Sericulture/Fruit Norms,2024-2025
mulberry fruit,Zaid,Bihar,21745,2240,4704,8360,2174,2475,1792,21745,INR/Acre,CSRTI Sericulture/Fruit Norms,2024-2025
mulberry fruit,Zaid,Uttar Pradesh,22408,2240,4704,8740,2415,2517,1792,22408,INR/Acre,CSRTI Sericulture/Fruit Norms,2024-2025
mulberry fruit,Zaid,Punjab,26176,2240,4704,11875,2705,2860,1792,26176,INR/Acre,CSRTI Sericulture/Fruit Norms,2024-2025
mulberry fruit,Zaid,Kerala,26578,2240,4704,12825,2053,2964,1792,26578,INR/Acre,CSRTI Sericulture/Fruit Norms,2024-2025
mulberry fruit,Zaid,Odisha,21696,2240,4704,8360,2125,2475,1792,21696,INR/Acre,CSRTI Sericulture/Fruit Norms,2024-2025
mulberry fruit,Zaid,Assam,22605,2240,4704,9310,1980,2579,1792,22605,INR/Acre,CSRTI Sericulture/Fruit Norms,2024-2025
sweet orange (mosambi),Kharif,Maharashtra,38648,3500,7500,16200,4320,4128,3000,38648,INR/Acre,CCRI Nagpur & NHB Guidelines,2024-2025
sweet orange (mosambi),Kharif,Andhra Pradesh,38860,3500,7500,16500,4200,4160,3000,38860,INR/Acre,CCRI Nagpur & NHB Guidelines,2024-2025
sweet orange (mosambi),Kharif,Telangana,38860,3500,7500,16500,4200,4160,3000,38860,INR/Acre,CCRI Nagpur & NHB Guidelines,2024-2025
sweet orange (mosambi),Kharif,Karnataka,38860,3500,7500,16500,4200,4160,3000,38860,INR/Acre,CCRI Nagpur & NHB Guidelines,2024-2025
sweet orange (mosambi),Kharif,Tamil Nadu,39392,3500,7500,16800,4400,4192,3000,39392,INR/Acre,CCRI Nagpur & NHB Guidelines,2024-2025
sweet orange (mosambi),Kharif,Gujarat,38596,3500,7500,15900,4600,4096,3000,38596,INR/Acre,CCRI Nagpur & NHB Guidelines,2024-2025
sweet orange (mosambi),Kharif,Madhya Pradesh,35672,3500,7500,13800,4000,3872,3000,35672,INR/Acre,CCRI Nagpur & NHB Guidelines,2024-2025
sweet orange (mosambi),Kharif,West Bengal,36400,3500,7500,15000,3400,4000,3000,36400,INR/Acre,CCRI Nagpur & NHB Guidelines,2024-2025
sweet orange (mosambi),Kharif,Bihar,34608,3500,7500,13200,3600,3808,3000,34608,INR/Acre,CCRI Nagpur & NHB Guidelines,2024-2025
sweet orange (mosambi),Kharif,Uttar Pradesh,35672,3500,7500,13800,4000,3872,3000,35672,INR/Acre,CCRI Nagpur & NHB Guidelines,2024-2025
sweet orange (mosambi),Kharif,Punjab,41630,3500,7500,18750,4480,4400,3000,41630,INR/Acre,CCRI Nagpur & NHB Guidelines,2024-2025
sweet orange (mosambi),Kharif,Kerala,42210,3500,7500,20250,3400,4560,3000,42210,INR/Acre,CCRI Nagpur & NHB Guidelines,2024-2025
sweet orange (mosambi),Kharif,Odisha,34528,3500,7500,13200,3520,3808,3000,34528,INR/Acre,CCRI Nagpur & NHB Guidelines,2024-2025
sweet orange (mosambi),Kharif,Assam,35948,3500,7500,14700,3280,3968,3000,35948,INR/Acre,CCRI Nagpur & NHB Guidelines,2024-2025
sweet orange (mosambi),Rabi,Maharashtra,39488,3710,7950,16200,4320,4128,3180,39488,INR/Acre,CCRI Nagpur & NHB Guidelines,2024-2025
sweet orange (mosambi),Rabi,Andhra Pradesh,39700,3710,7950,16500,4200,4160,3180,39700,INR/Acre,CCRI Nagpur & NHB Guidelines,2024-2025
sweet orange (mosambi),Rabi,Telangana,39700,3710,7950,16500,4200,4160,3180,39700,INR/Acre,CCRI Nagpur & NHB Guidelines,2024-2025
sweet orange (mosambi),Rabi,Karnataka,39700,3710,7950,16500,4200,4160,3180,39700,INR/Acre,CCRI Nagpur & NHB Guidelines,2024-2025
sweet orange (mosambi),Rabi,Tamil Nadu,40232,3710,7950,16800,4400,4192,3180,40232,INR/Acre,CCRI Nagpur & NHB Guidelines,2024-2025
sweet orange (mosambi),Rabi,Gujarat,39436,3710,7950,15900,4600,4096,3180,39436,INR/Acre,CCRI Nagpur & NHB Guidelines,2024-2025
sweet orange (mosambi),Rabi,Madhya Pradesh,36512,3710,7950,13800,4000,3872,3180,36512,INR/Acre,CCRI Nagpur & NHB Guidelines,2024-2025
sweet orange (mosambi),Rabi,West Bengal,37240,3710,7950,15000,3400,4000,3180,37240,INR/Acre,CCRI Nagpur & NHB Guidelines,2024-2025
sweet orange (mosambi),Rabi,Bihar,35448,3710,7950,13200,3600,3808,3180,35448,INR/Acre,CCRI Nagpur & NHB Guidelines,2024-2025
sweet orange (mosambi),Rabi,Uttar Pradesh,36512,3710,7950,13800,4000,3872,3180,36512,INR/Acre,CCRI Nagpur & NHB Guidelines,2024-2025
sweet orange (mosambi),Rabi,Punjab,42470,3710,7950,18750,4480,4400,3180,42470,INR/Acre,CCRI Nagpur & NHB Guidelines,2024-2025
sweet orange (mosambi),Rabi,Kerala,43050,3710,7950,20250,3400,4560,3180,43050,INR/Acre,CCRI Nagpur & NHB Guidelines,2024-2025
sweet orange (mosambi),Rabi,Odisha,35368,3710,7950,13200,3520,3808,3180,35368,INR/Acre,CCRI Nagpur & NHB Guidelines,2024-2025
sweet orange (mosambi),Rabi,Assam,36788,3710,7950,14700,3280,3968,3180,36788,INR/Acre,CCRI Nagpur & NHB Guidelines,2024-2025
sweet orange (mosambi),Zaid,Maharashtra,40544,3920,8400,16200,4536,4128,3360,40544,INR/Acre,CCRI Nagpur & NHB Guidelines,2024-2025
sweet orange (mosambi),Zaid,Andhra Pradesh,40750,3920,8400,16500,4410,4160,3360,40750,INR/Acre,CCRI Nagpur & NHB Guidelines,2024-2025
sweet orange (mosambi),Zaid,Telangana,40750,3920,8400,16500,4410,4160,3360,40750,INR/Acre,CCRI Nagpur & NHB Guidelines,2024-2025
sweet orange (mosambi),Zaid,Karnataka,40750,3920,8400,16500,4410,4160,3360,40750,INR/Acre,CCRI Nagpur & NHB Guidelines,2024-2025
sweet orange (mosambi),Zaid,Tamil Nadu,41292,3920,8400,16800,4620,4192,3360,41292,INR/Acre,CCRI Nagpur & NHB Guidelines,2024-2025
sweet orange (mosambi),Zaid,Gujarat,40506,3920,8400,15900,4830,4096,3360,40506,INR/Acre,CCRI Nagpur & NHB Guidelines,2024-2025
sweet orange (mosambi),Zaid,Madhya Pradesh,37552,3920,8400,13800,4200,3872,3360,37552,INR/Acre,CCRI Nagpur & NHB Guidelines,2024-2025
sweet orange (mosambi),Zaid,West Bengal,38250,3920,8400,15000,3570,4000,3360,38250,INR/Acre,CCRI Nagpur & NHB Guidelines,2024-2025
sweet orange (mosambi),Zaid,Bihar,36468,3920,8400,13200,3780,3808,3360,36468,INR/Acre,CCRI Nagpur & NHB Guidelines,2024-2025
sweet orange (mosambi),Zaid,Uttar Pradesh,37552,3920,8400,13800,4200,3872,3360,37552,INR/Acre,CCRI Nagpur & NHB Guidelines,2024-2025
sweet orange (mosambi),Zaid,Punjab,43534,3920,8400,18750,4704,4400,3360,43534,INR/Acre,CCRI Nagpur & NHB Guidelines,2024-2025
sweet orange (mosambi),Zaid,Kerala,44060,3920,8400,20250,3570,4560,3360,44060,INR/Acre,CCRI Nagpur & NHB Guidelines,2024-2025
sweet orange (mosambi),Zaid,Odisha,36384,3920,8400,13200,3696,3808,3360,36384,INR/Acre,CCRI Nagpur & NHB Guidelines,2024-2025
sweet orange (mosambi),Zaid,Assam,37792,3920,8400,14700,3444,3968,3360,37792,INR/Acre,CCRI Nagpur & NHB Guidelines,2024-2025
mandarin (santra),Kharif,Maharashtra,38648,3500,7500,16200,4320,4128,3000,38648,INR/Acre,CCRI Nagpur & NHB Guidelines,2024-2025
mandarin (santra),Kharif,Andhra Pradesh,38860,3500,7500,16500,4200,4160,3000,38860,INR/Acre,CCRI Nagpur & NHB Guidelines,2024-2025
mandarin (santra),Kharif,Telangana,38860,3500,7500,16500,4200,4160,3000,38860,INR/Acre,CCRI Nagpur & NHB Guidelines,2024-2025
mandarin (santra),Kharif,Karnataka,38860,3500,7500,16500,4200,4160,3000,38860,INR/Acre,CCRI Nagpur & NHB Guidelines,2024-2025
mandarin (santra),Kharif,Tamil Nadu,39392,3500,7500,16800,4400,4192,3000,39392,INR/Acre,CCRI Nagpur & NHB Guidelines,2024-2025
mandarin (santra),Kharif,Gujarat,38596,3500,7500,15900,4600,4096,3000,38596,INR/Acre,CCRI Nagpur & NHB Guidelines,2024-2025
mandarin (santra),Kharif,Madhya Pradesh,35672,3500,7500,13800,4000,3872,3000,35672,INR/Acre,CCRI Nagpur & NHB Guidelines,2024-2025
mandarin (santra),Kharif,West Bengal,36400,3500,7500,15000,3400,4000,3000,36400,INR/Acre,CCRI Nagpur & NHB Guidelines,2024-2025
mandarin (santra),Kharif,Bihar,34608,3500,7500,13200,3600,3808,3000,34608,INR/Acre,CCRI Nagpur & NHB Guidelines,2024-2025
mandarin (santra),Kharif,Uttar Pradesh,35672,3500,7500,13800,4000,3872,3000,35672,INR/Acre,CCRI Nagpur & NHB Guidelines,2024-2025
mandarin (santra),Kharif,Punjab,41630,3500,7500,18750,4480,4400,3000,41630,INR/Acre,CCRI Nagpur & NHB Guidelines,2024-2025
mandarin (santra),Kharif,Kerala,42210,3500,7500,20250,3400,4560,3000,42210,INR/Acre,CCRI Nagpur & NHB Guidelines,2024-2025
mandarin (santra),Kharif,Odisha,34528,3500,7500,13200,3520,3808,3000,34528,INR/Acre,CCRI Nagpur & NHB Guidelines,2024-2025
mandarin (santra),Kharif,Assam,35948,3500,7500,14700,3280,3968,3000,35948,INR/Acre,CCRI Nagpur & NHB Guidelines,2024-2025
mandarin (santra),Rabi,Maharashtra,39488,3710,7950,16200,4320,4128,3180,39488,INR/Acre,CCRI Nagpur & NHB Guidelines,2024-2025
mandarin (santra),Rabi,Andhra Pradesh,39700,3710,7950,16500,4200,4160,3180,39700,INR/Acre,CCRI Nagpur & NHB Guidelines,2024-2025
mandarin (santra),Rabi,Telangana,39700,3710,7950,16500,4200,4160,3180,39700,INR/Acre,CCRI Nagpur & NHB Guidelines,2024-2025
mandarin (santra),Rabi,Karnataka,39700,3710,7950,16500,4200,4160,3180,39700,INR/Acre,CCRI Nagpur & NHB Guidelines,2024-2025
mandarin (santra),Rabi,Tamil Nadu,40232,3710,7950,16800,4400,4192,3180,40232,INR/Acre,CCRI Nagpur & NHB Guidelines,2024-2025
mandarin (santra),Rabi,Gujarat,39436,3710,7950,15900,4600,4096,3180,39436,INR/Acre,CCRI Nagpur & NHB Guidelines,2024-2025
mandarin (santra),Rabi,Madhya Pradesh,36512,3710,7950,13800,4000,3872,3180,36512,INR/Acre,CCRI Nagpur & NHB Guidelines,2024-2025
mandarin (santra),Rabi,West Bengal,37240,3710,7950,15000,3400,4000,3180,37240,INR/Acre,CCRI Nagpur & NHB Guidelines,2024-2025
mandarin (santra),Rabi,Bihar,35448,3710,7950,13200,3600,3808,3180,35448,INR/Acre,CCRI Nagpur & NHB Guidelines,2024-2025
mandarin (santra),Rabi,Uttar Pradesh,36512,3710,7950,13800,4000,3872,3180,36512,INR/Acre,CCRI Nagpur & NHB Guidelines,2024-2025
mandarin (santra),Rabi,Punjab,42470,3710,7950,18750,4480,4400,3180,42470,INR/Acre,CCRI Nagpur & NHB Guidelines,2024-2025
mandarin (santra),Rabi,Kerala,43050,3710,7950,20250,3400,4560,3180,43050,INR/Acre,CCRI Nagpur & NHB Guidelines,2024-2025
mandarin (santra),Rabi,Odisha,35368,3710,7950,13200,3520,3808,3180,35368,INR/Acre,CCRI Nagpur & NHB Guidelines,2024-2025
mandarin (santra),Rabi,Assam,36788,3710,7950,14700,3280,3968,3180,36788,INR/Acre,CCRI Nagpur & NHB Guidelines,2024-2025
mandarin (santra),Zaid,Maharashtra,40544,3920,8400,16200,4536,4128,3360,40544,INR/Acre,CCRI Nagpur & NHB Guidelines,2024-2025
mandarin (santra),Zaid,Andhra Pradesh,40750,3920,8400,16500,4410,4160,3360,40750,INR/Acre,CCRI Nagpur & NHB Guidelines,2024-2025
mandarin (santra),Zaid,Telangana,40750,3920,8400,16500,4410,4160,3360,40750,INR/Acre,CCRI Nagpur & NHB Guidelines,2024-2025
mandarin (santra),Zaid,Karnataka,40750,3920,8400,16500,4410,4160,3360,40750,INR/Acre,CCRI Nagpur & NHB Guidelines,2024-2025
mandarin (santra),Zaid,Tamil Nadu,41292,3920,8400,16800,4620,4192,3360,41292,INR/Acre,CCRI Nagpur & NHB Guidelines,2024-2025
mandarin (santra),Zaid,Gujarat,40506,3920,8400,15900,4830,4096,3360,40506,INR/Acre,CCRI Nagpur & NHB Guidelines,2024-2025
mandarin (santra),Zaid,Madhya Pradesh,37552,3920,8400,13800,4200,3872,3360,37552,INR/Acre,CCRI Nagpur & NHB Guidelines,2024-2025
mandarin (santra),Zaid,West Bengal,38250,3920,8400,15000,3570,4000,3360,38250,INR/Acre,CCRI Nagpur & NHB Guidelines,2024-2025
mandarin (santra),Zaid,Bihar,36468,3920,8400,13200,3780,3808,3360,36468,INR/Acre,CCRI Nagpur & NHB Guidelines,2024-2025
mandarin (santra),Zaid,Uttar Pradesh,37552,3920,8400,13800,4200,3872,3360,37552,INR/Acre,CCRI Nagpur & NHB Guidelines,2024-2025
mandarin (santra),Zaid,Punjab,43534,3920,8400,18750,4704,4400,3360,43534,INR/Acre,CCRI Nagpur & NHB Guidelines,2024-2025
mandarin (santra),Zaid,Kerala,44060,3920,8400,20250,3570,4560,3360,44060,INR/Acre,CCRI Nagpur & NHB Guidelines,2024-2025
mandarin (santra),Zaid,Odisha,36384,3920,8400,13200,3696,3808,3360,36384,INR/Acre,CCRI Nagpur & NHB Guidelines,2024-2025
mandarin (santra),Zaid,Assam,37792,3920,8400,14700,3444,3968,3360,37792,INR/Acre,CCRI Nagpur & NHB Guidelines,2024-2025
lemon,Kharif,Maharashtra,32632,2800,6000,14040,3780,3612,2400,32632,INR/Acre,State Horticulture Guidelines,2024-2025
lemon,Kharif,Andhra Pradesh,32815,2800,6000,14300,3675,3640,2400,32815,INR/Acre,State Horticulture Guidelines,2024-2025
lemon,Kharif,Telangana,32815,2800,6000,14300,3675,3640,2400,32815,INR/Acre,State Horticulture Guidelines,2024-2025
lemon,Kharif,Karnataka,32815,2800,6000,14300,3675,3640,2400,32815,INR/Acre,State Horticulture Guidelines,2024-2025
lemon,Kharif,Tamil Nadu,33278,2800,6000,14560,3850,3668,2400,33278,INR/Acre,State Horticulture Guidelines,2024-2025
lemon,Kharif,Gujarat,32589,2800,6000,13780,4025,3584,2400,32589,INR/Acre,State Horticulture Guidelines,2024-2025
lemon,Kharif,Madhya Pradesh,30048,2800,6000,11960,3500,3388,2400,30048,INR/Acre,State Horticulture Guidelines,2024-2025
lemon,Kharif,West Bengal,30675,2800,6000,13000,2975,3500,2400,30675,INR/Acre,State Horticulture Guidelines,2024-2025
lemon,Kharif,Bihar,29122,2800,6000,11440,3150,3332,2400,29122,INR/Acre,State Horticulture Guidelines,2024-2025
lemon,Kharif,Uttar Pradesh,30048,2800,6000,11960,3500,3388,2400,30048,INR/Acre,State Horticulture Guidelines,2024-2025
lemon,Kharif,Punjab,35220,2800,6000,16250,3920,3850,2400,35220,INR/Acre,State Horticulture Guidelines,2024-2025
lemon,Kharif,Kerala,35715,2800,6000,17550,2975,3990,2400,35715,INR/Acre,State Horticulture Guidelines,2024-2025
lemon,Kharif,Odisha,29052,2800,6000,11440,3080,3332,2400,29052,INR/Acre,State Horticulture Guidelines,2024-2025
lemon,Kharif,Assam,30282,2800,6000,12740,2870,3472,2400,30282,INR/Acre,State Horticulture Guidelines,2024-2025
lemon,Rabi,Maharashtra,33304,2968,6360,14040,3780,3612,2544,33304,INR/Acre,State Horticulture Guidelines,2024-2025
lemon,Rabi,Andhra Pradesh,33487,2968,6360,14300,3675,3640,2544,33487,INR/Acre,State Horticulture Guidelines,2024-2025
lemon,Rabi,Telangana,33487,2968,6360,14300,3675,3640,2544,33487,INR/Acre,State Horticulture Guidelines,2024-2025
lemon,Rabi,Karnataka,33487,2968,6360,14300,3675,3640,2544,33487,INR/Acre,State Horticulture Guidelines,2024-2025
lemon,Rabi,Tamil Nadu,33950,2968,6360,14560,3850,3668,2544,33950,INR/Acre,State Horticulture Guidelines,2024-2025
lemon,Rabi,Gujarat,33261,2968,6360,13780,4025,3584,2544,33261,INR/Acre,State Horticulture Guidelines,2024-2025
lemon,Rabi,Madhya Pradesh,30720,2968,6360,11960,3500,3388,2544,30720,INR/Acre,State Horticulture Guidelines,2024-2025
lemon,Rabi,West Bengal,31347,2968,6360,13000,2975,3500,2544,31347,INR/Acre,State Horticulture Guidelines,2024-2025
lemon,Rabi,Bihar,29794,2968,6360,11440,3150,3332,2544,29794,INR/Acre,State Horticulture Guidelines,2024-2025
lemon,Rabi,Uttar Pradesh,30720,2968,6360,11960,3500,3388,2544,30720,INR/Acre,State Horticulture Guidelines,2024-2025
lemon,Rabi,Punjab,35892,2968,6360,16250,3920,3850,2544,35892,INR/Acre,State Horticulture Guidelines,2024-2025
lemon,Rabi,Kerala,36387,2968,6360,17550,2975,3990,2544,36387,INR/Acre,State Horticulture Guidelines,2024-2025
lemon,Rabi,Odisha,29724,2968,6360,11440,3080,3332,2544,29724,INR/Acre,State Horticulture Guidelines,2024-2025
lemon,Rabi,Assam,30954,2968,6360,12740,2870,3472,2544,30954,INR/Acre,State Horticulture Guidelines,2024-2025
lemon,Zaid,Maharashtra,34165,3136,6720,14040,3969,3612,2688,34165,INR/Acre,State Horticulture Guidelines,2024-2025
lemon,Zaid,Andhra Pradesh,34343,3136,6720,14300,3859,3640,2688,34343,INR/Acre,State Horticulture Guidelines,2024-2025
lemon,Zaid,Telangana,34343,3136,6720,14300,3859,3640,2688,34343,INR/Acre,State Horticulture Guidelines,2024-2025
lemon,Zaid,Karnataka,34343,3136,6720,14300,3859,3640,2688,34343,INR/Acre,State Horticulture Guidelines,2024-2025
lemon,Zaid,Tamil Nadu,34815,3136,6720,14560,4043,3668,2688,34815,INR/Acre,State Horticulture Guidelines,2024-2025
lemon,Zaid,Gujarat,34134,3136,6720,13780,4226,3584,2688,34134,INR/Acre,State Horticulture Guidelines,2024-2025
lemon,Zaid,Madhya Pradesh,31567,3136,6720,11960,3675,3388,2688,31567,INR/Acre,State Horticulture Guidelines,2024-2025
lemon,Zaid,West Bengal,32168,3136,6720,13000,3124,3500,2688,32168,INR/Acre,State Horticulture Guidelines,2024-2025
lemon,Zaid,Bihar,30624,3136,6720,11440,3308,3332,2688,30624,INR/Acre,State Horticulture Guidelines,2024-2025
lemon,Zaid,Uttar Pradesh,31567,3136,6720,11960,3675,3388,2688,31567,INR/Acre,State Horticulture Guidelines,2024-2025
lemon,Zaid,Punjab,36760,3136,6720,16250,4116,3850,2688,36760,INR/Acre,State Horticulture Guidelines,2024-2025
lemon,Zaid,Kerala,37208,3136,6720,17550,3124,3990,2688,37208,INR/Acre,State Horticulture Guidelines,2024-2025
lemon,Zaid,Odisha,30550,3136,6720,11440,3234,3332,2688,30550,INR/Acre,State Horticulture Guidelines,2024-2025
lemon,Zaid,Assam,31770,3136,6720,12740,3014,3472,2688,31770,INR/Acre,State Horticulture Guidelines,2024-2025
lime,Kharif,Maharashtra,32632,2800,6000,14040,3780,3612,2400,32632,INR/Acre,State Horticulture Guidelines,2024-2025
lime,Kharif,Andhra Pradesh,32815,2800,6000,14300,3675,3640,2400,32815,INR/Acre,State Horticulture Guidelines,2024-2025
lime,Kharif,Telangana,32815,2800,6000,14300,3675,3640,2400,32815,INR/Acre,State Horticulture Guidelines,2024-2025
lime,Kharif,Karnataka,32815,2800,6000,14300,3675,3640,2400,32815,INR/Acre,State Horticulture Guidelines,2024-2025
lime,Kharif,Tamil Nadu,33278,2800,6000,14560,3850,3668,2400,33278,INR/Acre,State Horticulture Guidelines,2024-2025
lime,Kharif,Gujarat,32589,2800,6000,13780,4025,3584,2400,32589,INR/Acre,State Horticulture Guidelines,2024-2025
lime,Kharif,Madhya Pradesh,30048,2800,6000,11960,3500,3388,2400,30048,INR/Acre,State Horticulture Guidelines,2024-2025
lime,Kharif,West Bengal,30675,2800,6000,13000,2975,3500,2400,30675,INR/Acre,State Horticulture Guidelines,2024-2025
lime,Kharif,Bihar,29122,2800,6000,11440,3150,3332,2400,29122,INR/Acre,State Horticulture Guidelines,2024-2025
lime,Kharif,Uttar Pradesh,30048,2800,6000,11960,3500,3388,2400,30048,INR/Acre,State Horticulture Guidelines,2024-2025
lime,Kharif,Punjab,35220,2800,6000,16250,3920,3850,2400,35220,INR/Acre,State Horticulture Guidelines,2024-2025
lime,Kharif,Kerala,35715,2800,6000,17550,2975,3990,2400,35715,INR/Acre,State Horticulture Guidelines,2024-2025
lime,Kharif,Odisha,29052,2800,6000,11440,3080,3332,2400,29052,INR/Acre,State Horticulture Guidelines,2024-2025
lime,Kharif,Assam,30282,2800,6000,12740,2870,3472,2400,30282,INR/Acre,State Horticulture Guidelines,2024-2025
lime,Rabi,Maharashtra,33304,2968,6360,14040,3780,3612,2544,33304,INR/Acre,State Horticulture Guidelines,2024-2025
lime,Rabi,Andhra Pradesh,33487,2968,6360,14300,3675,3640,2544,33487,INR/Acre,State Horticulture Guidelines,2024-2025
lime,Rabi,Telangana,33487,2968,6360,14300,3675,3640,2544,33487,INR/Acre,State Horticulture Guidelines,2024-2025
lime,Rabi,Karnataka,33487,2968,6360,14300,3675,3640,2544,33487,INR/Acre,State Horticulture Guidelines,2024-2025
lime,Rabi,Tamil Nadu,33950,2968,6360,14560,3850,3668,2544,33950,INR/Acre,State Horticulture Guidelines,2024-2025
lime,Rabi,Gujarat,33261,2968,6360,13780,4025,3584,2544,33261,INR/Acre,State Horticulture Guidelines,2024-2025
lime,Rabi,Madhya Pradesh,30720,2968,6360,11960,3500,3388,2544,30720,INR/Acre,State Horticulture Guidelines,2024-2025
lime,Rabi,West Bengal,31347,2968,6360,13000,2975,3500,2544,31347,INR/Acre,State Horticulture Guidelines,2024-2025
lime,Rabi,Bihar,29794,2968,6360,11440,3150,3332,2544,29794,INR/Acre,State Horticulture Guidelines,2024-2025
lime,Rabi,Uttar Pradesh,30720,2968,6360,11960,3500,3388,2544,30720,INR/Acre,State Horticulture Guidelines,2024-2025
lime,Rabi,Punjab,35892,2968,6360,16250,3920,3850,2544,35892,INR/Acre,State Horticulture Guidelines,2024-2025
lime,Rabi,Kerala,36387,2968,6360,17550,2975,3990,2544,36387,INR/Acre,State Horticulture Guidelines,2024-2025
lime,Rabi,Odisha,29724,2968,6360,11440,3080,3332,2544,29724,INR/Acre,State Horticulture Guidelines,2024-2025
lime,Rabi,Assam,30954,2968,6360,12740,2870,3472,2544,30954,INR/Acre,State Horticulture Guidelines,2024-2025
lime,Zaid,Maharashtra,34165,3136,6720,14040,3969,3612,2688,34165,INR/Acre,State Horticulture Guidelines,2024-2025
lime,Zaid,Andhra Pradesh,34343,3136,6720,14300,3859,3640,2688,34343,INR/Acre,State Horticulture Guidelines,2024-2025
lime,Zaid,Telangana,34343,3136,6720,14300,3859,3640,2688,34343,INR/Acre,State Horticulture Guidelines,2024-2025
lime,Zaid,Karnataka,34343,3136,6720,14300,3859,3640,2688,34343,INR/Acre,State Horticulture Guidelines,2024-2025
lime,Zaid,Tamil Nadu,34815,3136,6720,14560,4043,3668,2688,34815,INR/Acre,State Horticulture Guidelines,2024-2025
lime,Zaid,Gujarat,34134,3136,6720,13780,4226,3584,2688,34134,INR/Acre,State Horticulture Guidelines,2024-2025
lime,Zaid,Madhya Pradesh,31567,3136,6720,11960,3675,3388,2688,31567,INR/Acre,State Horticulture Guidelines,2024-2025
lime,Zaid,West Bengal,32168,3136,6720,13000,3124,3500,2688,32168,INR/Acre,State Horticulture Guidelines,2024-2025
lime,Zaid,Bihar,30624,3136,6720,11440,3308,3332,2688,30624,INR/Acre,State Horticulture Guidelines,2024-2025
lime,Zaid,Uttar Pradesh,31567,3136,6720,11960,3675,3388,2688,31567,INR/Acre,State Horticulture Guidelines,2024-2025
lime,Zaid,Punjab,36760,3136,6720,16250,4116,3850,2688,36760,INR/Acre,State Horticulture Guidelines,2024-2025
lime,Zaid,Kerala,37208,3136,6720,17550,3124,3990,2688,37208,INR/Acre,State Horticulture Guidelines,2024-2025
lime,Zaid,Odisha,30550,3136,6720,11440,3234,3332,2688,30550,INR/Acre,State Horticulture Guidelines,2024-2025
lime,Zaid,Assam,31770,3136,6720,12740,3014,3472,2688,31770,INR/Acre,State Horticulture Guidelines,2024-2025
acid lime,Kharif,Maharashtra,32632,2800,6000,14040,3780,3612,2400,32632,INR/Acre,State Horticulture Guidelines,2024-2025
acid lime,Kharif,Andhra Pradesh,32815,2800,6000,14300,3675,3640,2400,32815,INR/Acre,State Horticulture Guidelines,2024-2025
acid lime,Kharif,Telangana,32815,2800,6000,14300,3675,3640,2400,32815,INR/Acre,State Horticulture Guidelines,2024-2025
acid lime,Kharif,Karnataka,32815,2800,6000,14300,3675,3640,2400,32815,INR/Acre,State Horticulture Guidelines,2024-2025
acid lime,Kharif,Tamil Nadu,33278,2800,6000,14560,3850,3668,2400,33278,INR/Acre,State Horticulture Guidelines,2024-2025
acid lime,Kharif,Gujarat,32589,2800,6000,13780,4025,3584,2400,32589,INR/Acre,State Horticulture Guidelines,2024-2025
acid lime,Kharif,Madhya Pradesh,30048,2800,6000,11960,3500,3388,2400,30048,INR/Acre,State Horticulture Guidelines,2024-2025
acid lime,Kharif,West Bengal,30675,2800,6000,13000,2975,3500,2400,30675,INR/Acre,State Horticulture Guidelines,2024-2025
acid lime,Kharif,Bihar,29122,2800,6000,11440,3150,3332,2400,29122,INR/Acre,State Horticulture Guidelines,2024-2025
acid lime,Kharif,Uttar Pradesh,30048,2800,6000,11960,3500,3388,2400,30048,INR/Acre,State Horticulture Guidelines,2024-2025
acid lime,Kharif,Punjab,35220,2800,6000,16250,3920,3850,2400,35220,INR/Acre,State Horticulture Guidelines,2024-2025
acid lime,Kharif,Kerala,35715,2800,6000,17550,2975,3990,2400,35715,INR/Acre,State Horticulture Guidelines,2024-2025
acid lime,Kharif,Odisha,29052,2800,6000,11440,3080,3332,2400,29052,INR/Acre,State Horticulture Guidelines,2024-2025
acid lime,Kharif,Assam,30282,2800,6000,12740,2870,3472,2400,30282,INR/Acre,State Horticulture Guidelines,2024-2025
acid lime,Rabi,Maharashtra,33304,2968,6360,14040,3780,3612,2544,33304,INR/Acre,State Horticulture Guidelines,2024-2025
acid lime,Rabi,Andhra Pradesh,33487,2968,6360,14300,3675,3640,2544,33487,INR/Acre,State Horticulture Guidelines,2024-2025
acid lime,Rabi,Telangana,33487,2968,6360,14300,3675,3640,2544,33487,INR/Acre,State Horticulture Guidelines,2024-2025
acid lime,Rabi,Karnataka,33487,2968,6360,14300,3675,3640,2544,33487,INR/Acre,State Horticulture Guidelines,2024-2025
acid lime,Rabi,Tamil Nadu,33950,2968,6360,14560,3850,3668,2544,33950,INR/Acre,State Horticulture Guidelines,2024-2025
acid lime,Rabi,Gujarat,33261,2968,6360,13780,4025,3584,2544,33261,INR/Acre,State Horticulture Guidelines,2024-2025
acid lime,Rabi,Madhya Pradesh,30720,2968,6360,11960,3500,3388,2544,30720,INR/Acre,State Horticulture Guidelines,2024-2025
acid lime,Rabi,West Bengal,31347,2968,6360,13000,2975,3500,2544,31347,INR/Acre,State Horticulture Guidelines,2024-2025
acid lime,Rabi,Bihar,29794,2968,6360,11440,3150,3332,2544,29794,INR/Acre,State Horticulture Guidelines,2024-2025
acid lime,Rabi,Uttar Pradesh,30720,2968,6360,11960,3500,3388,2544,30720,INR/Acre,State Horticulture Guidelines,2024-2025
acid lime,Rabi,Punjab,35892,2968,6360,16250,3920,3850,2544,35892,INR/Acre,State Horticulture Guidelines,2024-2025
acid lime,Rabi,Kerala,36387,2968,6360,17550,2975,3990,2544,36387,INR/Acre,State Horticulture Guidelines,2024-2025
acid lime,Rabi,Odisha,29724,2968,6360,11440,3080,3332,2544,29724,INR/Acre,State Horticulture Guidelines,2024-2025
acid lime,Rabi,Assam,30954,2968,6360,12740,2870,3472,2544,30954,INR/Acre,State Horticulture Guidelines,2024-2025
acid lime,Zaid,Maharashtra,34165,3136,6720,14040,3969,3612,2688,34165,INR/Acre,State Horticulture Guidelines,2024-2025
acid lime,Zaid,Andhra Pradesh,34343,3136,6720,14300,3859,3640,2688,34343,INR/Acre,State Horticulture Guidelines,2024-2025
acid lime,Zaid,Telangana,34343,3136,6720,14300,3859,3640,2688,34343,INR/Acre,State Horticulture Guidelines,2024-2025
acid lime,Zaid,Karnataka,34343,3136,6720,14300,3859,3640,2688,34343,INR/Acre,State Horticulture Guidelines,2024-2025
acid lime,Zaid,Tamil Nadu,34815,3136,6720,14560,4043,3668,2688,34815,INR/Acre,State Horticulture Guidelines,2024-2025
acid lime,Zaid,Gujarat,34134,3136,6720,13780,4226,3584,2688,34134,INR/Acre,State Horticulture Guidelines,2024-2025
acid lime,Zaid,Madhya Pradesh,31567,3136,6720,11960,3675,3388,2688,31567,INR/Acre,State Horticulture Guidelines,2024-2025
acid lime,Zaid,West Bengal,32168,3136,6720,13000,3124,3500,2688,32168,INR/Acre,State Horticulture Guidelines,2024-2025
acid lime,Zaid,Bihar,30624,3136,6720,11440,3308,3332,2688,30624,INR/Acre,State Horticulture Guidelines,2024-2025
acid lime,Zaid,Uttar Pradesh,31567,3136,6720,11960,3675,3388,2688,31567,INR/Acre,State Horticulture Guidelines,2024-2025
acid lime,Zaid,Punjab,36760,3136,6720,16250,4116,3850,2688,36760,INR/Acre,State Horticulture Guidelines,2024-2025
acid lime,Zaid,Kerala,37208,3136,6720,17550,3124,3990,2688,37208,INR/Acre,State Horticulture Guidelines,2024-2025
acid lime,Zaid,Odisha,30550,3136,6720,11440,3234,3332,2688,30550,INR/Acre,State Horticulture Guidelines,2024-2025
acid lime,Zaid,Assam,31770,3136,6720,12740,3014,3472,2688,31770,INR/Acre,State Horticulture Guidelines,2024-2025
pomelo,Kharif,Maharashtra,33559,3000,6200,14256,3888,3715,2500,33559,INR/Acre,State Horticulture Guidelines,2024-2025
pomelo,Kharif,Andhra Pradesh,33744,3000,6200,14520,3780,3744,2500,33744,INR/Acre,State Horticulture Guidelines,2024-2025
pomelo,Kharif,Telangana,33744,3000,6200,14520,3780,3744,2500,33744,INR/Acre,State Horticulture Guidelines,2024-2025
pomelo,Kharif,Karnataka,33744,3000,6200,14520,3780,3744,2500,33744,INR/Acre,State Horticulture Guidelines,2024-2025
pomelo,Kharif,Tamil Nadu,34217,3000,6200,14784,3960,3773,2500,34217,INR/Acre,State Horticulture Guidelines,2024-2025
pomelo,Kharif,Gujarat,33518,3000,6200,13992,4140,3686,2500,33518,INR/Acre,State Horticulture Guidelines,2024-2025
pomelo,Kharif,Madhya Pradesh,30929,3000,6200,12144,3600,3485,2500,30929,INR/Acre,State Horticulture Guidelines,2024-2025
pomelo,Kharif,West Bengal,31560,3000,6200,13200,3060,3600,2500,31560,INR/Acre,State Horticulture Guidelines,2024-2025
pomelo,Kharif,Bihar,29983,3000,6200,11616,3240,3427,2500,29983,INR/Acre,State Horticulture Guidelines,2024-2025
pomelo,Kharif,Uttar Pradesh,30929,3000,6200,12144,3600,3485,2500,30929,INR/Acre,State Horticulture Guidelines,2024-2025
pomelo,Kharif,Punjab,36192,3000,6200,16500,4032,3960,2500,36192,INR/Acre,State Horticulture Guidelines,2024-2025
pomelo,Kharif,Kerala,36684,3000,6200,17820,3060,4104,2500,36684,INR/Acre,State Horticulture Guidelines,2024-2025
pomelo,Kharif,Odisha,29911,3000,6200,11616,3168,3427,2500,29911,INR/Acre,State Horticulture Guidelines,2024-2025
pomelo,Kharif,Assam,31159,3000,6200,12936,2952,3571,2500,31159,INR/Acre,State Horticulture Guidelines,2024-2025
pomelo,Rabi,Maharashtra,34261,3180,6572,14256,3888,3715,2650,34261,INR/Acre,State Horticulture Guidelines,2024-2025
pomelo,Rabi,Andhra Pradesh,34446,3180,6572,14520,3780,3744,2650,34446,INR/Acre,State Horticulture Guidelines,2024-2025
pomelo,Rabi,Telangana,34446,3180,6572,14520,3780,3744,2650,34446,INR/Acre,State Horticulture Guidelines,2024-2025
pomelo,Rabi,Karnataka,34446,3180,6572,14520,3780,3744,2650,34446,INR/Acre,State Horticulture Guidelines,2024-2025
pomelo,Rabi,Tamil Nadu,34919,3180,6572,14784,3960,3773,2650,34919,INR/Acre,State Horticulture Guidelines,2024-2025
pomelo,Rabi,Gujarat,34220,3180,6572,13992,4140,3686,2650,34220,INR/Acre,State Horticulture Guidelines,2024-2025
pomelo,Rabi,Madhya Pradesh,31631,3180,6572,12144,3600,3485,2650,31631,INR/Acre,State Horticulture Guidelines,2024-2025
pomelo,Rabi,West Bengal,32262,3180,6572,13200,3060,3600,2650,32262,INR/Acre,State Horticulture Guidelines,2024-2025
pomelo,Rabi,Bihar,30685,3180,6572,11616,3240,3427,2650,30685,INR/Acre,State Horticulture Guidelines,2024-2025
pomelo,Rabi,Uttar Pradesh,31631,3180,6572,12144,3600,3485,2650,31631,INR/Acre,State Horticulture Guidelines,2024-2025
pomelo,Rabi,Punjab,36894,3180,6572,16500,4032,3960,2650,36894,INR/Acre,State Horticulture Guidelines,2024-2025
pomelo,Rabi,Kerala,37386,3180,6572,17820,3060,4104,2650,37386,INR/Acre,State Horticulture Guidelines,2024-2025
pomelo,Rabi,Odisha,30613,3180,6572,11616,3168,3427,2650,30613,INR/Acre,State Horticulture Guidelines,2024-2025
pomelo,Rabi,Assam,31861,3180,6572,12936,2952,3571,2650,31861,INR/Acre,State Horticulture Guidelines,2024-2025
pomelo,Zaid,Maharashtra,35157,3360,6944,14256,4082,3715,2800,35157,INR/Acre,State Horticulture Guidelines,2024-2025
pomelo,Zaid,Andhra Pradesh,35337,3360,6944,14520,3969,3744,2800,35337,INR/Acre,State Horticulture Guidelines,2024-2025
pomelo,Zaid,Telangana,35337,3360,6944,14520,3969,3744,2800,35337,INR/Acre,State Horticulture Guidelines,2024-2025
pomelo,Zaid,Karnataka,35337,3360,6944,14520,3969,3744,2800,35337,INR/Acre,State Horticulture Guidelines,2024-2025
pomelo,Zaid,Tamil Nadu,35819,3360,6944,14784,4158,3773,2800,35819,INR/Acre,State Horticulture Guidelines,2024-2025
pomelo,Zaid,Gujarat,35129,3360,6944,13992,4347,3686,2800,35129,INR/Acre,State Horticulture Guidelines,2024-2025
pomelo,Zaid,Madhya Pradesh,32513,3360,6944,12144,3780,3485,2800,32513,INR/Acre,State Horticulture Guidelines,2024-2025
pomelo,Zaid,West Bengal,33117,3360,6944,13200,3213,3600,2800,33117,INR/Acre,State Horticulture Guidelines,2024-2025
pomelo,Zaid,Bihar,31549,3360,6944,11616,3402,3427,2800,31549,INR/Acre,State Horticulture Guidelines,2024-2025
pomelo,Zaid,Uttar Pradesh,32513,3360,6944,12144,3780,3485,2800,32513,INR/Acre,State Horticulture Guidelines,2024-2025
pomelo,Zaid,Punjab,37798,3360,6944,16500,4234,3960,2800,37798,INR/Acre,State Horticulture Guidelines,2024-2025
pomelo,Zaid,Kerala,38241,3360,6944,17820,3213,4104,2800,38241,INR/Acre,State Horticulture Guidelines,2024-2025
pomelo,Zaid,Odisha,31473,3360,6944,11616,3326,3427,2800,31473,INR/Acre,State Horticulture Guidelines,2024-2025
pomelo,Zaid,Assam,32711,3360,6944,12936,3100,3571,2800,32711,INR/Acre,State Horticulture Guidelines,2024-2025
grapefruit,Kharif,Maharashtra,34594,3200,6400,14580,3996,3818,2600,34594,INR/Acre,State Horticulture Guidelines,2024-2025
grapefruit,Kharif,Andhra Pradesh,34783,3200,6400,14850,3885,3848,2600,34783,INR/Acre,State Horticulture Guidelines,2024-2025
grapefruit,Kharif,Telangana,34783,3200,6400,14850,3885,3848,2600,34783,INR/Acre,State Horticulture Guidelines,2024-2025
grapefruit,Kharif,Karnataka,34783,3200,6400,14850,3885,3848,2600,34783,INR/Acre,State Horticulture Guidelines,2024-2025
grapefruit,Kharif,Tamil Nadu,35268,3200,6400,15120,4070,3878,2600,35268,INR/Acre,State Horticulture Guidelines,2024-2025
grapefruit,Kharif,Gujarat,34554,3200,6400,14310,4255,3789,2600,34554,INR/Acre,State Horticulture Guidelines,2024-2025
grapefruit,Kharif,Madhya Pradesh,31902,3200,6400,12420,3700,3582,2600,31902,INR/Acre,State Horticulture Guidelines,2024-2025
grapefruit,Kharif,West Bengal,32545,3200,6400,13500,3145,3700,2600,32545,INR/Acre,State Horticulture Guidelines,2024-2025
grapefruit,Kharif,Bihar,30932,3200,6400,11880,3330,3522,2600,30932,INR/Acre,State Horticulture Guidelines,2024-2025
grapefruit,Kharif,Uttar Pradesh,31902,3200,6400,12420,3700,3582,2600,31902,INR/Acre,State Horticulture Guidelines,2024-2025
grapefruit,Kharif,Punjab,37289,3200,6400,16875,4144,4070,2600,37289,INR/Acre,State Horticulture Guidelines,2024-2025
grapefruit,Kharif,Kerala,37788,3200,6400,18225,3145,4218,2600,37788,INR/Acre,State Horticulture Guidelines,2024-2025
grapefruit,Kharif,Odisha,30858,3200,6400,11880,3256,3522,2600,30858,INR/Acre,State Horticulture Guidelines,2024-2025
grapefruit,Kharif,Assam,32134,3200,6400,13230,3034,3670,2600,32134,INR/Acre,State Horticulture Guidelines,2024-2025
grapefruit,Rabi,Maharashtra,35326,3392,6784,14580,3996,3818,2756,35326,INR/Acre,State Horticulture Guidelines,2024-2025
grapefruit,Rabi,Andhra Pradesh,35515,3392,6784,14850,3885,3848,2756,35515,INR/Acre,State Horticulture Guidelines,2024-2025
grapefruit,Rabi,Telangana,35515,3392,6784,14850,3885,3848,2756,35515,INR/Acre,State Horticulture Guidelines,2024-2025
grapefruit,Rabi,Karnataka,35515,3392,6784,14850,3885,3848,2756,35515,INR/Acre,State Horticulture Guidelines,2024-2025
grapefruit,Rabi,Tamil Nadu,36000,3392,6784,15120,4070,3878,2756,36000,INR/Acre,State Horticulture Guidelines,2024-2025
grapefruit,Rabi,Gujarat,35286,3392,6784,14310,4255,3789,2756,35286,INR/Acre,State Horticulture Guidelines,2024-2025
grapefruit,Rabi,Madhya Pradesh,32634,3392,6784,12420,3700,3582,2756,32634,INR/Acre,State Horticulture Guidelines,2024-2025
grapefruit,Rabi,West Bengal,33277,3392,6784,13500,3145,3700,2756,33277,INR/Acre,State Horticulture Guidelines,2024-2025
grapefruit,Rabi,Bihar,31664,3392,6784,11880,3330,3522,2756,31664,INR/Acre,State Horticulture Guidelines,2024-2025
grapefruit,Rabi,Uttar Pradesh,32634,3392,6784,12420,3700,3582,2756,32634,INR/Acre,State Horticulture Guidelines,2024-2025
grapefruit,Rabi,Punjab,38021,3392,6784,16875,4144,4070,2756,38021,INR/Acre,State Horticulture Guidelines,2024-2025
grapefruit,Rabi,Kerala,38520,3392,6784,18225,3145,4218,2756,38520,INR/Acre,State Horticulture Guidelines,2024-2025
grapefruit,Rabi,Odisha,31590,3392,6784,11880,3256,3522,2756,31590,INR/Acre,State Horticulture Guidelines,2024-2025
grapefruit,Rabi,Assam,32866,3392,6784,13230,3034,3670,2756,32866,INR/Acre,State Horticulture Guidelines,2024-2025
grapefruit,Zaid,Maharashtra,36258,3584,7168,14580,4196,3818,2912,36258,INR/Acre,State Horticulture Guidelines,2024-2025
grapefruit,Zaid,Andhra Pradesh,36441,3584,7168,14850,4079,3848,2912,36441,INR/Acre,State Horticulture Guidelines,2024-2025
grapefruit,Zaid,Telangana,36441,3584,7168,14850,4079,3848,2912,36441,INR/Acre,State Horticulture Guidelines,2024-2025
grapefruit,Zaid,Karnataka,36441,3584,7168,14850,4079,3848,2912,36441,INR/Acre,State Horticulture Guidelines,2024-2025
grapefruit,Zaid,Tamil Nadu,36936,3584,7168,15120,4274,3878,2912,36936,INR/Acre,State Horticulture Guidelines,2024-2025
grapefruit,Zaid,Gujarat,36231,3584,7168,14310,4468,3789,2912,36231,INR/Acre,State Horticulture Guidelines,2024-2025
grapefruit,Zaid,Madhya Pradesh,33551,3584,7168,12420,3885,3582,2912,33551,INR/Acre,State Horticulture Guidelines,2024-2025
grapefruit,Zaid,West Bengal,34166,3584,7168,13500,3302,3700,2912,34166,INR/Acre,State Horticulture Guidelines,2024-2025
grapefruit,Zaid,Bihar,32562,3584,7168,11880,3496,3522,2912,32562,INR/Acre,State Horticulture Guidelines,2024-2025
grapefruit,Zaid,Uttar Pradesh,33551,3584,7168,12420,3885,3582,2912,33551,INR/Acre,State Horticulture Guidelines,2024-2025
grapefruit,Zaid,Punjab,38960,3584,7168,16875,4351,4070,2912,38960,INR/Acre,State Horticulture Guidelines,2024-2025
grapefruit,Zaid,Kerala,39409,3584,7168,18225,3302,4218,2912,39409,INR/Acre,State Horticulture Guidelines,2024-2025
grapefruit,Zaid,Odisha,32485,3584,7168,11880,3419,3522,2912,32485,INR/Acre,State Horticulture Guidelines,2024-2025
grapefruit,Zaid,Assam,33750,3584,7168,13230,3186,3670,2912,33750,INR/Acre,State Horticulture Guidelines,2024-2025
kumquat,Kharif,Maharashtra,32616,3000,6000,13824,3780,3612,2400,32616,INR/Acre,State Horticulture Guidelines,2024-2025
kumquat,Kharif,Andhra Pradesh,32795,3000,6000,14080,3675,3640,2400,32795,INR/Acre,State Horticulture Guidelines,2024-2025
kumquat,Kharif,Telangana,32795,3000,6000,14080,3675,3640,2400,32795,INR/Acre,State Horticulture Guidelines,2024-2025
kumquat,Kharif,Karnataka,32795,3000,6000,14080,3675,3640,2400,32795,INR/Acre,State Horticulture Guidelines,2024-2025
kumquat,Kharif,Tamil Nadu,33254,3000,6000,14336,3850,3668,2400,33254,INR/Acre,State Horticulture Guidelines,2024-2025
kumquat,Kharif,Gujarat,32577,3000,6000,13568,4025,3584,2400,32577,INR/Acre,State Horticulture Guidelines,2024-2025
kumquat,Kharif,Madhya Pradesh,30064,3000,6000,11776,3500,3388,2400,30064,INR/Acre,State Horticulture Guidelines,2024-2025
kumquat,Kharif,West Bengal,30675,3000,6000,12800,2975,3500,2400,30675,INR/Acre,State Horticulture Guidelines,2024-2025
kumquat,Kharif,Bihar,29146,3000,6000,11264,3150,3332,2400,29146,INR/Acre,State Horticulture Guidelines,2024-2025
kumquat,Kharif,Uttar Pradesh,30064,3000,6000,11776,3500,3388,2400,30064,INR/Acre,State Horticulture Guidelines,2024-2025
kumquat,Kharif,Punjab,35170,3000,6000,16000,3920,3850,2400,35170,INR/Acre,State Horticulture Guidelines,2024-2025
kumquat,Kharif,Kerala,35645,3000,6000,17280,2975,3990,2400,35645,INR/Acre,State Horticulture Guidelines,2024-2025
kumquat,Kharif,Odisha,29076,3000,6000,11264,3080,3332,2400,29076,INR/Acre,State Horticulture Guidelines,2024-2025
kumquat,Kharif,Assam,30286,3000,6000,12544,2870,3472,2400,30286,INR/Acre,State Horticulture Guidelines,2024-2025
kumquat,Rabi,Maharashtra,33300,3180,6360,13824,3780,3612,2544,33300,INR/Acre,State Horticulture Guidelines,2024-2025
kumquat,Rabi,Andhra Pradesh,33479,3180,6360,14080,3675,3640,2544,33479,INR/Acre,State Horticulture Guidelines,2024-2025
kumquat,Rabi,Telangana,33479,3180,6360,14080,3675,3640,2544,33479,INR/Acre,State Horticulture Guidelines,2024-2025
kumquat,Rabi,Karnataka,33479,3180,6360,14080,3675,3640,2544,33479,INR/Acre,State Horticulture Guidelines,2024-2025
kumquat,Rabi,Tamil Nadu,33938,3180,6360,14336,3850,3668,2544,33938,INR/Acre,State Horticulture Guidelines,2024-2025
kumquat,Rabi,Gujarat,33261,3180,6360,13568,4025,3584,2544,33261,INR/Acre,State Horticulture Guidelines,2024-2025
kumquat,Rabi,Madhya Pradesh,30748,3180,6360,11776,3500,3388,2544,30748,INR/Acre,State Horticulture Guidelines,2024-2025
kumquat,Rabi,West Bengal,31359,3180,6360,12800,2975,3500,2544,31359,INR/Acre,State Horticulture Guidelines,2024-2025
kumquat,Rabi,Bihar,29830,3180,6360,11264,3150,3332,2544,29830,INR/Acre,State Horticulture Guidelines,2024-2025
kumquat,Rabi,Uttar Pradesh,30748,3180,6360,11776,3500,3388,2544,30748,INR/Acre,State Horticulture Guidelines,2024-2025
kumquat,Rabi,Punjab,35854,3180,6360,16000,3920,3850,2544,35854,INR/Acre,State Horticulture Guidelines,2024-2025
kumquat,Rabi,Kerala,36329,3180,6360,17280,2975,3990,2544,36329,INR/Acre,State Horticulture Guidelines,2024-2025
kumquat,Rabi,Odisha,29760,3180,6360,11264,3080,3332,2544,29760,INR/Acre,State Horticulture Guidelines,2024-2025
kumquat,Rabi,Assam,30970,3180,6360,12544,2870,3472,2544,30970,INR/Acre,State Horticulture Guidelines,2024-2025
kumquat,Zaid,Maharashtra,34173,3360,6720,13824,3969,3612,2688,34173,INR/Acre,State Horticulture Guidelines,2024-2025
kumquat,Zaid,Andhra Pradesh,34347,3360,6720,14080,3859,3640,2688,34347,INR/Acre,State Horticulture Guidelines,2024-2025
kumquat,Zaid,Telangana,34347,3360,6720,14080,3859,3640,2688,34347,INR/Acre,State Horticulture Guidelines,2024-2025
kumquat,Zaid,Karnataka,34347,3360,6720,14080,3859,3640,2688,34347,INR/Acre,State Horticulture Guidelines,2024-2025
kumquat,Zaid,Tamil Nadu,34815,3360,6720,14336,4043,3668,2688,34815,INR/Acre,State Horticulture Guidelines,2024-2025
kumquat,Zaid,Gujarat,34146,3360,6720,13568,4226,3584,2688,34146,INR/Acre,State Horticulture Guidelines,2024-2025
kumquat,Zaid,Madhya Pradesh,31607,3360,6720,11776,3675,3388,2688,31607,INR/Acre,State Horticulture Guidelines,2024-2025
kumquat,Zaid,West Bengal,32192,3360,6720,12800,3124,3500,2688,32192,INR/Acre,State Horticulture Guidelines,2024-2025
kumquat,Zaid,Bihar,30672,3360,6720,11264,3308,3332,2688,30672,INR/Acre,State Horticulture Guidelines,2024-2025
kumquat,Zaid,Uttar Pradesh,31607,3360,6720,11776,3675,3388,2688,31607,INR/Acre,State Horticulture Guidelines,2024-2025
kumquat,Zaid,Punjab,36734,3360,6720,16000,4116,3850,2688,36734,INR/Acre,State Horticulture Guidelines,2024-2025
kumquat,Zaid,Kerala,37162,3360,6720,17280,3124,3990,2688,37162,INR/Acre,State Horticulture Guidelines,2024-2025
kumquat,Zaid,Odisha,30598,3360,6720,11264,3234,3332,2688,30598,INR/Acre,State Horticulture Guidelines,2024-2025
kumquat,Zaid,Assam,31798,3360,6720,12544,3014,3472,2688,31798,INR/Acre,State Horticulture Guidelines,2024-2025
citron,Kharif,Maharashtra,30022,2500,5500,12960,3456,3406,2200,30022,INR/Acre,State Horticulture Guidelines,2024-2025
citron,Kharif,Andhra Pradesh,30192,2500,5500,13200,3360,3432,2200,30192,INR/Acre,State Horticulture Guidelines,2024-2025
citron,Kharif,Telangana,30192,2500,5500,13200,3360,3432,2200,30192,INR/Acre,State Horticulture Guidelines,2024-2025
citron,Kharif,Karnataka,30192,2500,5500,13200,3360,3432,2200,30192,INR/Acre,State Horticulture Guidelines,2024-2025
citron,Kharif,Tamil Nadu,30618,2500,5500,13440,3520,3458,2200,30618,INR/Acre,State Horticulture Guidelines,2024-2025
citron,Kharif,Gujarat,29979,2500,5500,12720,3680,3379,2200,29979,INR/Acre,State Horticulture Guidelines,2024-2025
citron,Kharif,Madhya Pradesh,27634,2500,5500,11040,3200,3194,2200,27634,INR/Acre,State Horticulture Guidelines,2024-2025
citron,Kharif,West Bengal,28220,2500,5500,12000,2720,3300,2200,28220,INR/Acre,State Horticulture Guidelines,2024-2025
citron,Kharif,Bihar,26782,2500,5500,10560,2880,3142,2200,26782,INR/Acre,State Horticulture Guidelines,2024-2025
citron,Kharif,Uttar Pradesh,27634,2500,5500,11040,3200,3194,2200,27634,INR/Acre,State Horticulture Guidelines,2024-2025
citron,Kharif,Punjab,32414,2500,5500,15000,3584,3630,2200,32414,INR/Acre,State Horticulture Guidelines,2024-2025
citron,Kharif,Kerala,32882,2500,5500,16200,2720,3762,2200,32882,INR/Acre,State Horticulture Guidelines,2024-2025
citron,Kharif,Odisha,26718,2500,5500,10560,2816,3142,2200,26718,INR/Acre,State Horticulture Guidelines,2024-2025
citron,Kharif,Assam,27858,2500,5500,11760,2624,3274,2200,27858,INR/Acre,State Horticulture Guidelines,2024-2025
citron,Rabi,Maharashtra,30634,2650,5830,12960,3456,3406,2332,30634,INR/Acre,State Horticulture Guidelines,2024-2025
citron,Rabi,Andhra Pradesh,30804,2650,5830,13200,3360,3432,2332,30804,INR/Acre,State Horticulture Guidelines,2024-2025
citron,Rabi,Telangana,30804,2650,5830,13200,3360,3432,2332,30804,INR/Acre,State Horticulture Guidelines,2024-2025
citron,Rabi,Karnataka,30804,2650,5830,13200,3360,3432,2332,30804,INR/Acre,State Horticulture Guidelines,2024-2025
citron,Rabi,Tamil Nadu,31230,2650,5830,13440,3520,3458,2332,31230,INR/Acre,State Horticulture Guidelines,2024-2025
citron,Rabi,Gujarat,30591,2650,5830,12720,3680,3379,2332,30591,INR/Acre,State Horticulture Guidelines,2024-2025
citron,Rabi,Madhya Pradesh,28246,2650,5830,11040,3200,3194,2332,28246,INR/Acre,State Horticulture Guidelines,2024-2025
citron,Rabi,West Bengal,28832,2650,5830,12000,2720,3300,2332,28832,INR/Acre,State Horticulture Guidelines,2024-2025
citron,Rabi,Bihar,27394,2650,5830,10560,2880,3142,2332,27394,INR/Acre,State Horticulture Guidelines,2024-2025
citron,Rabi,Uttar Pradesh,28246,2650,5830,11040,3200,3194,2332,28246,INR/Acre,State Horticulture Guidelines,2024-2025
citron,Rabi,Punjab,33026,2650,5830,15000,3584,3630,2332,33026,INR/Acre,State Horticulture Guidelines,2024-2025
citron,Rabi,Kerala,33494,2650,5830,16200,2720,3762,2332,33494,INR/Acre,State Horticulture Guidelines,2024-2025
citron,Rabi,Odisha,27330,2650,5830,10560,2816,3142,2332,27330,INR/Acre,State Horticulture Guidelines,2024-2025
citron,Rabi,Assam,28470,2650,5830,11760,2624,3274,2332,28470,INR/Acre,State Horticulture Guidelines,2024-2025
citron,Zaid,Maharashtra,31419,2800,6160,12960,3629,3406,2464,31419,INR/Acre,State Horticulture Guidelines,2024-2025
citron,Zaid,Andhra Pradesh,31584,2800,6160,13200,3528,3432,2464,31584,INR/Acre,State Horticulture Guidelines,2024-2025
citron,Zaid,Telangana,31584,2800,6160,13200,3528,3432,2464,31584,INR/Acre,State Horticulture Guidelines,2024-2025
citron,Zaid,Karnataka,31584,2800,6160,13200,3528,3432,2464,31584,INR/Acre,State Horticulture Guidelines,2024-2025
citron,Zaid,Tamil Nadu,32018,2800,6160,13440,3696,3458,2464,32018,INR/Acre,State Horticulture Guidelines,2024-2025
citron,Zaid,Gujarat,31387,2800,6160,12720,3864,3379,2464,31387,INR/Acre,State Horticulture Guidelines,2024-2025
citron,Zaid,Madhya Pradesh,29018,2800,6160,11040,3360,3194,2464,29018,INR/Acre,State Horticulture Guidelines,2024-2025
citron,Zaid,West Bengal,29580,2800,6160,12000,2856,3300,2464,29580,INR/Acre,State Horticulture Guidelines,2024-2025
citron,Zaid,Bihar,28150,2800,6160,10560,3024,3142,2464,28150,INR/Acre,State Horticulture Guidelines,2024-2025
citron,Zaid,Uttar Pradesh,29018,2800,6160,11040,3360,3194,2464,29018,INR/Acre,State Horticulture Guidelines,2024-2025
citron,Zaid,Punjab,33817,2800,6160,15000,3763,3630,2464,33817,INR/Acre,State Horticulture Guidelines,2024-2025
citron,Zaid,Kerala,34242,2800,6160,16200,2856,3762,2464,34242,INR/Acre,State Horticulture Guidelines,2024-2025
citron,Zaid,Odisha,28083,2800,6160,10560,2957,3142,2464,28083,INR/Acre,State Horticulture Guidelines,2024-2025
citron,Zaid,Assam,29213,2800,6160,11760,2755,3274,2464,29213,INR/Acre,State Horticulture Guidelines,2024-2025
bergamot,Kharif,Maharashtra,32616,3000,6000,13824,3780,3612,2400,32616,INR/Acre,State Horticulture Guidelines,2024-2025
bergamot,Kharif,Andhra Pradesh,32795,3000,6000,14080,3675,3640,2400,32795,INR/Acre,State Horticulture Guidelines,2024-2025
bergamot,Kharif,Telangana,32795,3000,6000,14080,3675,3640,2400,32795,INR/Acre,State Horticulture Guidelines,2024-2025
bergamot,Kharif,Karnataka,32795,3000,6000,14080,3675,3640,2400,32795,INR/Acre,State Horticulture Guidelines,2024-2025
bergamot,Kharif,Tamil Nadu,33254,3000,6000,14336,3850,3668,2400,33254,INR/Acre,State Horticulture Guidelines,2024-2025
bergamot,Kharif,Gujarat,32577,3000,6000,13568,4025,3584,2400,32577,INR/Acre,State Horticulture Guidelines,2024-2025
bergamot,Kharif,Madhya Pradesh,30064,3000,6000,11776,3500,3388,2400,30064,INR/Acre,State Horticulture Guidelines,2024-2025
bergamot,Kharif,West Bengal,30675,3000,6000,12800,2975,3500,2400,30675,INR/Acre,State Horticulture Guidelines,2024-2025
bergamot,Kharif,Bihar,29146,3000,6000,11264,3150,3332,2400,29146,INR/Acre,State Horticulture Guidelines,2024-2025
bergamot,Kharif,Uttar Pradesh,30064,3000,6000,11776,3500,3388,2400,30064,INR/Acre,State Horticulture Guidelines,2024-2025
bergamot,Kharif,Punjab,35170,3000,6000,16000,3920,3850,2400,35170,INR/Acre,State Horticulture Guidelines,2024-2025
bergamot,Kharif,Kerala,35645,3000,6000,17280,2975,3990,2400,35645,INR/Acre,State Horticulture Guidelines,2024-2025
bergamot,Kharif,Odisha,29076,3000,6000,11264,3080,3332,2400,29076,INR/Acre,State Horticulture Guidelines,2024-2025
bergamot,Kharif,Assam,30286,3000,6000,12544,2870,3472,2400,30286,INR/Acre,State Horticulture Guidelines,2024-2025
bergamot,Rabi,Maharashtra,33300,3180,6360,13824,3780,3612,2544,33300,INR/Acre,State Horticulture Guidelines,2024-2025
bergamot,Rabi,Andhra Pradesh,33479,3180,6360,14080,3675,3640,2544,33479,INR/Acre,State Horticulture Guidelines,2024-2025
bergamot,Rabi,Telangana,33479,3180,6360,14080,3675,3640,2544,33479,INR/Acre,State Horticulture Guidelines,2024-2025
bergamot,Rabi,Karnataka,33479,3180,6360,14080,3675,3640,2544,33479,INR/Acre,State Horticulture Guidelines,2024-2025
bergamot,Rabi,Tamil Nadu,33938,3180,6360,14336,3850,3668,2544,33938,INR/Acre,State Horticulture Guidelines,2024-2025
bergamot,Rabi,Gujarat,33261,3180,6360,13568,4025,3584,2544,33261,INR/Acre,State Horticulture Guidelines,2024-2025
bergamot,Rabi,Madhya Pradesh,30748,3180,6360,11776,3500,3388,2544,30748,INR/Acre,State Horticulture Guidelines,2024-2025
bergamot,Rabi,West Bengal,31359,3180,6360,12800,2975,3500,2544,31359,INR/Acre,State Horticulture Guidelines,2024-2025
bergamot,Rabi,Bihar,29830,3180,6360,11264,3150,3332,2544,29830,INR/Acre,State Horticulture Guidelines,2024-2025
bergamot,Rabi,Uttar Pradesh,30748,3180,6360,11776,3500,3388,2544,30748,INR/Acre,State Horticulture Guidelines,2024-2025
bergamot,Rabi,Punjab,35854,3180,6360,16000,3920,3850,2544,35854,INR/Acre,State Horticulture Guidelines,2024-2025
bergamot,Rabi,Kerala,36329,3180,6360,17280,2975,3990,2544,36329,INR/Acre,State Horticulture Guidelines,2024-2025
bergamot,Rabi,Odisha,29760,3180,6360,11264,3080,3332,2544,29760,INR/Acre,State Horticulture Guidelines,2024-2025
bergamot,Rabi,Assam,30970,3180,6360,12544,2870,3472,2544,30970,INR/Acre,State Horticulture Guidelines,2024-2025
bergamot,Zaid,Maharashtra,34173,3360,6720,13824,3969,3612,2688,34173,INR/Acre,State Horticulture Guidelines,2024-2025
bergamot,Zaid,Andhra Pradesh,34347,3360,6720,14080,3859,3640,2688,34347,INR/Acre,State Horticulture Guidelines,2024-2025
bergamot,Zaid,Telangana,34347,3360,6720,14080,3859,3640,2688,34347,INR/Acre,State Horticulture Guidelines,2024-2025
bergamot,Zaid,Karnataka,34347,3360,6720,14080,3859,3640,2688,34347,INR/Acre,State Horticulture Guidelines,2024-2025
bergamot,Zaid,Tamil Nadu,34815,3360,6720,14336,4043,3668,2688,34815,INR/Acre,State Horticulture Guidelines,2024-2025
bergamot,Zaid,Gujarat,34146,3360,6720,13568,4226,3584,2688,34146,INR/Acre,State Horticulture Guidelines,2024-2025
bergamot,Zaid,Madhya Pradesh,31607,3360,6720,11776,3675,3388,2688,31607,INR/Acre,State Horticulture Guidelines,2024-2025
bergamot,Zaid,West Bengal,32192,3360,6720,12800,3124,3500,2688,32192,INR/Acre,State Horticulture Guidelines,2024-2025
bergamot,Zaid,Bihar,30672,3360,6720,11264,3308,3332,2688,30672,INR/Acre,State Horticulture Guidelines,2024-2025
bergamot,Zaid,Uttar Pradesh,31607,3360,6720,11776,3675,3388,2688,31607,INR/Acre,State Horticulture Guidelines,2024-2025
bergamot,Zaid,Punjab,36734,3360,6720,16000,4116,3850,2688,36734,INR/Acre,State Horticulture Guidelines,2024-2025
bergamot,Zaid,Kerala,37162,3360,6720,17280,3124,3990,2688,37162,INR/Acre,State Horticulture Guidelines,2024-2025
bergamot,Zaid,Odisha,30598,3360,6720,11264,3234,3332,2688,30598,INR/Acre,State Horticulture Guidelines,2024-2025
bergamot,Zaid,Assam,31798,3360,6720,12544,3014,3472,2688,31798,INR/Acre,State Horticulture Guidelines,2024-2025
apple,Kharif,Jammu and Kashmir,65000,2000,9000,28000,6000,12000,8000,65000,INR/Acre,CACP & HP/JK State Ag Dept Norms,2024-2025
apple,Kharif,Himachal Pradesh,70904,2000,9000,33040,6000,12864,8000,70904,INR/Acre,CACP & HP/JK State Ag Dept Norms,2024-2025
apple,Kharif,Uttarakhand,66640,2000,9000,29400,6000,12240,8000,66640,INR/Acre,CACP & HP/JK State Ag Dept Norms,2024-2025
apple,Kharif,Ladakh,65000,2000,9000,28000,6000,12000,8000,65000,INR/Acre,CACP & HP/JK State Ag Dept Norms,2024-2025
apple,Kharif,Arunachal Pradesh,61720,2000,9000,25200,6000,11520,8000,61720,INR/Acre,CACP & HP/JK State Ag Dept Norms,2024-2025
apple,Kharif,Sikkim,63360,2000,9000,26600,6000,11760,8000,63360,INR/Acre,CACP & HP/JK State Ag Dept Norms,2024-2025
apple,Rabi,Jammu and Kashmir,66140,2120,9540,28000,6000,12000,8480,66140,INR/Acre,CACP & HP/JK State Ag Dept Norms,2024-2025
apple,Rabi,Himachal Pradesh,72044,2120,9540,33040,6000,12864,8480,72044,INR/Acre,CACP & HP/JK State Ag Dept Norms,2024-2025
apple,Rabi,Uttarakhand,67780,2120,9540,29400,6000,12240,8480,67780,INR/Acre,CACP & HP/JK State Ag Dept Norms,2024-2025
apple,Rabi,Ladakh,66140,2120,9540,28000,6000,12000,8480,66140,INR/Acre,CACP & HP/JK State Ag Dept Norms,2024-2025
apple,Rabi,Arunachal Pradesh,62860,2120,9540,25200,6000,11520,8480,62860,INR/Acre,CACP & HP/JK State Ag Dept Norms,2024-2025
apple,Rabi,Sikkim,64500,2120,9540,26600,6000,11760,8480,64500,INR/Acre,CACP & HP/JK State Ag Dept Norms,2024-2025
pear,Kharif,Jammu and Kashmir,47700,2200,7500,20000,5000,8000,5000,47700,INR/Acre,Hill State Horticulture Norms,2024-2025
pear,Kharif,Himachal Pradesh,51876,2200,7500,23600,5000,8576,5000,51876,INR/Acre,Hill State Horticulture Norms,2024-2025
pear,Kharif,Uttarakhand,48860,2200,7500,21000,5000,8160,5000,48860,INR/Acre,Hill State Horticulture Norms,2024-2025
pear,Kharif,Ladakh,47700,2200,7500,20000,5000,8000,5000,47700,INR/Acre,Hill State Horticulture Norms,2024-2025
pear,Kharif,Arunachal Pradesh,45380,2200,7500,18000,5000,7680,5000,45380,INR/Acre,Hill State Horticulture Norms,2024-2025
pear,Kharif,Sikkim,46540,2200,7500,19000,5000,7840,5000,46540,INR/Acre,Hill State Horticulture Norms,2024-2025
pear,Rabi,Jammu and Kashmir,48582,2332,7950,20000,5000,8000,5300,48582,INR/Acre,Hill State Horticulture Norms,2024-2025
pear,Rabi,Himachal Pradesh,52758,2332,7950,23600,5000,8576,5300,52758,INR/Acre,Hill State Horticulture Norms,2024-2025
pear,Rabi,Uttarakhand,49742,2332,7950,21000,5000,8160,5300,49742,INR/Acre,Hill State Horticulture Norms,2024-2025
pear,Rabi,Ladakh,48582,2332,7950,20000,5000,8000,5300,48582,INR/Acre,Hill State Horticulture Norms,2024-2025
pear,Rabi,Arunachal Pradesh,46262,2332,7950,18000,5000,7680,5300,46262,INR/Acre,Hill State Horticulture Norms,2024-2025
pear,Rabi,Sikkim,47422,2332,7950,19000,5000,7840,5300,47422,INR/Acre,Hill State Horticulture Norms,2024-2025
peach,Kharif,Jammu and Kashmir,44000,2500,7000,18000,4500,7500,4500,44000,INR/Acre,Hill State Horticulture Norms,2024-2025
peach,Kharif,Himachal Pradesh,47780,2500,7000,21240,4500,8040,4500,47780,INR/Acre,Hill State Horticulture Norms,2024-2025
peach,Kharif,Uttarakhand,45050,2500,7000,18900,4500,7650,4500,45050,INR/Acre,Hill State Horticulture Norms,2024-2025
peach,Kharif,Ladakh,44000,2500,7000,18000,4500,7500,4500,44000,INR/Acre,Hill State Horticulture Norms,2024-2025
peach,Kharif,Arunachal Pradesh,41900,2500,7000,16200,4500,7200,4500,41900,INR/Acre,Hill State Horticulture Norms,2024-2025
peach,Kharif,Sikkim,42950,2500,7000,17100,4500,7350,4500,42950,INR/Acre,Hill State Horticulture Norms,2024-2025
peach,Rabi,Jammu and Kashmir,44840,2650,7420,18000,4500,7500,4770,44840,INR/Acre,Hill State Horticulture Norms,2024-2025
peach,Rabi,Himachal Pradesh,48620,2650,7420,21240,4500,8040,4770,48620,INR/Acre,Hill State Horticulture Norms,2024-2025
peach,Rabi,Uttarakhand,45890,2650,7420,18900,4500,7650,4770,45890,INR/Acre,Hill State Horticulture Norms,2024-2025
peach,Rabi,Ladakh,44840,2650,7420,18000,4500,7500,4770,44840,INR/Acre,Hill State Horticulture Norms,2024-2025
peach,Rabi,Arunachal Pradesh,42740,2650,7420,16200,4500,7200,4770,42740,INR/Acre,Hill State Horticulture Norms,2024-2025
peach,Rabi,Sikkim,43790,2650,7420,17100,4500,7350,4770,43790,INR/Acre,Hill State Horticulture Norms,2024-2025
plum,Kharif,Jammu and Kashmir,42600,2400,6800,17500,4400,7200,4300,42600,INR/Acre,Hill State Horticulture Norms,2024-2025
plum,Kharif,Himachal Pradesh,46268,2400,6800,20650,4400,7718,4300,46268,INR/Acre,Hill State Horticulture Norms,2024-2025
plum,Kharif,Uttarakhand,43619,2400,6800,18375,4400,7344,4300,43619,INR/Acre,Hill State Horticulture Norms,2024-2025
plum,Kharif,Ladakh,42600,2400,6800,17500,4400,7200,4300,42600,INR/Acre,Hill State Horticulture Norms,2024-2025
plum,Kharif,Arunachal Pradesh,40562,2400,6800,15750,4400,6912,4300,40562,INR/Acre,Hill State Horticulture Norms,2024-2025
plum,Kharif,Sikkim,41581,2400,6800,16625,4400,7056,4300,41581,INR/Acre,Hill State Horticulture Norms,2024-2025
plum,Rabi,Jammu and Kashmir,43410,2544,7208,17500,4400,7200,4558,43410,INR/Acre,Hill State Horticulture Norms,2024-2025
plum,Rabi,Himachal Pradesh,47078,2544,7208,20650,4400,7718,4558,47078,INR/Acre,Hill State Horticulture Norms,2024-2025
plum,Rabi,Uttarakhand,44429,2544,7208,18375,4400,7344,4558,44429,INR/Acre,Hill State Horticulture Norms,2024-2025
plum,Rabi,Ladakh,43410,2544,7208,17500,4400,7200,4558,43410,INR/Acre,Hill State Horticulture Norms,2024-2025
plum,Rabi,Arunachal Pradesh,41372,2544,7208,15750,4400,6912,4558,41372,INR/Acre,Hill State Horticulture Norms,2024-2025
plum,Rabi,Sikkim,42391,2544,7208,16625,4400,7056,4558,42391,INR/Acre,Hill State Horticulture Norms,2024-2025
apricot,Kharif,Jammu and Kashmir,41000,2300,6500,17000,4200,7000,4000,41000,INR/Acre,Hill State Horticulture Norms,2024-2025
apricot,Kharif,Himachal Pradesh,44564,2300,6500,20060,4200,7504,4000,44564,INR/Acre,Hill State Horticulture Norms,2024-2025
apricot,Kharif,Uttarakhand,41990,2300,6500,17850,4200,7140,4000,41990,INR/Acre,Hill State Horticulture Norms,2024-2025
apricot,Kharif,Ladakh,41000,2300,6500,17000,4200,7000,4000,41000,INR/Acre,Hill State Horticulture Norms,2024-2025
apricot,Kharif,Arunachal Pradesh,39020,2300,6500,15300,4200,6720,4000,39020,INR/Acre,Hill State Horticulture Norms,2024-2025
apricot,Kharif,Sikkim,40010,2300,6500,16150,4200,6860,4000,40010,INR/Acre,Hill State Horticulture Norms,2024-2025
apricot,Rabi,Jammu and Kashmir,41768,2438,6890,17000,4200,7000,4240,41768,INR/Acre,Hill State Horticulture Norms,2024-2025
apricot,Rabi,Himachal Pradesh,45332,2438,6890,20060,4200,7504,4240,45332,INR/Acre,Hill State Horticulture Norms,2024-2025
apricot,Rabi,Uttarakhand,42758,2438,6890,17850,4200,7140,4240,42758,INR/Acre,Hill State Horticulture Norms,2024-2025
apricot,Rabi,Ladakh,41768,2438,6890,17000,4200,7000,4240,41768,INR/Acre,Hill State Horticulture Norms,2024-2025
apricot,Rabi,Arunachal Pradesh,39788,2438,6890,15300,4200,6720,4240,39788,INR/Acre,Hill State Horticulture Norms,2024-2025
apricot,Rabi,Sikkim,40778,2438,6890,16150,4200,6860,4240,40778,INR/Acre,Hill State Horticulture Norms,2024-2025
cherry,Kharif,Jammu and Kashmir,57500,3000,8500,24000,5500,10000,6500,57500,INR/Acre,JK/HP Horticulture Cost Norms,2024-2025
cherry,Kharif,Himachal Pradesh,62540,3000,8500,28320,5500,10720,6500,62540,INR/Acre,JK/HP Horticulture Cost Norms,2024-2025
cherry,Kharif,Uttarakhand,58900,3000,8500,25200,5500,10200,6500,58900,INR/Acre,JK/HP Horticulture Cost Norms,2024-2025
cherry,Kharif,Ladakh,57500,3000,8500,24000,5500,10000,6500,57500,INR/Acre,JK/HP Horticulture Cost Norms,2024-2025
cherry,Kharif,Arunachal Pradesh,54700,3000,8500,21600,5500,9600,6500,54700,INR/Acre,JK/HP Horticulture Cost Norms,2024-2025
cherry,Kharif,Sikkim,56100,3000,8500,22800,5500,9800,6500,56100,INR/Acre,JK/HP Horticulture Cost Norms,2024-2025
cherry,Rabi,Jammu and Kashmir,58580,3180,9010,24000,5500,10000,6890,58580,INR/Acre,JK/HP Horticulture Cost Norms,2024-2025
cherry,Rabi,Himachal Pradesh,63620,3180,9010,28320,5500,10720,6890,63620,INR/Acre,JK/HP Horticulture Cost Norms,2024-2025
cherry,Rabi,Uttarakhand,59980,3180,9010,25200,5500,10200,6890,59980,INR/Acre,JK/HP Horticulture Cost Norms,2024-2025
cherry,Rabi,Ladakh,58580,3180,9010,24000,5500,10000,6890,58580,INR/Acre,JK/HP Horticulture Cost Norms,2024-2025
cherry,Rabi,Arunachal Pradesh,55780,3180,9010,21600,5500,9600,6890,55780,INR/Acre,JK/HP Horticulture Cost Norms,2024-2025
cherry,Rabi,Sikkim,57180,3180,9010,22800,5500,9800,6890,57180,INR/Acre,JK/HP Horticulture Cost Norms,2024-2025
strawberry,Kharif,Jammu and Kashmir,62500,15000,9000,22000,5500,6000,5000,62500,INR/Acre,NHB High-Value Berry Guidelines,2024-2025
strawberry,Kharif,Himachal Pradesh,66892,15000,9000,25960,5500,6432,5000,66892,INR/Acre,NHB High-Value Berry Guidelines,2024-2025
strawberry,Kharif,Uttarakhand,63720,15000,9000,23100,5500,6120,5000,63720,INR/Acre,NHB High-Value Berry Guidelines,2024-2025
strawberry,Kharif,Ladakh,62500,15000,9000,22000,5500,6000,5000,62500,INR/Acre,NHB High-Value Berry Guidelines,2024-2025
strawberry,Kharif,Arunachal Pradesh,60060,15000,9000,19800,5500,5760,5000,60060,INR/Acre,NHB High-Value Berry Guidelines,2024-2025
strawberry,Kharif,Sikkim,61280,15000,9000,20900,5500,5880,5000,61280,INR/Acre,NHB High-Value Berry Guidelines,2024-2025
strawberry,Rabi,Jammu and Kashmir,64240,15900,9540,22000,5500,6000,5300,64240,INR/Acre,NHB High-Value Berry Guidelines,2024-2025
strawberry,Rabi,Himachal Pradesh,68632,15900,9540,25960,5500,6432,5300,68632,INR/Acre,NHB High-Value Berry Guidelines,2024-2025
strawberry,Rabi,Uttarakhand,65460,15900,9540,23100,5500,6120,5300,65460,INR/Acre,NHB High-Value Berry Guidelines,2024-2025
strawberry,Rabi,Ladakh,64240,15900,9540,22000,5500,6000,5300,64240,INR/Acre,NHB High-Value Berry Guidelines,2024-2025
strawberry,Rabi,Arunachal Pradesh,61800,15900,9540,19800,5500,5760,5300,61800,INR/Acre,NHB High-Value Berry Guidelines,2024-2025
strawberry,Rabi,Sikkim,63020,15900,9540,20900,5500,5880,5300,63020,INR/Acre,NHB High-Value Berry Guidelines,2024-2025
blackberry,Kharif,Jammu and Kashmir,42700,8000,6500,16000,4200,4500,3500,42700,INR/Acre,NHB Berry Guidelines,2024-2025
blackberry,Kharif,Himachal Pradesh,45904,8000,6500,18880,4200,4824,3500,45904,INR/Acre,NHB Berry Guidelines,2024-2025
blackberry,Kharif,Uttarakhand,43590,8000,6500,16800,4200,4590,3500,43590,INR/Acre,NHB Berry Guidelines,2024-2025
blackberry,Kharif,Ladakh,42700,8000,6500,16000,4200,4500,3500,42700,INR/Acre,NHB Berry Guidelines,2024-2025
blackberry,Kharif,Arunachal Pradesh,40920,8000,6500,14400,4200,4320,3500,40920,INR/Acre,NHB Berry Guidelines,2024-2025
blackberry,Kharif,Sikkim,41810,8000,6500,15200,4200,4410,3500,41810,INR/Acre,NHB Berry Guidelines,2024-2025
blackberry,Rabi,Jammu and Kashmir,43780,8480,6890,16000,4200,4500,3710,43780,INR/Acre,NHB Berry Guidelines,2024-2025
blackberry,Rabi,Himachal Pradesh,46984,8480,6890,18880,4200,4824,3710,46984,INR/Acre,NHB Berry Guidelines,2024-2025
blackberry,Rabi,Uttarakhand,44670,8480,6890,16800,4200,4590,3710,44670,INR/Acre,NHB Berry Guidelines,2024-2025
blackberry,Rabi,Ladakh,43780,8480,6890,16000,4200,4500,3710,43780,INR/Acre,NHB Berry Guidelines,2024-2025
blackberry,Rabi,Arunachal Pradesh,42000,8480,6890,14400,4200,4320,3710,42000,INR/Acre,NHB Berry Guidelines,2024-2025
blackberry,Rabi,Sikkim,42890,8480,6890,15200,4200,4410,3710,42890,INR/Acre,NHB Berry Guidelines,2024-2025
raspberry,Kharif,Jammu and Kashmir,44400,8500,6800,16500,4400,4600,3600,44400,INR/Acre,NHB Berry Guidelines,2024-2025
raspberry,Kharif,Himachal Pradesh,47701,8500,6800,19470,4400,4931,3600,47701,INR/Acre,NHB Berry Guidelines,2024-2025
raspberry,Kharif,Uttarakhand,45317,8500,6800,17325,4400,4692,3600,45317,INR/Acre,NHB Berry Guidelines,2024-2025
raspberry,Kharif,Ladakh,44400,8500,6800,16500,4400,4600,3600,44400,INR/Acre,NHB Berry Guidelines,2024-2025
raspberry,Kharif,Arunachal Pradesh,42566,8500,6800,14850,4400,4416,3600,42566,INR/Acre,NHB Berry Guidelines,2024-2025
raspberry,Kharif,Sikkim,43483,8500,6800,15675,4400,4508,3600,43483,INR/Acre,NHB Berry Guidelines,2024-2025
raspberry,Rabi,Jammu and Kashmir,45534,9010,7208,16500,4400,4600,3816,45534,INR/Acre,NHB Berry Guidelines,2024-2025
raspberry,Rabi,Himachal Pradesh,48835,9010,7208,19470,4400,4931,3816,48835,INR/Acre,NHB Berry Guidelines,2024-2025
raspberry,Rabi,Uttarakhand,46451,9010,7208,17325,4400,4692,3816,46451,INR/Acre,NHB Berry Guidelines,2024-2025
raspberry,Rabi,Ladakh,45534,9010,7208,16500,4400,4600,3816,45534,INR/Acre,NHB Berry Guidelines,2024-2025
raspberry,Rabi,Arunachal Pradesh,43700,9010,7208,14850,4400,4416,3816,43700,INR/Acre,NHB Berry Guidelines,2024-2025
raspberry,Rabi,Sikkim,44617,9010,7208,15675,4400,4508,3816,44617,INR/Acre,NHB Berry Guidelines,2024-2025
blueberry,Kharif,Jammu and Kashmir,52000,12000,8000,18000,5000,5000,4000,52000,INR/Acre,NHB Berry Guidelines,2024-2025
blueberry,Kharif,Himachal Pradesh,55600,12000,8000,21240,5000,5360,4000,55600,INR/Acre,NHB Berry Guidelines,2024-2025
blueberry,Kharif,Uttarakhand,53000,12000,8000,18900,5000,5100,4000,53000,INR/Acre,NHB Berry Guidelines,2024-2025
blueberry,Kharif,Ladakh,52000,12000,8000,18000,5000,5000,4000,52000,INR/Acre,NHB Berry Guidelines,2024-2025
blueberry,Kharif,Arunachal Pradesh,50000,12000,8000,16200,5000,4800,4000,50000,INR/Acre,NHB Berry Guidelines,2024-2025
blueberry,Kharif,Sikkim,51000,12000,8000,17100,5000,4900,4000,51000,INR/Acre,NHB Berry Guidelines,2024-2025
blueberry,Rabi,Jammu and Kashmir,53440,12720,8480,18000,5000,5000,4240,53440,INR/Acre,NHB Berry Guidelines,2024-2025
blueberry,Rabi,Himachal Pradesh,57040,12720,8480,21240,5000,5360,4240,57040,INR/Acre,NHB Berry Guidelines,2024-2025
blueberry,Rabi,Uttarakhand,54440,12720,8480,18900,5000,5100,4240,54440,INR/Acre,NHB Berry Guidelines,2024-2025
blueberry,Rabi,Ladakh,53440,12720,8480,18000,5000,5000,4240,53440,INR/Acre,NHB Berry Guidelines,2024-2025
blueberry,Rabi,Arunachal Pradesh,51440,12720,8480,16200,5000,4800,4240,51440,INR/Acre,NHB Berry Guidelines,2024-2025
blueberry,Rabi,Sikkim,52440,12720,8480,17100,5000,4900,4240,52440,INR/Acre,NHB Berry Guidelines,2024-2025
kiwi,Kharif,Jammu and Kashmir,46300,6500,7500,18000,4800,5500,4000,46300,INR/Acre,ICAR-NEH & HP Horticulture Guidelines,2024-2025
kiwi,Kharif,Himachal Pradesh,49936,6500,7500,21240,4800,5896,4000,49936,INR/Acre,ICAR-NEH & HP Horticulture Guidelines,2024-2025
kiwi,Kharif,Uttarakhand,47310,6500,7500,18900,4800,5610,4000,47310,INR/Acre,ICAR-NEH & HP Horticulture Guidelines,2024-2025
kiwi,Kharif,Ladakh,46300,6500,7500,18000,4800,5500,4000,46300,INR/Acre,ICAR-NEH & HP Horticulture Guidelines,2024-2025
kiwi,Kharif,Arunachal Pradesh,44280,6500,7500,16200,4800,5280,4000,44280,INR/Acre,ICAR-NEH & HP Horticulture Guidelines,2024-2025
kiwi,Kharif,Sikkim,45290,6500,7500,17100,4800,5390,4000,45290,INR/Acre,ICAR-NEH & HP Horticulture Guidelines,2024-2025
kiwi,Rabi,Jammu and Kashmir,47380,6890,7950,18000,4800,5500,4240,47380,INR/Acre,ICAR-NEH & HP Horticulture Guidelines,2024-2025
kiwi,Rabi,Himachal Pradesh,51016,6890,7950,21240,4800,5896,4240,51016,INR/Acre,ICAR-NEH & HP Horticulture Guidelines,2024-2025
kiwi,Rabi,Uttarakhand,48390,6890,7950,18900,4800,5610,4240,48390,INR/Acre,ICAR-NEH & HP Horticulture Guidelines,2024-2025
kiwi,Rabi,Ladakh,47380,6890,7950,18000,4800,5500,4240,47380,INR/Acre,ICAR-NEH & HP Horticulture Guidelines,2024-2025
kiwi,Rabi,Arunachal Pradesh,45360,6890,7950,16200,4800,5280,4240,45360,INR/Acre,ICAR-NEH & HP Horticulture Guidelines,2024-2025
kiwi,Rabi,Sikkim,46370,6890,7950,17100,4800,5390,4240,46370,INR/Acre,ICAR-NEH & HP Horticulture Guidelines,2024-2025
persimmon,Kharif,Jammu and Kashmir,35800,3000,6500,15000,3800,4500,3000,35800,INR/Acre,Hill State Horticulture Guidelines,2024-2025
persimmon,Kharif,Himachal Pradesh,38824,3000,6500,17700,3800,4824,3000,38824,INR/Acre,Hill State Horticulture Guidelines,2024-2025
persimmon,Kharif,Uttarakhand,36640,3000,6500,15750,3800,4590,3000,36640,INR/Acre,Hill State Horticulture Guidelines,2024-2025
persimmon,Kharif,Ladakh,35800,3000,6500,15000,3800,4500,3000,35800,INR/Acre,Hill State Horticulture Guidelines,2024-2025
persimmon,Kharif,Arunachal Pradesh,34120,3000,6500,13500,3800,4320,3000,34120,INR/Acre,Hill State Horticulture Guidelines,2024-2025
persimmon,Kharif,Sikkim,34960,3000,6500,14250,3800,4410,3000,34960,INR/Acre,Hill State Horticulture Guidelines,2024-2025
persimmon,Rabi,Jammu and Kashmir,36550,3180,6890,15000,3800,4500,3180,36550,INR/Acre,Hill State Horticulture Guidelines,2024-2025
persimmon,Rabi,Himachal Pradesh,39574,3180,6890,17700,3800,4824,3180,39574,INR/Acre,Hill State Horticulture Guidelines,2024-2025
persimmon,Rabi,Uttarakhand,37390,3180,6890,15750,3800,4590,3180,37390,INR/Acre,Hill State Horticulture Guidelines,2024-2025
persimmon,Rabi,Ladakh,36550,3180,6890,15000,3800,4500,3180,36550,INR/Acre,Hill State Horticulture Guidelines,2024-2025
persimmon,Rabi,Arunachal Pradesh,34870,3180,6890,13500,3800,4320,3180,34870,INR/Acre,Hill State Horticulture Guidelines,2024-2025
persimmon,Rabi,Sikkim,35710,3180,6890,14250,3800,4410,3180,35710,INR/Acre,Hill State Horticulture Guidelines,2024-2025
quince,Kharif,Jammu and Kashmir,32800,2500,6000,14000,3500,4000,2800,32800,INR/Acre,Hill State Horticulture Guidelines,2024-2025
quince,Kharif,Himachal Pradesh,35608,2500,6000,16520,3500,4288,2800,35608,INR/Acre,Hill State Horticulture Guidelines,2024-2025
quince,Kharif,Uttarakhand,33580,2500,6000,14700,3500,4080,2800,33580,INR/Acre,Hill State Horticulture Guidelines,2024-2025
quince,Kharif,Ladakh,32800,2500,6000,14000,3500,4000,2800,32800,INR/Acre,Hill State Horticulture Guidelines,2024-2025
quince,Kharif,Arunachal Pradesh,31240,2500,6000,12600,3500,3840,2800,31240,INR/Acre,Hill State Horticulture Guidelines,2024-2025
quince,Kharif,Sikkim,32020,2500,6000,13300,3500,3920,2800,32020,INR/Acre,Hill State Horticulture Guidelines,2024-2025
quince,Rabi,Jammu and Kashmir,33478,2650,6360,14000,3500,4000,2968,33478,INR/Acre,Hill State Horticulture Guidelines,2024-2025
quince,Rabi,Himachal Pradesh,36286,2650,6360,16520,3500,4288,2968,36286,INR/Acre,Hill State Horticulture Guidelines,2024-2025
quince,Rabi,Uttarakhand,34258,2650,6360,14700,3500,4080,2968,34258,INR/Acre,Hill State Horticulture Guidelines,2024-2025
quince,Rabi,Ladakh,33478,2650,6360,14000,3500,4000,2968,33478,INR/Acre,Hill State Horticulture Guidelines,2024-2025
quince,Rabi,Arunachal Pradesh,31918,2650,6360,12600,3500,3840,2968,31918,INR/Acre,Hill State Horticulture Guidelines,2024-2025
quince,Rabi,Sikkim,32698,2650,6360,13300,3500,3920,2968,32698,INR/Acre,Hill State Horticulture Guidelines,2024-2025
walnut,Kharif,Jammu and Kashmir,36500,2500,6000,16000,3500,5000,3500,36500,INR/Acre,ICAR-CITH Srinagar Walnut Norms,2024-2025
walnut,Kharif,Himachal Pradesh,39740,2500,6000,18880,3500,5360,3500,39740,INR/Acre,ICAR-CITH Srinagar Walnut Norms,2024-2025
walnut,Kharif,Uttarakhand,37400,2500,6000,16800,3500,5100,3500,37400,INR/Acre,ICAR-CITH Srinagar Walnut Norms,2024-2025
walnut,Kharif,Ladakh,36500,2500,6000,16000,3500,5000,3500,36500,INR/Acre,ICAR-CITH Srinagar Walnut Norms,2024-2025
walnut,Kharif,Arunachal Pradesh,34700,2500,6000,14400,3500,4800,3500,34700,INR/Acre,ICAR-CITH Srinagar Walnut Norms,2024-2025
walnut,Kharif,Sikkim,35600,2500,6000,15200,3500,4900,3500,35600,INR/Acre,ICAR-CITH Srinagar Walnut Norms,2024-2025
walnut,Rabi,Jammu and Kashmir,37220,2650,6360,16000,3500,5000,3710,37220,INR/Acre,ICAR-CITH Srinagar Walnut Norms,2024-2025
walnut,Rabi,Himachal Pradesh,40460,2650,6360,18880,3500,5360,3710,40460,INR/Acre,ICAR-CITH Srinagar Walnut Norms,2024-2025
walnut,Rabi,Uttarakhand,38120,2650,6360,16800,3500,5100,3710,38120,INR/Acre,ICAR-CITH Srinagar Walnut Norms,2024-2025
walnut,Rabi,Ladakh,37220,2650,6360,16000,3500,5000,3710,37220,INR/Acre,ICAR-CITH Srinagar Walnut Norms,2024-2025
walnut,Rabi,Arunachal Pradesh,35420,2650,6360,14400,3500,4800,3710,35420,INR/Acre,ICAR-CITH Srinagar Walnut Norms,2024-2025
walnut,Rabi,Sikkim,36320,2650,6360,15200,3500,4900,3710,36320,INR/Acre,ICAR-CITH Srinagar Walnut Norms,2024-2025
almond,Kharif,Jammu and Kashmir,42000,3000,7000,18000,4000,6000,4000,42000,INR/Acre,ICAR-CITH Srinagar Almond Norms,2024-2025
almond,Kharif,Himachal Pradesh,45672,3000,7000,21240,4000,6432,4000,45672,INR/Acre,ICAR-CITH Srinagar Almond Norms,2024-2025
almond,Kharif,Uttarakhand,43020,3000,7000,18900,4000,6120,4000,43020,INR/Acre,ICAR-CITH Srinagar Almond Norms,2024-2025
almond,Kharif,Ladakh,42000,3000,7000,18000,4000,6000,4000,42000,INR/Acre,ICAR-CITH Srinagar Almond Norms,2024-2025
almond,Kharif,Arunachal Pradesh,39960,3000,7000,16200,4000,5760,4000,39960,INR/Acre,ICAR-CITH Srinagar Almond Norms,2024-2025
almond,Kharif,Sikkim,40980,3000,7000,17100,4000,5880,4000,40980,INR/Acre,ICAR-CITH Srinagar Almond Norms,2024-2025
almond,Rabi,Jammu and Kashmir,42840,3180,7420,18000,4000,6000,4240,42840,INR/Acre,ICAR-CITH Srinagar Almond Norms,2024-2025
almond,Rabi,Himachal Pradesh,46512,3180,7420,21240,4000,6432,4240,46512,INR/Acre,ICAR-CITH Srinagar Almond Norms,2024-2025
almond,Rabi,Uttarakhand,43860,3180,7420,18900,4000,6120,4240,43860,INR/Acre,ICAR-CITH Srinagar Almond Norms,2024-2025
almond,Rabi,Ladakh,42840,3180,7420,18000,4000,6000,4240,42840,INR/Acre,ICAR-CITH Srinagar Almond Norms,2024-2025
almond,Rabi,Arunachal Pradesh,40800,3180,7420,16200,4000,5760,4240,40800,INR/Acre,ICAR-CITH Srinagar Almond Norms,2024-2025
almond,Rabi,Sikkim,41820,3180,7420,17100,4000,5880,4240,41820,INR/Acre,ICAR-CITH Srinagar Almond Norms,2024-2025
chestnut,Kharif,Jammu and Kashmir,29800,2000,5000,13000,3000,4000,2800,29800,INR/Acre,Hill State Horticulture Guidelines,2024-2025
chestnut,Kharif,Himachal Pradesh,32428,2000,5000,15340,3000,4288,2800,32428,INR/Acre,Hill State Horticulture Guidelines,2024-2025
chestnut,Kharif,Uttarakhand,30530,2000,5000,13650,3000,4080,2800,30530,INR/Acre,Hill State Horticulture Guidelines,2024-2025
chestnut,Kharif,Ladakh,29800,2000,5000,13000,3000,4000,2800,29800,INR/Acre,Hill State Horticulture Guidelines,2024-2025
chestnut,Kharif,Arunachal Pradesh,28340,2000,5000,11700,3000,3840,2800,28340,INR/Acre,Hill State Horticulture Guidelines,2024-2025
chestnut,Kharif,Sikkim,29070,2000,5000,12350,3000,3920,2800,29070,INR/Acre,Hill State Horticulture Guidelines,2024-2025
chestnut,Rabi,Jammu and Kashmir,30388,2120,5300,13000,3000,4000,2968,30388,INR/Acre,Hill State Horticulture Guidelines,2024-2025
chestnut,Rabi,Himachal Pradesh,33016,2120,5300,15340,3000,4288,2968,33016,INR/Acre,Hill State Horticulture Guidelines,2024-2025
chestnut,Rabi,Uttarakhand,31118,2120,5300,13650,3000,4080,2968,31118,INR/Acre,Hill State Horticulture Guidelines,2024-2025
chestnut,Rabi,Ladakh,30388,2120,5300,13000,3000,4000,2968,30388,INR/Acre,Hill State Horticulture Guidelines,2024-2025
chestnut,Rabi,Arunachal Pradesh,28928,2120,5300,11700,3000,3840,2968,28928,INR/Acre,Hill State Horticulture Guidelines,2024-2025
chestnut,Rabi,Sikkim,29658,2120,5300,12350,3000,3920,2968,29658,INR/Acre,Hill State Horticulture Guidelines,2024-2025
pecan nut,Kharif,Jammu and Kashmir,38400,2800,6500,16500,3800,5200,3600,38400,INR/Acre,Hill State Horticulture Guidelines,2024-2025
pecan nut,Kharif,Himachal Pradesh,41744,2800,6500,19470,3800,5574,3600,41744,INR/Acre,Hill State Horticulture Guidelines,2024-2025
pecan nut,Kharif,Uttarakhand,39329,2800,6500,17325,3800,5304,3600,39329,INR/Acre,Hill State Horticulture Guidelines,2024-2025
pecan nut,Kharif,Ladakh,38400,2800,6500,16500,3800,5200,3600,38400,INR/Acre,Hill State Horticulture Guidelines,2024-2025
pecan nut,Kharif,Arunachal Pradesh,36542,2800,6500,14850,3800,4992,3600,36542,INR/Acre,Hill State Horticulture Guidelines,2024-2025
pecan nut,Kharif,Sikkim,37471,2800,6500,15675,3800,5096,3600,37471,INR/Acre,Hill State Horticulture Guidelines,2024-2025
pecan nut,Rabi,Jammu and Kashmir,39174,2968,6890,16500,3800,5200,3816,39174,INR/Acre,Hill State Horticulture Guidelines,2024-2025
pecan nut,Rabi,Himachal Pradesh,42518,2968,6890,19470,3800,5574,3816,42518,INR/Acre,Hill State Horticulture Guidelines,2024-2025
pecan nut,Rabi,Uttarakhand,40103,2968,6890,17325,3800,5304,3816,40103,INR/Acre,Hill State Horticulture Guidelines,2024-2025
pecan nut,Rabi,Ladakh,39174,2968,6890,16500,3800,5200,3816,39174,INR/Acre,Hill State Horticulture Guidelines,2024-2025
pecan nut,Rabi,Arunachal Pradesh,37316,2968,6890,14850,3800,4992,3816,37316,INR/Acre,Hill State Horticulture Guidelines,2024-2025
pecan nut,Rabi,Sikkim,38245,2968,6890,15675,3800,5096,3816,38245,INR/Acre,Hill State Horticulture Guidelines,2024-2025
pistachio,Kharif,Jammu and Kashmir,44600,3500,7500,19000,4200,6200,4200,44600,INR/Acre,ICAR-CITH Cost Guidelines,2024-2025
pistachio,Kharif,Himachal Pradesh,48466,3500,7500,22420,4200,6646,4200,48466,INR/Acre,ICAR-CITH Cost Guidelines,2024-2025
pistachio,Kharif,Uttarakhand,45674,3500,7500,19950,4200,6324,4200,45674,INR/Acre,ICAR-CITH Cost Guidelines,2024-2025
pistachio,Kharif,Ladakh,44600,3500,7500,19000,4200,6200,4200,44600,INR/Acre,ICAR-CITH Cost Guidelines,2024-2025
pistachio,Kharif,Arunachal Pradesh,42452,3500,7500,17100,4200,5952,4200,42452,INR/Acre,ICAR-CITH Cost Guidelines,2024-2025
pistachio,Kharif,Sikkim,43526,3500,7500,18050,4200,6076,4200,43526,INR/Acre,ICAR-CITH Cost Guidelines,2024-2025
pistachio,Rabi,Jammu and Kashmir,45512,3710,7950,19000,4200,6200,4452,45512,INR/Acre,ICAR-CITH Cost Guidelines,2024-2025
pistachio,Rabi,Himachal Pradesh,49378,3710,7950,22420,4200,6646,4452,49378,INR/Acre,ICAR-CITH Cost Guidelines,2024-2025
pistachio,Rabi,Uttarakhand,46586,3710,7950,19950,4200,6324,4452,46586,INR/Acre,ICAR-CITH Cost Guidelines,2024-2025
pistachio,Rabi,Ladakh,45512,3710,7950,19000,4200,6200,4452,45512,INR/Acre,ICAR-CITH Cost Guidelines,2024-2025
pistachio,Rabi,Arunachal Pradesh,43364,3710,7950,17100,4200,5952,4452,43364,INR/Acre,ICAR-CITH Cost Guidelines,2024-2025
pistachio,Rabi,Sikkim,44438,3710,7950,18050,4200,6076,4452,44438,INR/Acre,ICAR-CITH Cost Guidelines,2024-2025
watermelon,Kharif,Uttar Pradesh,26218,3200,4800,10120,3000,3098,2000,26218,INR/Acre,State Horticulture Dept Guidelines,2024-2025
watermelon,Kharif,Punjab,30630,3200,4800,13750,3360,3520,2000,30630,INR/Acre,State Horticulture Dept Guidelines,2024-2025
watermelon,Kharif,Haryana,30262,3200,4800,13420,3360,3482,2000,30262,INR/Acre,State Horticulture Dept Guidelines,2024-2025
watermelon,Kharif,Rajasthan,27740,3200,4800,11000,3540,3200,2000,27740,INR/Acre,State Horticulture Dept Guidelines,2024-2025
watermelon,Kharif,Gujarat,28387,3200,4800,11660,3450,3277,2000,28387,INR/Acre,State Horticulture Dept Guidelines,2024-2025
watermelon,Kharif,Maharashtra,28422,3200,4800,11880,3240,3302,2000,28422,INR/Acre,State Horticulture Dept Guidelines,2024-2025
watermelon,Kharif,Karnataka,28578,3200,4800,12100,3150,3328,2000,28578,INR/Acre,State Horticulture Dept Guidelines,2024-2025
watermelon,Kharif,Andhra Pradesh,28578,3200,4800,12100,3150,3328,2000,28578,INR/Acre,State Horticulture Dept Guidelines,2024-2025
watermelon,Kharif,Tamil Nadu,28974,3200,4800,12320,3300,3354,2000,28974,INR/Acre,State Horticulture Dept Guidelines,2024-2025
watermelon,Zaid,Uttar Pradesh,27568,3584,5376,10120,3150,3098,2240,27568,INR/Acre,State Horticulture Dept Guidelines,2024-2025
watermelon,Zaid,Punjab,31998,3584,5376,13750,3528,3520,2240,31998,INR/Acre,State Horticulture Dept Guidelines,2024-2025
watermelon,Zaid,Haryana,31630,3584,5376,13420,3528,3482,2240,31630,INR/Acre,State Horticulture Dept Guidelines,2024-2025
watermelon,Zaid,Rajasthan,29117,3584,5376,11000,3717,3200,2240,29117,INR/Acre,State Horticulture Dept Guidelines,2024-2025
watermelon,Zaid,Gujarat,29759,3584,5376,11660,3622,3277,2240,29759,INR/Acre,State Horticulture Dept Guidelines,2024-2025
watermelon,Zaid,Maharashtra,29784,3584,5376,11880,3402,3302,2240,29784,INR/Acre,State Horticulture Dept Guidelines,2024-2025
watermelon,Zaid,Karnataka,29936,3584,5376,12100,3308,3328,2240,29936,INR/Acre,State Horticulture Dept Guidelines,2024-2025
watermelon,Zaid,Andhra Pradesh,29936,3584,5376,12100,3308,3328,2240,29936,INR/Acre,State Horticulture Dept Guidelines,2024-2025
watermelon,Zaid,Tamil Nadu,30339,3584,5376,12320,3465,3354,2240,30339,INR/Acre,State Horticulture Dept Guidelines,2024-2025
muskmelon,Kharif,Uttar Pradesh,24864,3000,4600,9660,2800,2904,1900,24864,INR/Acre,State Horticulture Dept Guidelines,2024-2025
muskmelon,Kharif,Punjab,29061,3000,4600,13125,3136,3300,1900,29061,INR/Acre,State Horticulture Dept Guidelines,2024-2025
muskmelon,Kharif,Haryana,28710,3000,4600,12810,3136,3264,1900,28710,INR/Acre,State Horticulture Dept Guidelines,2024-2025
muskmelon,Kharif,Rajasthan,26304,3000,4600,10500,3304,3000,1900,26304,INR/Acre,State Horticulture Dept Guidelines,2024-2025
muskmelon,Kharif,Gujarat,26922,3000,4600,11130,3220,3072,1900,26922,INR/Acre,State Horticulture Dept Guidelines,2024-2025
muskmelon,Kharif,Maharashtra,26960,3000,4600,11340,3024,3096,1900,26960,INR/Acre,State Horticulture Dept Guidelines,2024-2025
muskmelon,Kharif,Karnataka,27110,3000,4600,11550,2940,3120,1900,27110,INR/Acre,State Horticulture Dept Guidelines,2024-2025
muskmelon,Kharif,Andhra Pradesh,27110,3000,4600,11550,2940,3120,1900,27110,INR/Acre,State Horticulture Dept Guidelines,2024-2025
muskmelon,Kharif,Tamil Nadu,27484,3000,4600,11760,3080,3144,1900,27484,INR/Acre,State Horticulture Dept Guidelines,2024-2025
muskmelon,Zaid,Uttar Pradesh,26144,3360,5152,9660,2940,2904,2128,26144,INR/Acre,State Horticulture Dept Guidelines,2024-2025
muskmelon,Zaid,Punjab,30358,3360,5152,13125,3293,3300,2128,30358,INR/Acre,State Horticulture Dept Guidelines,2024-2025
muskmelon,Zaid,Haryana,30007,3360,5152,12810,3293,3264,2128,30007,INR/Acre,State Horticulture Dept Guidelines,2024-2025
muskmelon,Zaid,Rajasthan,27609,3360,5152,10500,3469,3000,2128,27609,INR/Acre,State Horticulture Dept Guidelines,2024-2025
muskmelon,Zaid,Gujarat,28223,3360,5152,11130,3381,3072,2128,28223,INR/Acre,State Horticulture Dept Guidelines,2024-2025
muskmelon,Zaid,Maharashtra,28251,3360,5152,11340,3175,3096,2128,28251,INR/Acre,State Horticulture Dept Guidelines,2024-2025
muskmelon,Zaid,Karnataka,28397,3360,5152,11550,3087,3120,2128,28397,INR/Acre,State Horticulture Dept Guidelines,2024-2025
muskmelon,Zaid,Andhra Pradesh,28397,3360,5152,11550,3087,3120,2128,28397,INR/Acre,State Horticulture Dept Guidelines,2024-2025
muskmelon,Zaid,Tamil Nadu,28778,3360,5152,11760,3234,3144,2128,28778,INR/Acre,State Horticulture Dept Guidelines,2024-2025
date palm,Kharif,Rajasthan,45400,8000,7500,16000,5900,4500,3500,45400,INR/Acre,CAZRI Jodhpur Date Palm Norms,2024-2025
date palm,Kharif,Gujarat,46318,8000,7500,16960,5750,4608,3500,46318,INR/Acre,CAZRI Jodhpur Date Palm Norms,2024-2025
date palm,Kharif,Punjab,49550,8000,7500,20000,5600,4950,3500,49550,INR/Acre,CAZRI Jodhpur Date Palm Norms,2024-2025
date palm,Zaid,Rajasthan,47975,8960,8400,16000,6195,4500,3920,47975,INR/Acre,CAZRI Jodhpur Date Palm Norms,2024-2025
date palm,Zaid,Gujarat,48886,8960,8400,16960,6038,4608,3920,48886,INR/Acre,CAZRI Jodhpur Date Palm Norms,2024-2025
date palm,Zaid,Punjab,52110,8960,8400,20000,5880,4950,3920,52110,INR/Acre,CAZRI Jodhpur Date Palm Norms,2024-2025
black pepper,Kharif,Kerala,43265,2500,6000,24300,2975,3990,3500,43265,INR/Acre,Spices Board India & IISR Kozhikode,2024-2025
black pepper,Kharif,Karnataka,39115,2500,6000,19800,3675,3640,3500,39115,INR/Acre,Spices Board India & IISR Kozhikode,2024-2025
black pepper,Kharif,Tamil Nadu,39678,2500,6000,20160,3850,3668,3500,39678,INR/Acre,Spices Board India & IISR Kozhikode,2024-2025
black pepper,Kharif,Sikkim,36030,2500,6000,17100,3500,3430,3500,36030,INR/Acre,Spices Board India & IISR Kozhikode,2024-2025
black pepper,Kharif,West Bengal,36475,2500,6000,18000,2975,3500,3500,36475,INR/Acre,Spices Board India & IISR Kozhikode,2024-2025
black pepper,Kharif,Assam,35982,2500,6000,17640,2870,3472,3500,35982,INR/Acre,Spices Board India & IISR Kozhikode,2024-2025
black pepper,Kharif,Arunachal Pradesh,35060,2500,6000,16200,3500,3360,3500,35060,INR/Acre,Spices Board India & IISR Kozhikode,2024-2025
black pepper,Rabi,Kerala,43985,2650,6360,24300,2975,3990,3710,43985,INR/Acre,Spices Board India & IISR Kozhikode,2024-2025
black pepper,Rabi,Karnataka,39835,2650,6360,19800,3675,3640,3710,39835,INR/Acre,Spices Board India & IISR Kozhikode,2024-2025
black pepper,Rabi,Tamil Nadu,40398,2650,6360,20160,3850,3668,3710,40398,INR/Acre,Spices Board India & IISR Kozhikode,2024-2025
black pepper,Rabi,Sikkim,36750,2650,6360,17100,3500,3430,3710,36750,INR/Acre,Spices Board India & IISR Kozhikode,2024-2025
black pepper,Rabi,West Bengal,37195,2650,6360,18000,2975,3500,3710,37195,INR/Acre,Spices Board India & IISR Kozhikode,2024-2025
black pepper,Rabi,Assam,36702,2650,6360,17640,2870,3472,3710,36702,INR/Acre,Spices Board India & IISR Kozhikode,2024-2025
black pepper,Rabi,Arunachal Pradesh,35780,2650,6360,16200,3500,3360,3710,35780,INR/Acre,Spices Board India & IISR Kozhikode,2024-2025
black pepper,Zaid,Kerala,44854,2800,6720,24300,3124,3990,3920,44854,INR/Acre,Spices Board India & IISR Kozhikode,2024-2025
black pepper,Zaid,Karnataka,40739,2800,6720,19800,3859,3640,3920,40739,INR/Acre,Spices Board India & IISR Kozhikode,2024-2025
black pepper,Zaid,Tamil Nadu,41311,2800,6720,20160,4043,3668,3920,41311,INR/Acre,Spices Board India & IISR Kozhikode,2024-2025
black pepper,Zaid,Sikkim,37645,2800,6720,17100,3675,3430,3920,37645,INR/Acre,Spices Board India & IISR Kozhikode,2024-2025
black pepper,Zaid,West Bengal,38064,2800,6720,18000,3124,3500,3920,38064,INR/Acre,Spices Board India & IISR Kozhikode,2024-2025
black pepper,Zaid,Assam,37566,2800,6720,17640,3014,3472,3920,37566,INR/Acre,Spices Board India & IISR Kozhikode,2024-2025
black pepper,Zaid,Arunachal Pradesh,36675,2800,6720,16200,3675,3360,3920,36675,INR/Acre,Spices Board India & IISR Kozhikode,2024-2025
cardamom small,Kharif,Kerala,57285,4000,8000,32400,3825,4560,4500,57285,INR/Acre,Spices Board India Benchmark,2024-2025
cardamom small,Kharif,Karnataka,51785,4000,8000,26400,4725,4160,4500,51785,INR/Acre,Spices Board India Benchmark,2024-2025
cardamom small,Kharif,Tamil Nadu,52522,4000,8000,26880,4950,4192,4500,52522,INR/Acre,Spices Board India Benchmark,2024-2025
cardamom small,Kharif,Sikkim,47720,4000,8000,22800,4500,3920,4500,47720,INR/Acre,Spices Board India Benchmark,2024-2025
cardamom small,Kharif,West Bengal,48325,4000,8000,24000,3825,4000,4500,48325,INR/Acre,Spices Board India Benchmark,2024-2025
cardamom small,Kharif,Assam,47678,4000,8000,23520,3690,3968,4500,47678,INR/Acre,Spices Board India Benchmark,2024-2025
cardamom small,Kharif,Arunachal Pradesh,46440,4000,8000,21600,4500,3840,4500,46440,INR/Acre,Spices Board India Benchmark,2024-2025
cardamom small,Rabi,Kerala,58275,4240,8480,32400,3825,4560,4770,58275,INR/Acre,Spices Board India Benchmark,2024-2025
cardamom small,Rabi,Karnataka,52775,4240,8480,26400,4725,4160,4770,52775,INR/Acre,Spices Board India Benchmark,2024-2025
cardamom small,Rabi,Tamil Nadu,53512,4240,8480,26880,4950,4192,4770,53512,INR/Acre,Spices Board India Benchmark,2024-2025
cardamom small,Rabi,Sikkim,48710,4240,8480,22800,4500,3920,4770,48710,INR/Acre,Spices Board India Benchmark,2024-2025
cardamom small,Rabi,West Bengal,49315,4240,8480,24000,3825,4000,4770,49315,INR/Acre,Spices Board India Benchmark,2024-2025
cardamom small,Rabi,Assam,48668,4240,8480,23520,3690,3968,4770,48668,INR/Acre,Spices Board India Benchmark,2024-2025
cardamom small,Rabi,Arunachal Pradesh,47430,4240,8480,21600,4500,3840,4770,47430,INR/Acre,Spices Board India Benchmark,2024-2025
cardamom small,Zaid,Kerala,59456,4480,8960,32400,4016,4560,5040,59456,INR/Acre,Spices Board India Benchmark,2024-2025
cardamom small,Zaid,Karnataka,54001,4480,8960,26400,4961,4160,5040,54001,INR/Acre,Spices Board India Benchmark,2024-2025
cardamom small,Zaid,Tamil Nadu,54750,4480,8960,26880,5198,4192,5040,54750,INR/Acre,Spices Board India Benchmark,2024-2025
cardamom small,Zaid,Sikkim,49925,4480,8960,22800,4725,3920,5040,49925,INR/Acre,Spices Board India Benchmark,2024-2025
cardamom small,Zaid,West Bengal,50496,4480,8960,24000,4016,4000,5040,50496,INR/Acre,Spices Board India Benchmark,2024-2025
cardamom small,Zaid,Assam,49842,4480,8960,23520,3874,3968,5040,49842,INR/Acre,Spices Board India Benchmark,2024-2025
cardamom small,Zaid,Arunachal Pradesh,48645,4480,8960,21600,4725,3840,5040,48645,INR/Acre,Spices Board India Benchmark,2024-2025
cardamom large,Kharif,Kerala,48862,3500,7000,27000,3230,4332,3800,48862,INR/Acre,Spices Board India & ICAR Sikkim,2024-2025
cardamom large,Kharif,Karnataka,44242,3500,7000,22000,3990,3952,3800,44242,INR/Acre,Spices Board India & ICAR Sikkim,2024-2025
cardamom large,Kharif,Tamil Nadu,44862,3500,7000,22400,4180,3982,3800,44862,INR/Acre,Spices Board India & ICAR Sikkim,2024-2025
cardamom large,Kharif,Sikkim,40824,3500,7000,19000,3800,3724,3800,40824,INR/Acre,Spices Board India & ICAR Sikkim,2024-2025
cardamom large,Kharif,West Bengal,41330,3500,7000,20000,3230,3800,3800,41330,INR/Acre,Spices Board India & ICAR Sikkim,2024-2025
cardamom large,Kharif,Assam,40786,3500,7000,19600,3116,3770,3800,40786,INR/Acre,Spices Board India & ICAR Sikkim,2024-2025
cardamom large,Kharif,Arunachal Pradesh,39748,3500,7000,18000,3800,3648,3800,39748,INR/Acre,Spices Board India & ICAR Sikkim,2024-2025
cardamom large,Rabi,Kerala,49720,3710,7420,27000,3230,4332,4028,49720,INR/Acre,Spices Board India & ICAR Sikkim,2024-2025
cardamom large,Rabi,Karnataka,45100,3710,7420,22000,3990,3952,4028,45100,INR/Acre,Spices Board India & ICAR Sikkim,2024-2025
cardamom large,Rabi,Tamil Nadu,45720,3710,7420,22400,4180,3982,4028,45720,INR/Acre,Spices Board India & ICAR Sikkim,2024-2025
cardamom large,Rabi,Sikkim,41682,3710,7420,19000,3800,3724,4028,41682,INR/Acre,Spices Board India & ICAR Sikkim,2024-2025
cardamom large,Rabi,West Bengal,42188,3710,7420,20000,3230,3800,4028,42188,INR/Acre,Spices Board India & ICAR Sikkim,2024-2025
cardamom large,Rabi,Assam,41644,3710,7420,19600,3116,3770,4028,41644,INR/Acre,Spices Board India & ICAR Sikkim,2024-2025
cardamom large,Rabi,Arunachal Pradesh,40606,3710,7420,18000,3800,3648,4028,40606,INR/Acre,Spices Board India & ICAR Sikkim,2024-2025
cardamom large,Zaid,Kerala,50740,3920,7840,27000,3392,4332,4256,50740,INR/Acre,Spices Board India & ICAR Sikkim,2024-2025
cardamom large,Zaid,Karnataka,46158,3920,7840,22000,4190,3952,4256,46158,INR/Acre,Spices Board India & ICAR Sikkim,2024-2025
cardamom large,Zaid,Tamil Nadu,46787,3920,7840,22400,4389,3982,4256,46787,INR/Acre,Spices Board India & ICAR Sikkim,2024-2025
cardamom large,Zaid,Sikkim,42730,3920,7840,19000,3990,3724,4256,42730,INR/Acre,Spices Board India & ICAR Sikkim,2024-2025
cardamom large,Zaid,West Bengal,43208,3920,7840,20000,3392,3800,4256,43208,INR/Acre,Spices Board India & ICAR Sikkim,2024-2025
cardamom large,Zaid,Assam,42658,3920,7840,19600,3272,3770,4256,42658,INR/Acre,Spices Board India & ICAR Sikkim,2024-2025
cardamom large,Zaid,Arunachal Pradesh,41654,3920,7840,18000,3990,3648,4256,41654,INR/Acre,Spices Board India & ICAR Sikkim,2024-2025
nutmeg,Kharif,Kerala,39970,3000,6500,20250,3230,3990,3000,39970,INR/Acre,Spices Board & IISR Kozhikode,2024-2025
nutmeg,Kharif,Karnataka,36630,3000,6500,16500,3990,3640,3000,36630,INR/Acre,Spices Board & IISR Kozhikode,2024-2025
nutmeg,Kharif,Tamil Nadu,37148,3000,6500,16800,4180,3668,3000,37148,INR/Acre,Spices Board & IISR Kozhikode,2024-2025
nutmeg,Kharif,Sikkim,33980,3000,6500,14250,3800,3430,3000,33980,INR/Acre,Spices Board & IISR Kozhikode,2024-2025
nutmeg,Kharif,West Bengal,34230,3000,6500,15000,3230,3500,3000,34230,INR/Acre,Spices Board & IISR Kozhikode,2024-2025
nutmeg,Kharif,Assam,33788,3000,6500,14700,3116,3472,3000,33788,INR/Acre,Spices Board & IISR Kozhikode,2024-2025
nutmeg,Kharif,Arunachal Pradesh,33160,3000,6500,13500,3800,3360,3000,33160,INR/Acre,Spices Board & IISR Kozhikode,2024-2025
nutmeg,Rabi,Kerala,40720,3180,6890,20250,3230,3990,3180,40720,INR/Acre,Spices Board & IISR Kozhikode,2024-2025
nutmeg,Rabi,Karnataka,37380,3180,6890,16500,3990,3640,3180,37380,INR/Acre,Spices Board & IISR Kozhikode,2024-2025
nutmeg,Rabi,Tamil Nadu,37898,3180,6890,16800,4180,3668,3180,37898,INR/Acre,Spices Board & IISR Kozhikode,2024-2025
nutmeg,Rabi,Sikkim,34730,3180,6890,14250,3800,3430,3180,34730,INR/Acre,Spices Board & IISR Kozhikode,2024-2025
nutmeg,Rabi,West Bengal,34980,3180,6890,15000,3230,3500,3180,34980,INR/Acre,Spices Board & IISR Kozhikode,2024-2025
nutmeg,Rabi,Assam,34538,3180,6890,14700,3116,3472,3180,34538,INR/Acre,Spices Board & IISR Kozhikode,2024-2025
nutmeg,Rabi,Arunachal Pradesh,33910,3180,6890,13500,3800,3360,3180,33910,INR/Acre,Spices Board & IISR Kozhikode,2024-2025
nutmeg,Zaid,Kerala,41632,3360,7280,20250,3392,3990,3360,41632,INR/Acre,Spices Board & IISR Kozhikode,2024-2025
nutmeg,Zaid,Karnataka,38330,3360,7280,16500,4190,3640,3360,38330,INR/Acre,Spices Board & IISR Kozhikode,2024-2025
nutmeg,Zaid,Tamil Nadu,38857,3360,7280,16800,4389,3668,3360,38857,INR/Acre,Spices Board & IISR Kozhikode,2024-2025
nutmeg,Zaid,Sikkim,35670,3360,7280,14250,3990,3430,3360,35670,INR/Acre,Spices Board & IISR Kozhikode,2024-2025
nutmeg,Zaid,West Bengal,35892,3360,7280,15000,3392,3500,3360,35892,INR/Acre,Spices Board & IISR Kozhikode,2024-2025
nutmeg,Zaid,Assam,35444,3360,7280,14700,3272,3472,3360,35444,INR/Acre,Spices Board & IISR Kozhikode,2024-2025
nutmeg,Zaid,Arunachal Pradesh,34850,3360,7280,13500,3990,3360,3360,34850,INR/Acre,Spices Board & IISR Kozhikode,2024-2025
mace,Kharif,Kerala,39970,3000,6500,20250,3230,3990,3000,39970,INR/Acre,Spices Board & IISR Kozhikode,2024-2025
mace,Kharif,Karnataka,36630,3000,6500,16500,3990,3640,3000,36630,INR/Acre,Spices Board & IISR Kozhikode,2024-2025
mace,Kharif,Tamil Nadu,37148,3000,6500,16800,4180,3668,3000,37148,INR/Acre,Spices Board & IISR Kozhikode,2024-2025
mace,Kharif,Sikkim,33980,3000,6500,14250,3800,3430,3000,33980,INR/Acre,Spices Board & IISR Kozhikode,2024-2025
mace,Kharif,West Bengal,34230,3000,6500,15000,3230,3500,3000,34230,INR/Acre,Spices Board & IISR Kozhikode,2024-2025
mace,Kharif,Assam,33788,3000,6500,14700,3116,3472,3000,33788,INR/Acre,Spices Board & IISR Kozhikode,2024-2025
mace,Kharif,Arunachal Pradesh,33160,3000,6500,13500,3800,3360,3000,33160,INR/Acre,Spices Board & IISR Kozhikode,2024-2025
mace,Rabi,Kerala,40720,3180,6890,20250,3230,3990,3180,40720,INR/Acre,Spices Board & IISR Kozhikode,2024-2025
mace,Rabi,Karnataka,37380,3180,6890,16500,3990,3640,3180,37380,INR/Acre,Spices Board & IISR Kozhikode,2024-2025
mace,Rabi,Tamil Nadu,37898,3180,6890,16800,4180,3668,3180,37898,INR/Acre,Spices Board & IISR Kozhikode,2024-2025
mace,Rabi,Sikkim,34730,3180,6890,14250,3800,3430,3180,34730,INR/Acre,Spices Board & IISR Kozhikode,2024-2025
mace,Rabi,West Bengal,34980,3180,6890,15000,3230,3500,3180,34980,INR/Acre,Spices Board & IISR Kozhikode,2024-2025
mace,Rabi,Assam,34538,3180,6890,14700,3116,3472,3180,34538,INR/Acre,Spices Board & IISR Kozhikode,2024-2025
mace,Rabi,Arunachal Pradesh,33910,3180,6890,13500,3800,3360,3180,33910,INR/Acre,Spices Board & IISR Kozhikode,2024-2025
mace,Zaid,Kerala,41632,3360,7280,20250,3392,3990,3360,41632,INR/Acre,Spices Board & IISR Kozhikode,2024-2025
mace,Zaid,Karnataka,38330,3360,7280,16500,4190,3640,3360,38330,INR/Acre,Spices Board & IISR Kozhikode,2024-2025
mace,Zaid,Tamil Nadu,38857,3360,7280,16800,4389,3668,3360,38857,INR/Acre,Spices Board & IISR Kozhikode,2024-2025
mace,Zaid,Sikkim,35670,3360,7280,14250,3990,3430,3360,35670,INR/Acre,Spices Board & IISR Kozhikode,2024-2025
mace,Zaid,West Bengal,35892,3360,7280,15000,3392,3500,3360,35892,INR/Acre,Spices Board & IISR Kozhikode,2024-2025
mace,Zaid,Assam,35444,3360,7280,14700,3272,3472,3360,35444,INR/Acre,Spices Board & IISR Kozhikode,2024-2025
mace,Zaid,Arunachal Pradesh,34850,3360,7280,13500,3990,3360,3360,34850,INR/Acre,Spices Board & IISR Kozhikode,2024-2025
clove,Kharif,Kerala,42604,3500,6800,21600,3400,4104,3200,42604,INR/Acre,Spices Board & IISR Kozhikode,2024-2025
clove,Kharif,Karnataka,39044,3500,6800,17600,4200,3744,3200,39044,INR/Acre,Spices Board & IISR Kozhikode,2024-2025
clove,Kharif,Tamil Nadu,39593,3500,6800,17920,4400,3773,3200,39593,INR/Acre,Spices Board & IISR Kozhikode,2024-2025
clove,Kharif,Sikkim,36228,3500,6800,15200,4000,3528,3200,36228,INR/Acre,Spices Board & IISR Kozhikode,2024-2025
clove,Kharif,West Bengal,36500,3500,6800,16000,3400,3600,3200,36500,INR/Acre,Spices Board & IISR Kozhikode,2024-2025
clove,Kharif,Assam,36031,3500,6800,15680,3280,3571,3200,36031,INR/Acre,Spices Board & IISR Kozhikode,2024-2025
clove,Kharif,Arunachal Pradesh,35356,3500,6800,14400,4000,3456,3200,35356,INR/Acre,Spices Board & IISR Kozhikode,2024-2025
clove,Rabi,Kerala,43414,3710,7208,21600,3400,4104,3392,43414,INR/Acre,Spices Board & IISR Kozhikode,2024-2025
clove,Rabi,Karnataka,39854,3710,7208,17600,4200,3744,3392,39854,INR/Acre,Spices Board & IISR Kozhikode,2024-2025
clove,Rabi,Tamil Nadu,40403,3710,7208,17920,4400,3773,3392,40403,INR/Acre,Spices Board & IISR Kozhikode,2024-2025
clove,Rabi,Sikkim,37038,3710,7208,15200,4000,3528,3392,37038,INR/Acre,Spices Board & IISR Kozhikode,2024-2025
clove,Rabi,West Bengal,37310,3710,7208,16000,3400,3600,3392,37310,INR/Acre,Spices Board & IISR Kozhikode,2024-2025
clove,Rabi,Assam,36841,3710,7208,15680,3280,3571,3392,36841,INR/Acre,Spices Board & IISR Kozhikode,2024-2025
clove,Rabi,Arunachal Pradesh,36166,3710,7208,14400,4000,3456,3392,36166,INR/Acre,Spices Board & IISR Kozhikode,2024-2025
clove,Zaid,Kerala,44394,3920,7616,21600,3570,4104,3584,44394,INR/Acre,Spices Board & IISR Kozhikode,2024-2025
clove,Zaid,Karnataka,40874,3920,7616,17600,4410,3744,3584,40874,INR/Acre,Spices Board & IISR Kozhikode,2024-2025
clove,Zaid,Tamil Nadu,41433,3920,7616,17920,4620,3773,3584,41433,INR/Acre,Spices Board & IISR Kozhikode,2024-2025
clove,Zaid,Sikkim,38048,3920,7616,15200,4200,3528,3584,38048,INR/Acre,Spices Board & IISR Kozhikode,2024-2025
clove,Zaid,West Bengal,38290,3920,7616,16000,3570,3600,3584,38290,INR/Acre,Spices Board & IISR Kozhikode,2024-2025
clove,Zaid,Assam,37815,3920,7616,15680,3444,3571,3584,37815,INR/Acre,Spices Board & IISR Kozhikode,2024-2025
clove,Zaid,Arunachal Pradesh,37176,3920,7616,14400,4200,3456,3584,37176,INR/Acre,Spices Board & IISR Kozhikode,2024-2025
cinnamon,Kharif,Kerala,36923,2800,5800,18900,2975,3648,2800,36923,INR/Acre,Spices Board & IISR Kozhikode,2024-2025
cinnamon,Kharif,Karnataka,33803,2800,5800,15400,3675,3328,2800,33803,INR/Acre,Spices Board & IISR Kozhikode,2024-2025
cinnamon,Kharif,Tamil Nadu,34284,2800,5800,15680,3850,3354,2800,34284,INR/Acre,Spices Board & IISR Kozhikode,2024-2025
cinnamon,Kharif,Sikkim,31336,2800,5800,13300,3500,3136,2800,31336,INR/Acre,Spices Board & IISR Kozhikode,2024-2025
cinnamon,Kharif,West Bengal,31575,2800,5800,14000,2975,3200,2800,31575,INR/Acre,Spices Board & IISR Kozhikode,2024-2025
cinnamon,Kharif,Assam,31164,2800,5800,13720,2870,3174,2800,31164,INR/Acre,Spices Board & IISR Kozhikode,2024-2025
cinnamon,Kharif,Arunachal Pradesh,30572,2800,5800,12600,3500,3072,2800,30572,INR/Acre,Spices Board & IISR Kozhikode,2024-2025
cinnamon,Rabi,Kerala,37607,2968,6148,18900,2975,3648,2968,37607,INR/Acre,Spices Board & IISR Kozhikode,2024-2025
cinnamon,Rabi,Karnataka,34487,2968,6148,15400,3675,3328,2968,34487,INR/Acre,Spices Board & IISR Kozhikode,2024-2025
cinnamon,Rabi,Tamil Nadu,34968,2968,6148,15680,3850,3354,2968,34968,INR/Acre,Spices Board & IISR Kozhikode,2024-2025
cinnamon,Rabi,Sikkim,32020,2968,6148,13300,3500,3136,2968,32020,INR/Acre,Spices Board & IISR Kozhikode,2024-2025
cinnamon,Rabi,West Bengal,32259,2968,6148,14000,2975,3200,2968,32259,INR/Acre,Spices Board & IISR Kozhikode,2024-2025
cinnamon,Rabi,Assam,31848,2968,6148,13720,2870,3174,2968,31848,INR/Acre,Spices Board & IISR Kozhikode,2024-2025
cinnamon,Rabi,Arunachal Pradesh,31256,2968,6148,12600,3500,3072,2968,31256,INR/Acre,Spices Board & IISR Kozhikode,2024-2025
cinnamon,Zaid,Kerala,38440,3136,6496,18900,3124,3648,3136,38440,INR/Acre,Spices Board & IISR Kozhikode,2024-2025
cinnamon,Zaid,Karnataka,35355,3136,6496,15400,3859,3328,3136,35355,INR/Acre,Spices Board & IISR Kozhikode,2024-2025
cinnamon,Zaid,Tamil Nadu,35845,3136,6496,15680,4043,3354,3136,35845,INR/Acre,Spices Board & IISR Kozhikode,2024-2025
cinnamon,Zaid,Sikkim,32879,3136,6496,13300,3675,3136,3136,32879,INR/Acre,Spices Board & IISR Kozhikode,2024-2025
cinnamon,Zaid,West Bengal,33092,3136,6496,14000,3124,3200,3136,33092,INR/Acre,Spices Board & IISR Kozhikode,2024-2025
cinnamon,Zaid,Assam,32676,3136,6496,13720,3014,3174,3136,32676,INR/Acre,Spices Board & IISR Kozhikode,2024-2025
cinnamon,Zaid,Arunachal Pradesh,32115,3136,6496,12600,3675,3072,3136,32115,INR/Acre,Spices Board & IISR Kozhikode,2024-2025
cassia,Kharif,Kerala,35050,2500,5500,18225,2805,3420,2600,35050,INR/Acre,Spices Board & IISR Kozhikode,2024-2025
cassia,Kharif,Karnataka,32035,2500,5500,14850,3465,3120,2600,32035,INR/Acre,Spices Board & IISR Kozhikode,2024-2025
cassia,Kharif,Tamil Nadu,32494,2500,5500,15120,3630,3144,2600,32494,INR/Acre,Spices Board & IISR Kozhikode,2024-2025
cassia,Kharif,Sikkim,29665,2500,5500,12825,3300,2940,2600,29665,INR/Acre,Spices Board & IISR Kozhikode,2024-2025
cassia,Kharif,West Bengal,29905,2500,5500,13500,2805,3000,2600,29905,INR/Acre,Spices Board & IISR Kozhikode,2024-2025
cassia,Kharif,Assam,29512,2500,5500,13230,2706,2976,2600,29512,INR/Acre,Spices Board & IISR Kozhikode,2024-2025
cassia,Kharif,Arunachal Pradesh,28930,2500,5500,12150,3300,2880,2600,28930,INR/Acre,Spices Board & IISR Kozhikode,2024-2025
cassia,Rabi,Kerala,35686,2650,5830,18225,2805,3420,2756,35686,INR/Acre,Spices Board & IISR Kozhikode,2024-2025
cassia,Rabi,Karnataka,32671,2650,5830,14850,3465,3120,2756,32671,INR/Acre,Spices Board & IISR Kozhikode,2024-2025
cassia,Rabi,Tamil Nadu,33130,2650,5830,15120,3630,3144,2756,33130,INR/Acre,Spices Board & IISR Kozhikode,2024-2025
cassia,Rabi,Sikkim,30301,2650,5830,12825,3300,2940,2756,30301,INR/Acre,Spices Board & IISR Kozhikode,2024-2025
cassia,Rabi,West Bengal,30541,2650,5830,13500,2805,3000,2756,30541,INR/Acre,Spices Board & IISR Kozhikode,2024-2025
cassia,Rabi,Assam,30148,2650,5830,13230,2706,2976,2756,30148,INR/Acre,Spices Board & IISR Kozhikode,2024-2025
cassia,Rabi,Arunachal Pradesh,29566,2650,5830,12150,3300,2880,2756,29566,INR/Acre,Spices Board & IISR Kozhikode,2024-2025
cassia,Zaid,Kerala,36462,2800,6160,18225,2945,3420,2912,36462,INR/Acre,Spices Board & IISR Kozhikode,2024-2025
cassia,Zaid,Karnataka,33480,2800,6160,14850,3638,3120,2912,33480,INR/Acre,Spices Board & IISR Kozhikode,2024-2025
cassia,Zaid,Tamil Nadu,33948,2800,6160,15120,3812,3144,2912,33948,INR/Acre,Spices Board & IISR Kozhikode,2024-2025
cassia,Zaid,Sikkim,31102,2800,6160,12825,3465,2940,2912,31102,INR/Acre,Spices Board & IISR Kozhikode,2024-2025
cassia,Zaid,West Bengal,31317,2800,6160,13500,2945,3000,2912,31317,INR/Acre,Spices Board & IISR Kozhikode,2024-2025
cassia,Zaid,Assam,30919,2800,6160,13230,2841,2976,2912,30919,INR/Acre,Spices Board & IISR Kozhikode,2024-2025
cassia,Zaid,Arunachal Pradesh,30367,2800,6160,12150,3465,2880,2912,30367,INR/Acre,Spices Board & IISR Kozhikode,2024-2025
allspice,Kharif,Kerala,35954,2600,5600,18630,2890,3534,2700,35954,INR/Acre,Spices Board Guidelines,2024-2025
allspice,Kharif,Karnataka,32874,2600,5600,15180,3570,3224,2700,32874,INR/Acre,Spices Board Guidelines,2024-2025
allspice,Kharif,Tamil Nadu,33345,2600,5600,15456,3740,3249,2700,33345,INR/Acre,Spices Board Guidelines,2024-2025
allspice,Kharif,Sikkim,30448,2600,5600,13110,3400,3038,2700,30448,INR/Acre,Spices Board Guidelines,2024-2025
allspice,Kharif,West Bengal,30690,2600,5600,13800,2890,3100,2700,30690,INR/Acre,Spices Board Guidelines,2024-2025
allspice,Kharif,Assam,30287,2600,5600,13524,2788,3075,2700,30287,INR/Acre,Spices Board Guidelines,2024-2025
allspice,Kharif,Arunachal Pradesh,29696,2600,5600,12420,3400,2976,2700,29696,INR/Acre,Spices Board Guidelines,2024-2025
allspice,Rabi,Kerala,36608,2756,5936,18630,2890,3534,2862,36608,INR/Acre,Spices Board Guidelines,2024-2025
allspice,Rabi,Karnataka,33528,2756,5936,15180,3570,3224,2862,33528,INR/Acre,Spices Board Guidelines,2024-2025
allspice,Rabi,Tamil Nadu,33999,2756,5936,15456,3740,3249,2862,33999,INR/Acre,Spices Board Guidelines,2024-2025
allspice,Rabi,Sikkim,31102,2756,5936,13110,3400,3038,2862,31102,INR/Acre,Spices Board Guidelines,2024-2025
allspice,Rabi,West Bengal,31344,2756,5936,13800,2890,3100,2862,31344,INR/Acre,Spices Board Guidelines,2024-2025
allspice,Rabi,Assam,30941,2756,5936,13524,2788,3075,2862,30941,INR/Acre,Spices Board Guidelines,2024-2025
allspice,Rabi,Arunachal Pradesh,30350,2756,5936,12420,3400,2976,2862,30350,INR/Acre,Spices Board Guidelines,2024-2025
allspice,Zaid,Kerala,37406,2912,6272,18630,3034,3534,3024,37406,INR/Acre,Spices Board Guidelines,2024-2025
allspice,Zaid,Karnataka,34360,2912,6272,15180,3748,3224,3024,34360,INR/Acre,Spices Board Guidelines,2024-2025
allspice,Zaid,Tamil Nadu,34840,2912,6272,15456,3927,3249,3024,34840,INR/Acre,Spices Board Guidelines,2024-2025
allspice,Zaid,Sikkim,31926,2912,6272,13110,3570,3038,3024,31926,INR/Acre,Spices Board Guidelines,2024-2025
allspice,Zaid,West Bengal,32142,2912,6272,13800,3034,3100,3024,32142,INR/Acre,Spices Board Guidelines,2024-2025
allspice,Zaid,Assam,31734,2912,6272,13524,2927,3075,3024,31734,INR/Acre,Spices Board Guidelines,2024-2025
allspice,Zaid,Arunachal Pradesh,31174,2912,6272,12420,3570,2976,3024,31174,INR/Acre,Spices Board Guidelines,2024-2025
star anise,Kharif,Kerala,39186,3000,6000,20250,3060,3876,3000,39186,INR/Acre,ICAR NEH Spices Guidelines,2024-2025
star anise,Kharif,Karnataka,35816,3000,6000,16500,3780,3536,3000,35816,INR/Acre,ICAR NEH Spices Guidelines,2024-2025
star anise,Kharif,Tamil Nadu,36323,3000,6000,16800,3960,3563,3000,36323,INR/Acre,ICAR NEH Spices Guidelines,2024-2025
star anise,Kharif,Sikkim,33182,3000,6000,14250,3600,3332,3000,33182,INR/Acre,ICAR NEH Spices Guidelines,2024-2025
star anise,Kharif,West Bengal,33460,3000,6000,15000,3060,3400,3000,33460,INR/Acre,ICAR NEH Spices Guidelines,2024-2025
star anise,Kharif,Assam,33025,3000,6000,14700,2952,3373,3000,33025,INR/Acre,ICAR NEH Spices Guidelines,2024-2025
star anise,Kharif,Arunachal Pradesh,32364,3000,6000,13500,3600,3264,3000,32364,INR/Acre,ICAR NEH Spices Guidelines,2024-2025
star anise,Rabi,Kerala,39906,3180,6360,20250,3060,3876,3180,39906,INR/Acre,ICAR NEH Spices Guidelines,2024-2025
star anise,Rabi,Karnataka,36536,3180,6360,16500,3780,3536,3180,36536,INR/Acre,ICAR NEH Spices Guidelines,2024-2025
star anise,Rabi,Tamil Nadu,37043,3180,6360,16800,3960,3563,3180,37043,INR/Acre,ICAR NEH Spices Guidelines,2024-2025
star anise,Rabi,Sikkim,33902,3180,6360,14250,3600,3332,3180,33902,INR/Acre,ICAR NEH Spices Guidelines,2024-2025
star anise,Rabi,West Bengal,34180,3180,6360,15000,3060,3400,3180,34180,INR/Acre,ICAR NEH Spices Guidelines,2024-2025
star anise,Rabi,Assam,33745,3180,6360,14700,2952,3373,3180,33745,INR/Acre,ICAR NEH Spices Guidelines,2024-2025
star anise,Rabi,Arunachal Pradesh,33084,3180,6360,13500,3600,3264,3180,33084,INR/Acre,ICAR NEH Spices Guidelines,2024-2025
star anise,Zaid,Kerala,40779,3360,6720,20250,3213,3876,3360,40779,INR/Acre,ICAR NEH Spices Guidelines,2024-2025
star anise,Zaid,Karnataka,37445,3360,6720,16500,3969,3536,3360,37445,INR/Acre,ICAR NEH Spices Guidelines,2024-2025
star anise,Zaid,Tamil Nadu,37961,3360,6720,16800,4158,3563,3360,37961,INR/Acre,ICAR NEH Spices Guidelines,2024-2025
star anise,Zaid,Sikkim,34802,3360,6720,14250,3780,3332,3360,34802,INR/Acre,ICAR NEH Spices Guidelines,2024-2025
star anise,Zaid,West Bengal,35053,3360,6720,15000,3213,3400,3360,35053,INR/Acre,ICAR NEH Spices Guidelines,2024-2025
star anise,Zaid,Assam,34613,3360,6720,14700,3100,3373,3360,34613,INR/Acre,ICAR NEH Spices Guidelines,2024-2025
star anise,Zaid,Arunachal Pradesh,33984,3360,6720,13500,3780,3264,3360,33984,INR/Acre,ICAR NEH Spices Guidelines,2024-2025
vanilla,Kharif,Kerala,86000,15000,10000,43200,5100,5700,7000,86000,INR/Acre,Spices Board High-Value Vanilla,2024-2025
vanilla,Kharif,Karnataka,78700,15000,10000,35200,6300,5200,7000,78700,INR/Acre,Spices Board High-Value Vanilla,2024-2025
vanilla,Kharif,Tamil Nadu,79680,15000,10000,35840,6600,5240,7000,79680,INR/Acre,Spices Board High-Value Vanilla,2024-2025
vanilla,Kharif,Sikkim,73300,15000,10000,30400,6000,4900,7000,73300,INR/Acre,Spices Board High-Value Vanilla,2024-2025
vanilla,Kharif,West Bengal,74100,15000,10000,32000,5100,5000,7000,74100,INR/Acre,Spices Board High-Value Vanilla,2024-2025
vanilla,Kharif,Assam,73240,15000,10000,31360,4920,4960,7000,73240,INR/Acre,Spices Board High-Value Vanilla,2024-2025
vanilla,Kharif,Arunachal Pradesh,71600,15000,10000,28800,6000,4800,7000,71600,INR/Acre,Spices Board High-Value Vanilla,2024-2025
vanilla,Rabi,Kerala,87920,15900,10600,43200,5100,5700,7420,87920,INR/Acre,Spices Board High-Value Vanilla,2024-2025
vanilla,Rabi,Karnataka,80620,15900,10600,35200,6300,5200,7420,80620,INR/Acre,Spices Board High-Value Vanilla,2024-2025
vanilla,Rabi,Tamil Nadu,81600,15900,10600,35840,6600,5240,7420,81600,INR/Acre,Spices Board High-Value Vanilla,2024-2025
vanilla,Rabi,Sikkim,75220,15900,10600,30400,6000,4900,7420,75220,INR/Acre,Spices Board High-Value Vanilla,2024-2025
vanilla,Rabi,West Bengal,76020,15900,10600,32000,5100,5000,7420,76020,INR/Acre,Spices Board High-Value Vanilla,2024-2025
vanilla,Rabi,Assam,75160,15900,10600,31360,4920,4960,7420,75160,INR/Acre,Spices Board High-Value Vanilla,2024-2025
vanilla,Rabi,Arunachal Pradesh,73520,15900,10600,28800,6000,4800,7420,73520,INR/Acre,Spices Board High-Value Vanilla,2024-2025
vanilla,Zaid,Kerala,90095,16800,11200,43200,5355,5700,7840,90095,INR/Acre,Spices Board High-Value Vanilla,2024-2025
vanilla,Zaid,Karnataka,82855,16800,11200,35200,6615,5200,7840,82855,INR/Acre,Spices Board High-Value Vanilla,2024-2025
vanilla,Zaid,Tamil Nadu,83850,16800,11200,35840,6930,5240,7840,83850,INR/Acre,Spices Board High-Value Vanilla,2024-2025
vanilla,Zaid,Sikkim,77440,16800,11200,30400,6300,4900,7840,77440,INR/Acre,Spices Board High-Value Vanilla,2024-2025
vanilla,Zaid,West Bengal,78195,16800,11200,32000,5355,5000,7840,78195,INR/Acre,Spices Board High-Value Vanilla,2024-2025
vanilla,Zaid,Assam,77326,16800,11200,31360,5166,4960,7840,77326,INR/Acre,Spices Board High-Value Vanilla,2024-2025
vanilla,Zaid,Arunachal Pradesh,75740,16800,11200,28800,6300,4800,7840,75740,INR/Acre,Spices Board High-Value Vanilla,2024-2025
kokum (garcinia),Kharif,Kerala,28667,2000,4500,14850,2125,3192,2000,28667,INR/Acre,DBSKKV Dapoli & Spices Board,2024-2025
kokum (garcinia),Kharif,Karnataka,26137,2000,4500,12100,2625,2912,2000,26137,INR/Acre,DBSKKV Dapoli & Spices Board,2024-2025
kokum (garcinia),Kharif,Tamil Nadu,26504,2000,4500,12320,2750,2934,2000,26504,INR/Acre,DBSKKV Dapoli & Spices Board,2024-2025
kokum (garcinia),Kharif,Sikkim,24194,2000,4500,10450,2500,2744,2000,24194,INR/Acre,DBSKKV Dapoli & Spices Board,2024-2025
kokum (garcinia),Kharif,West Bengal,24425,2000,4500,11000,2125,2800,2000,24425,INR/Acre,DBSKKV Dapoli & Spices Board,2024-2025
kokum (garcinia),Kharif,Assam,24108,2000,4500,10780,2050,2778,2000,24108,INR/Acre,DBSKKV Dapoli & Spices Board,2024-2025
kokum (garcinia),Kharif,Arunachal Pradesh,23588,2000,4500,9900,2500,2688,2000,23588,INR/Acre,DBSKKV Dapoli & Spices Board,2024-2025
kokum (garcinia),Rabi,Kerala,29177,2120,4770,14850,2125,3192,2120,29177,INR/Acre,DBSKKV Dapoli & Spices Board,2024-2025
kokum (garcinia),Rabi,Karnataka,26647,2120,4770,12100,2625,2912,2120,26647,INR/Acre,DBSKKV Dapoli & Spices Board,2024-2025
kokum (garcinia),Rabi,Tamil Nadu,27014,2120,4770,12320,2750,2934,2120,27014,INR/Acre,DBSKKV Dapoli & Spices Board,2024-2025
kokum (garcinia),Rabi,Sikkim,24704,2120,4770,10450,2500,2744,2120,24704,INR/Acre,DBSKKV Dapoli & Spices Board,2024-2025
kokum (garcinia),Rabi,West Bengal,24935,2120,4770,11000,2125,2800,2120,24935,INR/Acre,DBSKKV Dapoli & Spices Board,2024-2025
kokum (garcinia),Rabi,Assam,24618,2120,4770,10780,2050,2778,2120,24618,INR/Acre,DBSKKV Dapoli & Spices Board,2024-2025
kokum (garcinia),Rabi,Arunachal Pradesh,24098,2120,4770,9900,2500,2688,2120,24098,INR/Acre,DBSKKV Dapoli & Spices Board,2024-2025
kokum (garcinia),Zaid,Kerala,29793,2240,5040,14850,2231,3192,2240,29793,INR/Acre,DBSKKV Dapoli & Spices Board,2024-2025
kokum (garcinia),Zaid,Karnataka,27288,2240,5040,12100,2756,2912,2240,27288,INR/Acre,DBSKKV Dapoli & Spices Board,2024-2025
kokum (garcinia),Zaid,Tamil Nadu,27662,2240,5040,12320,2888,2934,2240,27662,INR/Acre,DBSKKV Dapoli & Spices Board,2024-2025
kokum (garcinia),Zaid,Sikkim,25339,2240,5040,10450,2625,2744,2240,25339,INR/Acre,DBSKKV Dapoli & Spices Board,2024-2025
kokum (garcinia),Zaid,West Bengal,25551,2240,5040,11000,2231,2800,2240,25551,INR/Acre,DBSKKV Dapoli & Spices Board,2024-2025
kokum (garcinia),Zaid,Assam,25230,2240,5040,10780,2152,2778,2240,25230,INR/Acre,DBSKKV Dapoli & Spices Board,2024-2025
kokum (garcinia),Zaid,Arunachal Pradesh,24733,2240,5040,9900,2625,2688,2240,24733,INR/Acre,DBSKKV Dapoli & Spices Board,2024-2025
bay leaf (tejpatta),Kharif,Kerala,24945,1800,4000,12825,1870,2850,1600,24945,INR/Acre,Spices Board & ICAR Guidelines,2024-2025
bay leaf (tejpatta),Kharif,Karnataka,22760,1800,4000,10450,2310,2600,1600,22760,INR/Acre,Spices Board & ICAR Guidelines,2024-2025
bay leaf (tejpatta),Kharif,Tamil Nadu,23080,1800,4000,10640,2420,2620,1600,23080,INR/Acre,Spices Board & ICAR Guidelines,2024-2025
bay leaf (tejpatta),Kharif,Sikkim,21075,1800,4000,9025,2200,2450,1600,21075,INR/Acre,Spices Board & ICAR Guidelines,2024-2025
bay leaf (tejpatta),Kharif,West Bengal,21270,1800,4000,9500,1870,2500,1600,21270,INR/Acre,Spices Board & ICAR Guidelines,2024-2025
bay leaf (tejpatta),Kharif,Assam,20994,1800,4000,9310,1804,2480,1600,20994,INR/Acre,Spices Board & ICAR Guidelines,2024-2025
bay leaf (tejpatta),Kharif,Arunachal Pradesh,20550,1800,4000,8550,2200,2400,1600,20550,INR/Acre,Spices Board & ICAR Guidelines,2024-2025
bay leaf (tejpatta),Rabi,Kerala,25389,1908,4240,12825,1870,2850,1696,25389,INR/Acre,Spices Board & ICAR Guidelines,2024-2025
bay leaf (tejpatta),Rabi,Karnataka,23204,1908,4240,10450,2310,2600,1696,23204,INR/Acre,Spices Board & ICAR Guidelines,2024-2025
bay leaf (tejpatta),Rabi,Tamil Nadu,23524,1908,4240,10640,2420,2620,1696,23524,INR/Acre,Spices Board & ICAR Guidelines,2024-2025
bay leaf (tejpatta),Rabi,Sikkim,21519,1908,4240,9025,2200,2450,1696,21519,INR/Acre,Spices Board & ICAR Guidelines,2024-2025
bay leaf (tejpatta),Rabi,West Bengal,21714,1908,4240,9500,1870,2500,1696,21714,INR/Acre,Spices Board & ICAR Guidelines,2024-2025
bay leaf (tejpatta),Rabi,Assam,21438,1908,4240,9310,1804,2480,1696,21438,INR/Acre,Spices Board & ICAR Guidelines,2024-2025
bay leaf (tejpatta),Rabi,Arunachal Pradesh,20994,1908,4240,8550,2200,2400,1696,20994,INR/Acre,Spices Board & ICAR Guidelines,2024-2025
bay leaf (tejpatta),Zaid,Kerala,25927,2016,4480,12825,1964,2850,1792,25927,INR/Acre,Spices Board & ICAR Guidelines,2024-2025
bay leaf (tejpatta),Zaid,Karnataka,23764,2016,4480,10450,2426,2600,1792,23764,INR/Acre,Spices Board & ICAR Guidelines,2024-2025
bay leaf (tejpatta),Zaid,Tamil Nadu,24089,2016,4480,10640,2541,2620,1792,24089,INR/Acre,Spices Board & ICAR Guidelines,2024-2025
bay leaf (tejpatta),Zaid,Sikkim,22073,2016,4480,9025,2310,2450,1792,22073,INR/Acre,Spices Board & ICAR Guidelines,2024-2025
bay leaf (tejpatta),Zaid,West Bengal,22252,2016,4480,9500,1964,2500,1792,22252,INR/Acre,Spices Board & ICAR Guidelines,2024-2025
bay leaf (tejpatta),Zaid,Assam,21972,2016,4480,9310,1894,2480,1792,21972,INR/Acre,Spices Board & ICAR Guidelines,2024-2025
bay leaf (tejpatta),Zaid,Arunachal Pradesh,21548,2016,4480,8550,2310,2400,1792,21548,INR/Acre,Spices Board & ICAR Guidelines,2024-2025
dry ginger,Kharif,Kerala,57830,14000,7500,24300,3400,5130,3500,57830,INR/Acre,Spices Board & IISR Kozhikode,2024-2025
dry ginger,Kharif,Odisha,48644,14000,7500,15840,3520,4284,3500,48644,INR/Acre,Spices Board & IISR Kozhikode,2024-2025
dry ginger,Kharif,Telangana,53680,14000,7500,19800,4200,4680,3500,53680,INR/Acre,Spices Board & IISR Kozhikode,2024-2025
dry ginger,Kharif,Andhra Pradesh,53680,14000,7500,19800,4200,4680,3500,53680,INR/Acre,Spices Board & IISR Kozhikode,2024-2025
dry ginger,Kharif,Karnataka,53680,14000,7500,19800,4200,4680,3500,53680,INR/Acre,Spices Board & IISR Kozhikode,2024-2025
dry ginger,Kharif,Tamil Nadu,54276,14000,7500,20160,4400,4716,3500,54276,INR/Acre,Spices Board & IISR Kozhikode,2024-2025
dry ginger,Kharif,West Bengal,50900,14000,7500,18000,3400,4500,3500,50900,INR/Acre,Spices Board & IISR Kozhikode,2024-2025
dry ginger,Kharif,Assam,50384,14000,7500,17640,3280,4464,3500,50384,INR/Acre,Spices Board & IISR Kozhikode,2024-2025
dry ginger,Kharif,Maharashtra,53404,14000,7500,19440,4320,4644,3500,53404,INR/Acre,Spices Board & IISR Kozhikode,2024-2025
dry ginger,Kharif,Madhya Pradesh,49916,14000,7500,16560,4000,4356,3500,49916,INR/Acre,Spices Board & IISR Kozhikode,2024-2025
dry ginger,Rabi,Kerala,59330,14840,7950,24300,3400,5130,3710,59330,INR/Acre,Spices Board & IISR Kozhikode,2024-2025
dry ginger,Rabi,Andhra Pradesh,55180,14840,7950,19800,4200,4680,3710,55180,INR/Acre,Spices Board & IISR Kozhikode,2024-2025
dry ginger,Rabi,Telangana,55180,14840,7950,19800,4200,4680,3710,55180,INR/Acre,Spices Board & IISR Kozhikode,2024-2025
dry ginger,Rabi,Tamil Nadu,55776,14840,7950,20160,4400,4716,3710,55776,INR/Acre,Spices Board & IISR Kozhikode,2024-2025
dry ginger,Rabi,West Bengal,52400,14840,7950,18000,3400,4500,3710,52400,INR/Acre,Spices Board & IISR Kozhikode,2024-2025
turmeric,Kharif,Kerala,53168,12000,7000,22950,3230,4788,3200,53168,INR/Acre,CACP & Spices Board Benchmark,2024-2025
turmeric,Kharif,Odisha,44502,12000,7000,14960,3344,3998,3200,44502,INR/Acre,CACP & Spices Board Benchmark,2024-2025
turmeric,Kharif,Telangana,49258,12000,7000,18700,3990,4368,3200,49258,INR/Acre,CACP & Spices Board Benchmark,2024-2025
turmeric,Kharif,Andhra Pradesh,49258,12000,7000,18700,3990,4368,3200,49258,INR/Acre,CACP & Spices Board Benchmark,2024-2025
turmeric,Kharif,Karnataka,49258,12000,7000,18700,3990,4368,3200,49258,INR/Acre,CACP & Spices Board Benchmark,2024-2025
turmeric,Kharif,Tamil Nadu,49822,12000,7000,19040,4180,4402,3200,49822,INR/Acre,CACP & Spices Board Benchmark,2024-2025
turmeric,Kharif,West Bengal,46630,12000,7000,17000,3230,4200,3200,46630,INR/Acre,CACP & Spices Board Benchmark,2024-2025
turmeric,Kharif,Assam,46142,12000,7000,16660,3116,4166,3200,46142,INR/Acre,CACP & Spices Board Benchmark,2024-2025
turmeric,Kharif,Maharashtra,48998,12000,7000,18360,4104,4334,3200,48998,INR/Acre,CACP & Spices Board Benchmark,2024-2025
turmeric,Kharif,Madhya Pradesh,45706,12000,7000,15640,3800,4066,3200,45706,INR/Acre,CACP & Spices Board Benchmark,2024-2025
turmeric,Rabi,Kerala,54500,12720,7420,22950,3230,4788,3392,54500,INR/Acre,CACP & Spices Board Benchmark,2024-2025
turmeric,Rabi,Andhra Pradesh,50590,12720,7420,18700,3990,4368,3392,50590,INR/Acre,CACP & Spices Board Benchmark,2024-2025
turmeric,Rabi,Telangana,50590,12720,7420,18700,3990,4368,3392,50590,INR/Acre,CACP & Spices Board Benchmark,2024-2025
turmeric,Rabi,Tamil Nadu,51154,12720,7420,19040,4180,4402,3392,51154,INR/Acre,CACP & Spices Board Benchmark,2024-2025
turmeric,Rabi,West Bengal,47962,12720,7420,17000,3230,4200,3392,47962,INR/Acre,CACP & Spices Board Benchmark,2024-2025
cumin (jeera),Rabi,Rajasthan,22400,2332,4028,8500,2832,2800,1908,22400,INR/Acre,CACP & Spices Board Benchmark,2024-2025
cumin (jeera),Rabi,Gujarat,22905,2332,4028,9010,2760,2867,1908,22905,INR/Acre,CACP & Spices Board Benchmark,2024-2025
cumin (jeera),Rabi,Madhya Pradesh,21198,2332,4028,7820,2400,2710,1908,21198,INR/Acre,CACP & Spices Board Benchmark,2024-2025
cumin (jeera),Rabi,Uttar Pradesh,21198,2332,4028,7820,2400,2710,1908,21198,INR/Acre,CACP & Spices Board Benchmark,2024-2025
cumin (jeera),Rabi,Andhra Pradesh,23050,2332,4028,9350,2520,2912,1908,23050,INR/Acre,CACP & Spices Board Benchmark,2024-2025
cumin (jeera),Rabi,Telangana,23050,2332,4028,9350,2520,2912,1908,23050,INR/Acre,CACP & Spices Board Benchmark,2024-2025
cumin (jeera),Rabi,Punjab,24661,2332,4028,10625,2688,3080,1908,24661,INR/Acre,CACP & Spices Board Benchmark,2024-2025
cumin (jeera),Rabi,Haryana,24372,2332,4028,10370,2688,3046,1908,24372,INR/Acre,CACP & Spices Board Benchmark,2024-2025
cumin (jeera),Rabi,Jammu and Kashmir,21968,2332,4028,8500,2400,2800,1908,21968,INR/Acre,CACP & Spices Board Benchmark,2024-2025
coriander seed,Rabi,Rajasthan,18214,1590,3180,7200,2360,2400,1484,18214,INR/Acre,CACP & Spices Board Benchmark,2024-2025
coriander seed,Rabi,Gujarat,18644,1590,3180,7632,2300,2458,1484,18644,INR/Acre,CACP & Spices Board Benchmark,2024-2025
coriander seed,Rabi,Madhya Pradesh,17201,1590,3180,6624,2000,2323,1484,17201,INR/Acre,CACP & Spices Board Benchmark,2024-2025
coriander seed,Rabi,Uttar Pradesh,17201,1590,3180,6624,2000,2323,1484,17201,INR/Acre,CACP & Spices Board Benchmark,2024-2025
coriander seed,Rabi,Andhra Pradesh,18770,1590,3180,7920,2100,2496,1484,18770,INR/Acre,CACP & Spices Board Benchmark,2024-2025
coriander seed,Rabi,Telangana,18770,1590,3180,7920,2100,2496,1484,18770,INR/Acre,CACP & Spices Board Benchmark,2024-2025
coriander seed,Rabi,Punjab,20134,1590,3180,9000,2240,2640,1484,20134,INR/Acre,CACP & Spices Board Benchmark,2024-2025
coriander seed,Rabi,Haryana,19889,1590,3180,8784,2240,2611,1484,19889,INR/Acre,CACP & Spices Board Benchmark,2024-2025
coriander seed,Rabi,Jammu and Kashmir,17854,1590,3180,7200,2000,2400,1484,17854,INR/Acre,CACP & Spices Board Benchmark,2024-2025
fennel (saunf),Rabi,Rajasthan,19998,1908,3604,7800,2596,2500,1590,19998,INR/Acre,Spices Board Benchmark,2024-2025
fennel (saunf),Rabi,Gujarat,20460,1908,3604,8268,2530,2560,1590,20460,INR/Acre,Spices Board Benchmark,2024-2025
fennel (saunf),Rabi,Madhya Pradesh,18898,1908,3604,7176,2200,2420,1590,18898,INR/Acre,Spices Board Benchmark,2024-2025
fennel (saunf),Rabi,Uttar Pradesh,18898,1908,3604,7176,2200,2420,1590,18898,INR/Acre,Spices Board Benchmark,2024-2025
fennel (saunf),Rabi,Andhra Pradesh,20592,1908,3604,8580,2310,2600,1590,20592,INR/Acre,Spices Board Benchmark,2024-2025
fennel (saunf),Rabi,Telangana,20592,1908,3604,8580,2310,2600,1590,20592,INR/Acre,Spices Board Benchmark,2024-2025
fennel (saunf),Rabi,Punjab,22066,1908,3604,9750,2464,2750,1590,22066,INR/Acre,Spices Board Benchmark,2024-2025
fennel (saunf),Rabi,Haryana,21802,1908,3604,9516,2464,2720,1590,21802,INR/Acre,Spices Board Benchmark,2024-2025
fennel (saunf),Rabi,Jammu and Kashmir,19602,1908,3604,7800,2200,2500,1590,19602,INR/Acre,Spices Board Benchmark,2024-2025
fenugreek seed,Rabi,Rajasthan,17372,1484,2968,7000,2242,2300,1378,17372,INR/Acre,Spices Board Benchmark,2024-2025
fenugreek seed,Rabi,Gujarat,17790,1484,2968,7420,2185,2355,1378,17790,INR/Acre,Spices Board Benchmark,2024-2025
fenugreek seed,Rabi,Madhya Pradesh,16396,1484,2968,6440,1900,2226,1378,16396,INR/Acre,Spices Board Benchmark,2024-2025
fenugreek seed,Rabi,Uttar Pradesh,16396,1484,2968,6440,1900,2226,1378,16396,INR/Acre,Spices Board Benchmark,2024-2025
fenugreek seed,Rabi,Andhra Pradesh,17917,1484,2968,7700,1995,2392,1378,17917,INR/Acre,Spices Board Benchmark,2024-2025
fenugreek seed,Rabi,Telangana,17917,1484,2968,7700,1995,2392,1378,17917,INR/Acre,Spices Board Benchmark,2024-2025
fenugreek seed,Rabi,Punjab,19238,1484,2968,8750,2128,2530,1378,19238,INR/Acre,Spices Board Benchmark,2024-2025
fenugreek seed,Rabi,Haryana,19000,1484,2968,8540,2128,2502,1378,19000,INR/Acre,Spices Board Benchmark,2024-2025
fenugreek seed,Rabi,Jammu and Kashmir,17030,1484,2968,7000,1900,2300,1378,17030,INR/Acre,Spices Board Benchmark,2024-2025
carom seed (ajwain),Rabi,Rajasthan,18420,1696,3180,7300,2360,2400,1484,18420,INR/Acre,Spices Board Benchmark,2024-2025
carom seed (ajwain),Rabi,Gujarat,18856,1696,3180,7738,2300,2458,1484,18856,INR/Acre,Spices Board Benchmark,2024-2025
carom seed (ajwain),Rabi,Madhya Pradesh,17399,1696,3180,6716,2000,2323,1484,17399,INR/Acre,Spices Board Benchmark,2024-2025
carom seed (ajwain),Rabi,Uttar Pradesh,17399,1696,3180,6716,2000,2323,1484,17399,INR/Acre,Spices Board Benchmark,2024-2025
carom seed (ajwain),Rabi,Andhra Pradesh,18986,1696,3180,8030,2100,2496,1484,18986,INR/Acre,Spices Board Benchmark,2024-2025
carom seed (ajwain),Rabi,Telangana,18986,1696,3180,8030,2100,2496,1484,18986,INR/Acre,Spices Board Benchmark,2024-2025
carom seed (ajwain),Rabi,Punjab,20365,1696,3180,9125,2240,2640,1484,20365,INR/Acre,Spices Board Benchmark,2024-2025
carom seed (ajwain),Rabi,Haryana,20117,1696,3180,8906,2240,2611,1484,20117,INR/Acre,Spices Board Benchmark,2024-2025
carom seed (ajwain),Rabi,Jammu and Kashmir,18060,1696,3180,7300,2000,2400,1484,18060,INR/Acre,Spices Board Benchmark,2024-2025
aniseed,Rabi,Rajasthan,19159,1802,3392,7500,2478,2450,1537,19159,INR/Acre,Spices Board Benchmark,2024-2025
aniseed,Rabi,Gujarat,19605,1802,3392,7950,2415,2509,1537,19605,INR/Acre,Spices Board Benchmark,2024-2025
aniseed,Rabi,Madhya Pradesh,18103,1802,3392,6900,2100,2372,1537,18103,INR/Acre,Spices Board Benchmark,2024-2025
aniseed,Rabi,Uttar Pradesh,18103,1802,3392,6900,2100,2372,1537,18103,INR/Acre,Spices Board Benchmark,2024-2025
aniseed,Rabi,Andhra Pradesh,19734,1802,3392,8250,2205,2548,1537,19734,INR/Acre,Spices Board Benchmark,2024-2025
aniseed,Rabi,Telangana,19734,1802,3392,8250,2205,2548,1537,19734,INR/Acre,Spices Board Benchmark,2024-2025
aniseed,Rabi,Punjab,21153,1802,3392,9375,2352,2695,1537,21153,INR/Acre,Spices Board Benchmark,2024-2025
aniseed,Rabi,Haryana,20899,1802,3392,9150,2352,2666,1537,20899,INR/Acre,Spices Board Benchmark,2024-2025
aniseed,Rabi,Jammu and Kashmir,18781,1802,3392,7500,2100,2450,1537,18781,INR/Acre,Spices Board Benchmark,2024-2025
nigella seed (kalonji),Rabi,Rajasthan,19633,1908,3498,7600,2537,2500,1590,19633,INR/Acre,Spices Board Benchmark,2024-2025
nigella seed (kalonji),Rabi,Gujarat,20084,1908,3498,8056,2472,2560,1590,20084,INR/Acre,Spices Board Benchmark,2024-2025
nigella seed (kalonji),Rabi,Madhya Pradesh,18558,1908,3498,6992,2150,2420,1590,18558,INR/Acre,Spices Board Benchmark,2024-2025
nigella seed (kalonji),Rabi,Uttar Pradesh,18558,1908,3498,6992,2150,2420,1590,18558,INR/Acre,Spices Board Benchmark,2024-2025
nigella seed (kalonji),Rabi,Andhra Pradesh,20214,1908,3498,8360,2258,2600,1590,20214,INR/Acre,Spices Board Benchmark,2024-2025
nigella seed (kalonji),Rabi,Telangana,20214,1908,3498,8360,2258,2600,1590,20214,INR/Acre,Spices Board Benchmark,2024-2025
nigella seed (kalonji),Rabi,Punjab,21654,1908,3498,9500,2408,2750,1590,21654,INR/Acre,Spices Board Benchmark,2024-2025
nigella seed (kalonji),Rabi,Haryana,21396,1908,3498,9272,2408,2720,1590,21396,INR/Acre,Spices Board Benchmark,2024-2025
nigella seed (kalonji),Rabi,Jammu and Kashmir,19246,1908,3498,7600,2150,2500,1590,19246,INR/Acre,Spices Board Benchmark,2024-2025
dill seed,Rabi,Rajasthan,17846,1590,3074,7100,2301,2350,1431,17846,INR/Acre,Spices Board Benchmark,2024-2025
dill seed,Rabi,Gujarat,18269,1590,3074,7526,2242,2406,1431,18269,INR/Acre,Spices Board Benchmark,2024-2025
dill seed,Rabi,Madhya Pradesh,16852,1590,3074,6532,1950,2275,1431,16852,INR/Acre,Spices Board Benchmark,2024-2025
dill seed,Rabi,Uttar Pradesh,16852,1590,3074,6532,1950,2275,1431,16852,INR/Acre,Spices Board Benchmark,2024-2025
dill seed,Rabi,Andhra Pradesh,18397,1590,3074,7810,2048,2444,1431,18397,INR/Acre,Spices Board Benchmark,2024-2025
dill seed,Rabi,Telangana,18397,1590,3074,7810,2048,2444,1431,18397,INR/Acre,Spices Board Benchmark,2024-2025
dill seed,Rabi,Punjab,19739,1590,3074,8875,2184,2585,1431,19739,INR/Acre,Spices Board Benchmark,2024-2025
dill seed,Rabi,Haryana,19498,1590,3074,8662,2184,2557,1431,19498,INR/Acre,Spices Board Benchmark,2024-2025
dill seed,Rabi,Jammu and Kashmir,17495,1590,3074,7100,1950,2350,1431,17495,INR/Acre,Spices Board Benchmark,2024-2025
asafoetida (hing),Rabi,Rajasthan,78360,26500,8480,25000,5900,4000,8480,78360,INR/Acre,ICAR-IHBT Palampur High-Value Spices,2024-2025
asafoetida (hing),Rabi,Gujarat,79806,26500,8480,26500,5750,4096,8480,79806,INR/Acre,ICAR-IHBT Palampur High-Value Spices,2024-2025
asafoetida (hing),Rabi,Madhya Pradesh,75332,26500,8480,23000,5000,3872,8480,75332,INR/Acre,ICAR-IHBT Palampur High-Value Spices,2024-2025
asafoetida (hing),Rabi,Uttar Pradesh,75332,26500,8480,23000,5000,3872,8480,75332,INR/Acre,ICAR-IHBT Palampur High-Value Spices,2024-2025
asafoetida (hing),Rabi,Andhra Pradesh,80370,26500,8480,27500,5250,4160,8480,80370,INR/Acre,ICAR-IHBT Palampur High-Value Spices,2024-2025
asafoetida (hing),Rabi,Telangana,80370,26500,8480,27500,5250,4160,8480,80370,INR/Acre,ICAR-IHBT Palampur High-Value Spices,2024-2025
asafoetida (hing),Rabi,Punjab,84710,26500,8480,31250,5600,4400,8480,84710,INR/Acre,ICAR-IHBT Palampur High-Value Spices,2024-2025
asafoetida (hing),Rabi,Haryana,83912,26500,8480,30500,5600,4352,8480,83912,INR/Acre,ICAR-IHBT Palampur High-Value Spices,2024-2025
asafoetida (hing),Rabi,Jammu and Kashmir,77460,26500,8480,25000,5000,4000,8480,77460,INR/Acre,ICAR-IHBT Palampur High-Value Spices,2024-2025
saffron,Rabi,Rajasthan,88780,37100,6360,25000,4720,5000,10600,88780,INR/Acre,Sher-e-Kashmir SAU Saffron Norms,2024-2025
saffron,Rabi,Gujarat,90280,37100,6360,26500,4600,5120,10600,90280,INR/Acre,Sher-e-Kashmir SAU Saffron Norms,2024-2025
saffron,Rabi,Madhya Pradesh,85900,37100,6360,23000,4000,4840,10600,85900,INR/Acre,Sher-e-Kashmir SAU Saffron Norms,2024-2025
saffron,Rabi,Uttar Pradesh,85900,37100,6360,23000,4000,4840,10600,85900,INR/Acre,Sher-e-Kashmir SAU Saffron Norms,2024-2025
saffron,Rabi,Andhra Pradesh,90960,37100,6360,27500,4200,5200,10600,90960,INR/Acre,Sher-e-Kashmir SAU Saffron Norms,2024-2025
saffron,Rabi,Telangana,90960,37100,6360,27500,4200,5200,10600,90960,INR/Acre,Sher-e-Kashmir SAU Saffron Norms,2024-2025
saffron,Rabi,Punjab,95290,37100,6360,31250,4480,5500,10600,95290,INR/Acre,Sher-e-Kashmir SAU Saffron Norms,2024-2025
saffron,Rabi,Haryana,94480,37100,6360,30500,4480,5440,10600,94480,INR/Acre,Sher-e-Kashmir SAU Saffron Norms,2024-2025
saffron,Rabi,Jammu and Kashmir,88060,37100,6360,25000,4000,5000,10600,88060,INR/Acre,Sher-e-Kashmir SAU Saffron Norms,2024-2025
ashwagandha,Rabi,Rajasthan,16618,1908,2968,6500,1770,2200,1272,16618,INR/Acre,CSIR-CIMAP Medicinal Crop Guidelines,2024-2025
ashwagandha,Rabi,Gujarat,17016,1908,2968,6890,1725,2253,1272,17016,INR/Acre,CSIR-CIMAP Medicinal Crop Guidelines,2024-2025
ashwagandha,Rabi,Madhya Pradesh,15758,1908,2968,5980,1500,2130,1272,15758,INR/Acre,CSIR-CIMAP Medicinal Crop Guidelines,2024-2025
isabgol,Rabi,Rajasthan,14846,1484,2544,5800,1652,2200,1166,14846,INR/Acre,DMAPR Anand & CAZRI Benchmark,2024-2025
isabgol,Rabi,Gujarat,15205,1484,2544,6148,1610,2253,1166,15205,INR/Acre,DMAPR Anand & CAZRI Benchmark,2024-2025
isabgol,Rabi,Madhya Pradesh,14060,1484,2544,5336,1400,2130,1166,14060,INR/Acre,DMAPR Anand & CAZRI Benchmark,2024-2025
senna,Rabi,Rajasthan,13580,1272,2332,5500,1416,2000,1060,13580,INR/Acre,DMAPR Anand Medicinal Norms,2024-2025
senna,Rabi,Gujarat,13922,1272,2332,5830,1380,2048,1060,13922,INR/Acre,DMAPR Anand Medicinal Norms,2024-2025
senna,Rabi,Madhya Pradesh,12860,1272,2332,5060,1200,1936,1060,12860,INR/Acre,DMAPR Anand Medicinal Norms,2024-2025
aloe vera,Kharif,Uttar Pradesh,18560,3500,3000,6440,1800,2420,1400,18560,INR/Acre,CSIR-CIMAP & DMAPR Guidelines,2024-2025
aloe vera,Kharif,Punjab,21416,3500,3000,8750,2016,2750,1400,21416,INR/Acre,CSIR-CIMAP & DMAPR Guidelines,2024-2025
aloe vera,Kharif,Haryana,21176,3500,3000,8540,2016,2720,1400,21176,INR/Acre,CSIR-CIMAP & DMAPR Guidelines,2024-2025
aloe vera,Kharif,Madhya Pradesh,18560,3500,3000,6440,1800,2420,1400,18560,INR/Acre,CSIR-CIMAP & DMAPR Guidelines,2024-2025
aloe vera,Kharif,Rajasthan,19524,3500,3000,7000,2124,2500,1400,19524,INR/Acre,CSIR-CIMAP & DMAPR Guidelines,2024-2025
aloe vera,Kharif,Gujarat,19950,3500,3000,7420,2070,2560,1400,19950,INR/Acre,CSIR-CIMAP & DMAPR Guidelines,2024-2025
aloe vera,Kharif,Tamil Nadu,20340,3500,3000,7840,1980,2620,1400,20340,INR/Acre,CSIR-CIMAP & DMAPR Guidelines,2024-2025
aloe vera,Kharif,Karnataka,20090,3500,3000,7700,1890,2600,1400,20090,INR/Acre,CSIR-CIMAP & DMAPR Guidelines,2024-2025
aloe vera,Rabi,Uttar Pradesh,19034,3710,3180,6440,1800,2420,1484,19034,INR/Acre,CSIR-CIMAP & DMAPR Guidelines,2024-2025
aloe vera,Rabi,Punjab,21890,3710,3180,8750,2016,2750,1484,21890,INR/Acre,CSIR-CIMAP & DMAPR Guidelines,2024-2025
aloe vera,Rabi,Haryana,21650,3710,3180,8540,2016,2720,1484,21650,INR/Acre,CSIR-CIMAP & DMAPR Guidelines,2024-2025
aloe vera,Rabi,Madhya Pradesh,19034,3710,3180,6440,1800,2420,1484,19034,INR/Acre,CSIR-CIMAP & DMAPR Guidelines,2024-2025
aloe vera,Rabi,Rajasthan,19998,3710,3180,7000,2124,2500,1484,19998,INR/Acre,CSIR-CIMAP & DMAPR Guidelines,2024-2025
aloe vera,Rabi,Gujarat,20424,3710,3180,7420,2070,2560,1484,20424,INR/Acre,CSIR-CIMAP & DMAPR Guidelines,2024-2025
aloe vera,Rabi,Tamil Nadu,20814,3710,3180,7840,1980,2620,1484,20814,INR/Acre,CSIR-CIMAP & DMAPR Guidelines,2024-2025
aloe vera,Rabi,Karnataka,20564,3710,3180,7700,1890,2600,1484,20564,INR/Acre,CSIR-CIMAP & DMAPR Guidelines,2024-2025
aloe vera,Zaid,Uttar Pradesh,19598,3920,3360,6440,1890,2420,1568,19598,INR/Acre,CSIR-CIMAP & DMAPR Guidelines,2024-2025
aloe vera,Zaid,Punjab,22465,3920,3360,8750,2117,2750,1568,22465,INR/Acre,CSIR-CIMAP & DMAPR Guidelines,2024-2025
aloe vera,Zaid,Haryana,22225,3920,3360,8540,2117,2720,1568,22225,INR/Acre,CSIR-CIMAP & DMAPR Guidelines,2024-2025
aloe vera,Zaid,Madhya Pradesh,19598,3920,3360,6440,1890,2420,1568,19598,INR/Acre,CSIR-CIMAP & DMAPR Guidelines,2024-2025
aloe vera,Zaid,Rajasthan,20578,3920,3360,7000,2230,2500,1568,20578,INR/Acre,CSIR-CIMAP & DMAPR Guidelines,2024-2025
aloe vera,Zaid,Gujarat,21002,3920,3360,7420,2174,2560,1568,21002,INR/Acre,CSIR-CIMAP & DMAPR Guidelines,2024-2025
aloe vera,Zaid,Tamil Nadu,21387,3920,3360,7840,2079,2620,1568,21387,INR/Acre,CSIR-CIMAP & DMAPR Guidelines,2024-2025
aloe vera,Zaid,Karnataka,21132,3920,3360,7700,1984,2600,1568,21132,INR/Acre,CSIR-CIMAP & DMAPR Guidelines,2024-2025
lemongrass,Kharif,Uttar Pradesh,18523,2500,3500,6900,1800,2323,1500,18523,INR/Acre,CSIR-CIMAP Aromatic Crop Guidelines,2024-2025
lemongrass,Kharif,Punjab,21531,2500,3500,9375,2016,2640,1500,21531,INR/Acre,CSIR-CIMAP Aromatic Crop Guidelines,2024-2025
lemongrass,Kharif,Haryana,21277,2500,3500,9150,2016,2611,1500,21277,INR/Acre,CSIR-CIMAP Aromatic Crop Guidelines,2024-2025
lemongrass,Kharif,Madhya Pradesh,18523,2500,3500,6900,1800,2323,1500,18523,INR/Acre,CSIR-CIMAP Aromatic Crop Guidelines,2024-2025
lemongrass,Kharif,Rajasthan,19524,2500,3500,7500,2124,2400,1500,19524,INR/Acre,CSIR-CIMAP Aromatic Crop Guidelines,2024-2025
lemongrass,Kharif,Gujarat,19978,2500,3500,7950,2070,2458,1500,19978,INR/Acre,CSIR-CIMAP Aromatic Crop Guidelines,2024-2025
lemongrass,Kharif,Tamil Nadu,20395,2500,3500,8400,1980,2515,1500,20395,INR/Acre,CSIR-CIMAP Aromatic Crop Guidelines,2024-2025
lemongrass,Kharif,Karnataka,20136,2500,3500,8250,1890,2496,1500,20136,INR/Acre,CSIR-CIMAP Aromatic Crop Guidelines,2024-2025
lemongrass,Rabi,Uttar Pradesh,18973,2650,3710,6900,1800,2323,1590,18973,INR/Acre,CSIR-CIMAP Aromatic Crop Guidelines,2024-2025
lemongrass,Rabi,Punjab,21981,2650,3710,9375,2016,2640,1590,21981,INR/Acre,CSIR-CIMAP Aromatic Crop Guidelines,2024-2025
lemongrass,Rabi,Haryana,21727,2650,3710,9150,2016,2611,1590,21727,INR/Acre,CSIR-CIMAP Aromatic Crop Guidelines,2024-2025
lemongrass,Rabi,Madhya Pradesh,18973,2650,3710,6900,1800,2323,1590,18973,INR/Acre,CSIR-CIMAP Aromatic Crop Guidelines,2024-2025
lemongrass,Rabi,Rajasthan,19974,2650,3710,7500,2124,2400,1590,19974,INR/Acre,CSIR-CIMAP Aromatic Crop Guidelines,2024-2025
lemongrass,Rabi,Gujarat,20428,2650,3710,7950,2070,2458,1590,20428,INR/Acre,CSIR-CIMAP Aromatic Crop Guidelines,2024-2025
lemongrass,Rabi,Tamil Nadu,20845,2650,3710,8400,1980,2515,1590,20845,INR/Acre,CSIR-CIMAP Aromatic Crop Guidelines,2024-2025
lemongrass,Rabi,Karnataka,20586,2650,3710,8250,1890,2496,1590,20586,INR/Acre,CSIR-CIMAP Aromatic Crop Guidelines,2024-2025
lemongrass,Zaid,Uttar Pradesh,19513,2800,3920,6900,1890,2323,1680,19513,INR/Acre,CSIR-CIMAP Aromatic Crop Guidelines,2024-2025
lemongrass,Zaid,Punjab,22532,2800,3920,9375,2117,2640,1680,22532,INR/Acre,CSIR-CIMAP Aromatic Crop Guidelines,2024-2025
lemongrass,Zaid,Haryana,22278,2800,3920,9150,2117,2611,1680,22278,INR/Acre,CSIR-CIMAP Aromatic Crop Guidelines,2024-2025
lemongrass,Zaid,Madhya Pradesh,19513,2800,3920,6900,1890,2323,1680,19513,INR/Acre,CSIR-CIMAP Aromatic Crop Guidelines,2024-2025
lemongrass,Zaid,Rajasthan,20530,2800,3920,7500,2230,2400,1680,20530,INR/Acre,CSIR-CIMAP Aromatic Crop Guidelines,2024-2025
lemongrass,Zaid,Gujarat,20982,2800,3920,7950,2174,2458,1680,20982,INR/Acre,CSIR-CIMAP Aromatic Crop Guidelines,2024-2025
lemongrass,Zaid,Tamil Nadu,21394,2800,3920,8400,2079,2515,1680,21394,INR/Acre,CSIR-CIMAP Aromatic Crop Guidelines,2024-2025
lemongrass,Zaid,Karnataka,21130,2800,3920,8250,1984,2496,1680,21130,INR/Acre,CSIR-CIMAP Aromatic Crop Guidelines,2024-2025
palmarosa,Kharif,Uttar Pradesh,17350,2200,3200,6624,1700,2226,1400,17350,INR/Acre,CSIR-CIMAP Aromatic Crop Guidelines,2024-2025
palmarosa,Kharif,Punjab,20234,2200,3200,9000,1904,2530,1400,20234,INR/Acre,CSIR-CIMAP Aromatic Crop Guidelines,2024-2025
palmarosa,Kharif,Haryana,19990,2200,3200,8784,1904,2502,1400,19990,INR/Acre,CSIR-CIMAP Aromatic Crop Guidelines,2024-2025
palmarosa,Kharif,Madhya Pradesh,17350,2200,3200,6624,1700,2226,1400,17350,INR/Acre,CSIR-CIMAP Aromatic Crop Guidelines,2024-2025
palmarosa,Kharif,Rajasthan,18306,2200,3200,7200,2006,2300,1400,18306,INR/Acre,CSIR-CIMAP Aromatic Crop Guidelines,2024-2025
palmarosa,Kharif,Gujarat,18742,2200,3200,7632,1955,2355,1400,18742,INR/Acre,CSIR-CIMAP Aromatic Crop Guidelines,2024-2025
palmarosa,Kharif,Tamil Nadu,19144,2200,3200,8064,1870,2410,1400,19144,INR/Acre,CSIR-CIMAP Aromatic Crop Guidelines,2024-2025
palmarosa,Kharif,Karnataka,18897,2200,3200,7920,1785,2392,1400,18897,INR/Acre,CSIR-CIMAP Aromatic Crop Guidelines,2024-2025
palmarosa,Rabi,Uttar Pradesh,17758,2332,3392,6624,1700,2226,1484,17758,INR/Acre,CSIR-CIMAP Aromatic Crop Guidelines,2024-2025
palmarosa,Rabi,Punjab,20642,2332,3392,9000,1904,2530,1484,20642,INR/Acre,CSIR-CIMAP Aromatic Crop Guidelines,2024-2025
palmarosa,Rabi,Haryana,20398,2332,3392,8784,1904,2502,1484,20398,INR/Acre,CSIR-CIMAP Aromatic Crop Guidelines,2024-2025
palmarosa,Rabi,Madhya Pradesh,17758,2332,3392,6624,1700,2226,1484,17758,INR/Acre,CSIR-CIMAP Aromatic Crop Guidelines,2024-2025
palmarosa,Rabi,Rajasthan,18714,2332,3392,7200,2006,2300,1484,18714,INR/Acre,CSIR-CIMAP Aromatic Crop Guidelines,2024-2025
palmarosa,Rabi,Gujarat,19150,2332,3392,7632,1955,2355,1484,19150,INR/Acre,CSIR-CIMAP Aromatic Crop Guidelines,2024-2025
palmarosa,Rabi,Tamil Nadu,19552,2332,3392,8064,1870,2410,1484,19552,INR/Acre,CSIR-CIMAP Aromatic Crop Guidelines,2024-2025
palmarosa,Rabi,Karnataka,19305,2332,3392,7920,1785,2392,1484,19305,INR/Acre,CSIR-CIMAP Aromatic Crop Guidelines,2024-2025
palmarosa,Zaid,Uttar Pradesh,18251,2464,3584,6624,1785,2226,1568,18251,INR/Acre,CSIR-CIMAP Aromatic Crop Guidelines,2024-2025
palmarosa,Zaid,Punjab,21145,2464,3584,9000,1999,2530,1568,21145,INR/Acre,CSIR-CIMAP Aromatic Crop Guidelines,2024-2025
palmarosa,Zaid,Haryana,20901,2464,3584,8784,1999,2502,1568,20901,INR/Acre,CSIR-CIMAP Aromatic Crop Guidelines,2024-2025
palmarosa,Zaid,Madhya Pradesh,18251,2464,3584,6624,1785,2226,1568,18251,INR/Acre,CSIR-CIMAP Aromatic Crop Guidelines,2024-2025
palmarosa,Zaid,Rajasthan,19222,2464,3584,7200,2106,2300,1568,19222,INR/Acre,CSIR-CIMAP Aromatic Crop Guidelines,2024-2025
palmarosa,Zaid,Gujarat,19656,2464,3584,7632,2053,2355,1568,19656,INR/Acre,CSIR-CIMAP Aromatic Crop Guidelines,2024-2025
palmarosa,Zaid,Tamil Nadu,20054,2464,3584,8064,1964,2410,1568,20054,INR/Acre,CSIR-CIMAP Aromatic Crop Guidelines,2024-2025
palmarosa,Zaid,Karnataka,19802,2464,3584,7920,1874,2392,1568,19802,INR/Acre,CSIR-CIMAP Aromatic Crop Guidelines,2024-2025
citronella,Kharif,Uttar Pradesh,17791,2300,3300,6716,1750,2275,1450,17791,INR/Acre,CSIR-CIMAP Aromatic Crop Guidelines,2024-2025
citronella,Kharif,Punjab,20720,2300,3300,9125,1960,2585,1450,20720,INR/Acre,CSIR-CIMAP Aromatic Crop Guidelines,2024-2025
citronella,Kharif,Haryana,20473,2300,3300,8906,1960,2557,1450,20473,INR/Acre,CSIR-CIMAP Aromatic Crop Guidelines,2024-2025
citronella,Kharif,Madhya Pradesh,17791,2300,3300,6716,1750,2275,1450,17791,INR/Acre,CSIR-CIMAP Aromatic Crop Guidelines,2024-2025
citronella,Kharif,Rajasthan,18765,2300,3300,7300,2065,2350,1450,18765,INR/Acre,CSIR-CIMAP Aromatic Crop Guidelines,2024-2025
citronella,Kharif,Gujarat,19206,2300,3300,7738,2012,2406,1450,19206,INR/Acre,CSIR-CIMAP Aromatic Crop Guidelines,2024-2025
citronella,Kharif,Tamil Nadu,19614,2300,3300,8176,1925,2463,1450,19614,INR/Acre,CSIR-CIMAP Aromatic Crop Guidelines,2024-2025
citronella,Kharif,Karnataka,19362,2300,3300,8030,1838,2444,1450,19362,INR/Acre,CSIR-CIMAP Aromatic Crop Guidelines,2024-2025
citronella,Rabi,Uttar Pradesh,18214,2438,3498,6716,1750,2275,1537,18214,INR/Acre,CSIR-CIMAP Aromatic Crop Guidelines,2024-2025
citronella,Rabi,Punjab,21143,2438,3498,9125,1960,2585,1537,21143,INR/Acre,CSIR-CIMAP Aromatic Crop Guidelines,2024-2025
citronella,Rabi,Haryana,20896,2438,3498,8906,1960,2557,1537,20896,INR/Acre,CSIR-CIMAP Aromatic Crop Guidelines,2024-2025
citronella,Rabi,Madhya Pradesh,18214,2438,3498,6716,1750,2275,1537,18214,INR/Acre,CSIR-CIMAP Aromatic Crop Guidelines,2024-2025
citronella,Rabi,Rajasthan,19188,2438,3498,7300,2065,2350,1537,19188,INR/Acre,CSIR-CIMAP Aromatic Crop Guidelines,2024-2025
citronella,Rabi,Gujarat,19629,2438,3498,7738,2012,2406,1537,19629,INR/Acre,CSIR-CIMAP Aromatic Crop Guidelines,2024-2025
citronella,Rabi,Tamil Nadu,20037,2438,3498,8176,1925,2463,1537,20037,INR/Acre,CSIR-CIMAP Aromatic Crop Guidelines,2024-2025
citronella,Rabi,Karnataka,19785,2438,3498,8030,1838,2444,1537,19785,INR/Acre,CSIR-CIMAP Aromatic Crop Guidelines,2024-2025
citronella,Zaid,Uttar Pradesh,18725,2576,3696,6716,1838,2275,1624,18725,INR/Acre,CSIR-CIMAP Aromatic Crop Guidelines,2024-2025
citronella,Zaid,Punjab,21664,2576,3696,9125,2058,2585,1624,21664,INR/Acre,CSIR-CIMAP Aromatic Crop Guidelines,2024-2025
citronella,Zaid,Haryana,21417,2576,3696,8906,2058,2557,1624,21417,INR/Acre,CSIR-CIMAP Aromatic Crop Guidelines,2024-2025
citronella,Zaid,Madhya Pradesh,18725,2576,3696,6716,1838,2275,1624,18725,INR/Acre,CSIR-CIMAP Aromatic Crop Guidelines,2024-2025
citronella,Zaid,Rajasthan,19714,2576,3696,7300,2168,2350,1624,19714,INR/Acre,CSIR-CIMAP Aromatic Crop Guidelines,2024-2025
citronella,Zaid,Gujarat,20153,2576,3696,7738,2113,2406,1624,20153,INR/Acre,CSIR-CIMAP Aromatic Crop Guidelines,2024-2025
citronella,Zaid,Tamil Nadu,20556,2576,3696,8176,2021,2463,1624,20556,INR/Acre,CSIR-CIMAP Aromatic Crop Guidelines,2024-2025
citronella,Zaid,Karnataka,20299,2576,3696,8030,1929,2444,1624,20299,INR/Acre,CSIR-CIMAP Aromatic Crop Guidelines,2024-2025
vetiver (khus),Kharif,Uttar Pradesh,19583,2800,3600,7360,1900,2323,1600,19583,INR/Acre,CSIR-CIMAP Aromatic Crop Guidelines,2024-2025
vetiver (khus),Kharif,Punjab,22768,2800,3600,10000,2128,2640,1600,22768,INR/Acre,CSIR-CIMAP Aromatic Crop Guidelines,2024-2025
vetiver (khus),Kharif,Haryana,22499,2800,3600,9760,2128,2611,1600,22499,INR/Acre,CSIR-CIMAP Aromatic Crop Guidelines,2024-2025
vetiver (khus),Kharif,Madhya Pradesh,19583,2800,3600,7360,1900,2323,1600,19583,INR/Acre,CSIR-CIMAP Aromatic Crop Guidelines,2024-2025
vetiver (khus),Kharif,Rajasthan,20642,2800,3600,8000,2242,2400,1600,20642,INR/Acre,CSIR-CIMAP Aromatic Crop Guidelines,2024-2025
vetiver (khus),Kharif,Gujarat,21123,2800,3600,8480,2185,2458,1600,21123,INR/Acre,CSIR-CIMAP Aromatic Crop Guidelines,2024-2025
vetiver (khus),Kharif,Tamil Nadu,21565,2800,3600,8960,2090,2515,1600,21565,INR/Acre,CSIR-CIMAP Aromatic Crop Guidelines,2024-2025
vetiver (khus),Kharif,Karnataka,21291,2800,3600,8800,1995,2496,1600,21291,INR/Acre,CSIR-CIMAP Aromatic Crop Guidelines,2024-2025
vetiver (khus),Rabi,Uttar Pradesh,20063,2968,3816,7360,1900,2323,1696,20063,INR/Acre,CSIR-CIMAP Aromatic Crop Guidelines,2024-2025
vetiver (khus),Rabi,Punjab,23248,2968,3816,10000,2128,2640,1696,23248,INR/Acre,CSIR-CIMAP Aromatic Crop Guidelines,2024-2025
vetiver (khus),Rabi,Haryana,22979,2968,3816,9760,2128,2611,1696,22979,INR/Acre,CSIR-CIMAP Aromatic Crop Guidelines,2024-2025
vetiver (khus),Rabi,Madhya Pradesh,20063,2968,3816,7360,1900,2323,1696,20063,INR/Acre,CSIR-CIMAP Aromatic Crop Guidelines,2024-2025
vetiver (khus),Rabi,Rajasthan,21122,2968,3816,8000,2242,2400,1696,21122,INR/Acre,CSIR-CIMAP Aromatic Crop Guidelines,2024-2025
vetiver (khus),Rabi,Gujarat,21603,2968,3816,8480,2185,2458,1696,21603,INR/Acre,CSIR-CIMAP Aromatic Crop Guidelines,2024-2025
vetiver (khus),Rabi,Tamil Nadu,22045,2968,3816,8960,2090,2515,1696,22045,INR/Acre,CSIR-CIMAP Aromatic Crop Guidelines,2024-2025
vetiver (khus),Rabi,Karnataka,21771,2968,3816,8800,1995,2496,1696,21771,INR/Acre,CSIR-CIMAP Aromatic Crop Guidelines,2024-2025
vetiver (khus),Zaid,Uttar Pradesh,20638,3136,4032,7360,1995,2323,1792,20638,INR/Acre,CSIR-CIMAP Aromatic Crop Guidelines,2024-2025
vetiver (khus),Zaid,Punjab,23834,3136,4032,10000,2234,2640,1792,23834,INR/Acre,CSIR-CIMAP Aromatic Crop Guidelines,2024-2025
vetiver (khus),Zaid,Haryana,23565,3136,4032,9760,2234,2611,1792,23565,INR/Acre,CSIR-CIMAP Aromatic Crop Guidelines,2024-2025
vetiver (khus),Zaid,Madhya Pradesh,20638,3136,4032,7360,1995,2323,1792,20638,INR/Acre,CSIR-CIMAP Aromatic Crop Guidelines,2024-2025
vetiver (khus),Zaid,Rajasthan,21714,3136,4032,8000,2354,2400,1792,21714,INR/Acre,CSIR-CIMAP Aromatic Crop Guidelines,2024-2025
vetiver (khus),Zaid,Gujarat,22192,3136,4032,8480,2294,2458,1792,22192,INR/Acre,CSIR-CIMAP Aromatic Crop Guidelines,2024-2025
vetiver (khus),Zaid,Tamil Nadu,22629,3136,4032,8960,2194,2515,1792,22629,INR/Acre,CSIR-CIMAP Aromatic Crop Guidelines,2024-2025
vetiver (khus),Zaid,Karnataka,22351,3136,4032,8800,2095,2496,1792,22351,INR/Acre,CSIR-CIMAP Aromatic Crop Guidelines,2024-2025
pudina (mint),Kharif,Uttar Pradesh,22450,2500,4200,8740,2500,2710,1800,22450,INR/Acre,CSIR-CIMAP Mentha Cost Guidelines,2024-2025
pudina (mint),Kharif,Punjab,26255,2500,4200,11875,2800,3080,1800,26255,INR/Acre,CSIR-CIMAP Mentha Cost Guidelines,2024-2025
pudina (mint),Kharif,Haryana,25936,2500,4200,11590,2800,3046,1800,25936,INR/Acre,CSIR-CIMAP Mentha Cost Guidelines,2024-2025
pudina (mint),Kharif,Madhya Pradesh,22450,2500,4200,8740,2500,2710,1800,22450,INR/Acre,CSIR-CIMAP Mentha Cost Guidelines,2024-2025
pudina (mint),Kharif,Rajasthan,23750,2500,4200,9500,2950,2800,1800,23750,INR/Acre,CSIR-CIMAP Mentha Cost Guidelines,2024-2025
pudina (mint),Kharif,Gujarat,24312,2500,4200,10070,2875,2867,1800,24312,INR/Acre,CSIR-CIMAP Mentha Cost Guidelines,2024-2025
pudina (mint),Kharif,Tamil Nadu,24824,2500,4200,10640,2750,2934,1800,24824,INR/Acre,CSIR-CIMAP Mentha Cost Guidelines,2024-2025
pudina (mint),Kharif,Karnataka,24487,2500,4200,10450,2625,2912,1800,24487,INR/Acre,CSIR-CIMAP Mentha Cost Guidelines,2024-2025
pudina (mint),Rabi,Uttar Pradesh,22960,2650,4452,8740,2500,2710,1908,22960,INR/Acre,CSIR-CIMAP Mentha Cost Guidelines,2024-2025
pudina (mint),Rabi,Punjab,26765,2650,4452,11875,2800,3080,1908,26765,INR/Acre,CSIR-CIMAP Mentha Cost Guidelines,2024-2025
pudina (mint),Rabi,Haryana,26446,2650,4452,11590,2800,3046,1908,26446,INR/Acre,CSIR-CIMAP Mentha Cost Guidelines,2024-2025
pudina (mint),Rabi,Madhya Pradesh,22960,2650,4452,8740,2500,2710,1908,22960,INR/Acre,CSIR-CIMAP Mentha Cost Guidelines,2024-2025
pudina (mint),Rabi,Rajasthan,24260,2650,4452,9500,2950,2800,1908,24260,INR/Acre,CSIR-CIMAP Mentha Cost Guidelines,2024-2025
pudina (mint),Rabi,Gujarat,24822,2650,4452,10070,2875,2867,1908,24822,INR/Acre,CSIR-CIMAP Mentha Cost Guidelines,2024-2025
pudina (mint),Rabi,Tamil Nadu,25334,2650,4452,10640,2750,2934,1908,25334,INR/Acre,CSIR-CIMAP Mentha Cost Guidelines,2024-2025
pudina (mint),Rabi,Karnataka,24997,2650,4452,10450,2625,2912,1908,24997,INR/Acre,CSIR-CIMAP Mentha Cost Guidelines,2024-2025
pudina (mint),Zaid,Uttar Pradesh,23595,2800,4704,8740,2625,2710,2016,23595,INR/Acre,CSIR-CIMAP Mentha Cost Guidelines,2024-2025
pudina (mint),Zaid,Punjab,27415,2800,4704,11875,2940,3080,2016,27415,INR/Acre,CSIR-CIMAP Mentha Cost Guidelines,2024-2025
pudina (mint),Zaid,Haryana,27096,2800,4704,11590,2940,3046,2016,27096,INR/Acre,CSIR-CIMAP Mentha Cost Guidelines,2024-2025
pudina (mint),Zaid,Madhya Pradesh,23595,2800,4704,8740,2625,2710,2016,23595,INR/Acre,CSIR-CIMAP Mentha Cost Guidelines,2024-2025
pudina (mint),Zaid,Rajasthan,24918,2800,4704,9500,3098,2800,2016,24918,INR/Acre,CSIR-CIMAP Mentha Cost Guidelines,2024-2025
pudina (mint),Zaid,Gujarat,25476,2800,4704,10070,3019,2867,2016,25476,INR/Acre,CSIR-CIMAP Mentha Cost Guidelines,2024-2025
pudina (mint),Zaid,Tamil Nadu,25982,2800,4704,10640,2888,2934,2016,25982,INR/Acre,CSIR-CIMAP Mentha Cost Guidelines,2024-2025
pudina (mint),Zaid,Karnataka,25638,2800,4704,10450,2756,2912,2016,25638,INR/Acre,CSIR-CIMAP Mentha Cost Guidelines,2024-2025
mentha,Kharif,Uttar Pradesh,23223,2600,4300,9016,2600,2807,1900,23223,INR/Acre,CSIR-CIMAP Mentha Cost Guidelines,2024-2025
mentha,Kharif,Punjab,27152,2600,4300,12250,2912,3190,1900,27152,INR/Acre,CSIR-CIMAP Mentha Cost Guidelines,2024-2025
mentha,Kharif,Haryana,26823,2600,4300,11956,2912,3155,1900,26823,INR/Acre,CSIR-CIMAP Mentha Cost Guidelines,2024-2025
mentha,Kharif,Madhya Pradesh,23223,2600,4300,9016,2600,2807,1900,23223,INR/Acre,CSIR-CIMAP Mentha Cost Guidelines,2024-2025
mentha,Kharif,Rajasthan,24568,2600,4300,9800,3068,2900,1900,24568,INR/Acre,CSIR-CIMAP Mentha Cost Guidelines,2024-2025
mentha,Kharif,Gujarat,25148,2600,4300,10388,2990,2970,1900,25148,INR/Acre,CSIR-CIMAP Mentha Cost Guidelines,2024-2025
mentha,Kharif,Tamil Nadu,25675,2600,4300,10976,2860,3039,1900,25675,INR/Acre,CSIR-CIMAP Mentha Cost Guidelines,2024-2025
mentha,Kharif,Karnataka,25326,2600,4300,10780,2730,3016,1900,25326,INR/Acre,CSIR-CIMAP Mentha Cost Guidelines,2024-2025
mentha,Rabi,Uttar Pradesh,23751,2756,4558,9016,2600,2807,2014,23751,INR/Acre,CSIR-CIMAP Mentha Cost Guidelines,2024-2025
mentha,Rabi,Punjab,27680,2756,4558,12250,2912,3190,2014,27680,INR/Acre,CSIR-CIMAP Mentha Cost Guidelines,2024-2025
mentha,Rabi,Haryana,27351,2756,4558,11956,2912,3155,2014,27351,INR/Acre,CSIR-CIMAP Mentha Cost Guidelines,2024-2025
mentha,Rabi,Madhya Pradesh,23751,2756,4558,9016,2600,2807,2014,23751,INR/Acre,CSIR-CIMAP Mentha Cost Guidelines,2024-2025
mentha,Rabi,Rajasthan,25096,2756,4558,9800,3068,2900,2014,25096,INR/Acre,CSIR-CIMAP Mentha Cost Guidelines,2024-2025
mentha,Rabi,Gujarat,25676,2756,4558,10388,2990,2970,2014,25676,INR/Acre,CSIR-CIMAP Mentha Cost Guidelines,2024-2025
mentha,Rabi,Tamil Nadu,26203,2756,4558,10976,2860,3039,2014,26203,INR/Acre,CSIR-CIMAP Mentha Cost Guidelines,2024-2025
mentha,Rabi,Karnataka,25854,2756,4558,10780,2730,3016,2014,25854,INR/Acre,CSIR-CIMAP Mentha Cost Guidelines,2024-2025
mentha,Zaid,Uttar Pradesh,24409,2912,4816,9016,2730,2807,2128,24409,INR/Acre,CSIR-CIMAP Mentha Cost Guidelines,2024-2025
mentha,Zaid,Punjab,28354,2912,4816,12250,3058,3190,2128,28354,INR/Acre,CSIR-CIMAP Mentha Cost Guidelines,2024-2025
mentha,Zaid,Haryana,28025,2912,4816,11956,3058,3155,2128,28025,INR/Acre,CSIR-CIMAP Mentha Cost Guidelines,2024-2025
mentha,Zaid,Madhya Pradesh,24409,2912,4816,9016,2730,2807,2128,24409,INR/Acre,CSIR-CIMAP Mentha Cost Guidelines,2024-2025
mentha,Zaid,Rajasthan,25777,2912,4816,9800,3221,2900,2128,25777,INR/Acre,CSIR-CIMAP Mentha Cost Guidelines,2024-2025
mentha,Zaid,Gujarat,26353,2912,4816,10388,3139,2970,2128,26353,INR/Acre,CSIR-CIMAP Mentha Cost Guidelines,2024-2025
mentha,Zaid,Tamil Nadu,26874,2912,4816,10976,3003,3039,2128,26874,INR/Acre,CSIR-CIMAP Mentha Cost Guidelines,2024-2025
mentha,Zaid,Karnataka,26518,2912,4816,10780,2866,3016,2128,26518,INR/Acre,CSIR-CIMAP Mentha Cost Guidelines,2024-2025
tulsi (holy basil),Kharif,Uttar Pradesh,14634,1500,2600,5704,1500,2130,1200,14634,INR/Acre,CSIR-CIMAP Medicinal Guidelines,2024-2025
tulsi (holy basil),Kharif,Punjab,17150,1500,2600,7750,1680,2420,1200,17150,INR/Acre,CSIR-CIMAP Medicinal Guidelines,2024-2025
tulsi (holy basil),Kharif,Haryana,16938,1500,2600,7564,1680,2394,1200,16938,INR/Acre,CSIR-CIMAP Medicinal Guidelines,2024-2025
tulsi (holy basil),Kharif,Madhya Pradesh,14634,1500,2600,5704,1500,2130,1200,14634,INR/Acre,CSIR-CIMAP Medicinal Guidelines,2024-2025
tulsi (holy basil),Kharif,Rajasthan,15470,1500,2600,6200,1770,2200,1200,15470,INR/Acre,CSIR-CIMAP Medicinal Guidelines,2024-2025
tulsi (holy basil),Kharif,Gujarat,15850,1500,2600,6572,1725,2253,1200,15850,INR/Acre,CSIR-CIMAP Medicinal Guidelines,2024-2025
tulsi (holy basil),Kharif,Tamil Nadu,16200,1500,2600,6944,1650,2306,1200,16200,INR/Acre,CSIR-CIMAP Medicinal Guidelines,2024-2025
tulsi (holy basil),Kharif,Karnataka,15983,1500,2600,6820,1575,2288,1200,15983,INR/Acre,CSIR-CIMAP Medicinal Guidelines,2024-2025
tulsi (holy basil),Rabi,Uttar Pradesh,14952,1590,2756,5704,1500,2130,1272,14952,INR/Acre,CSIR-CIMAP Medicinal Guidelines,2024-2025
tulsi (holy basil),Rabi,Punjab,17468,1590,2756,7750,1680,2420,1272,17468,INR/Acre,CSIR-CIMAP Medicinal Guidelines,2024-2025
tulsi (holy basil),Rabi,Haryana,17256,1590,2756,7564,1680,2394,1272,17256,INR/Acre,CSIR-CIMAP Medicinal Guidelines,2024-2025
tulsi (holy basil),Rabi,Madhya Pradesh,14952,1590,2756,5704,1500,2130,1272,14952,INR/Acre,CSIR-CIMAP Medicinal Guidelines,2024-2025
tulsi (holy basil),Rabi,Rajasthan,15788,1590,2756,6200,1770,2200,1272,15788,INR/Acre,CSIR-CIMAP Medicinal Guidelines,2024-2025
tulsi (holy basil),Rabi,Gujarat,16168,1590,2756,6572,1725,2253,1272,16168,INR/Acre,CSIR-CIMAP Medicinal Guidelines,2024-2025
tulsi (holy basil),Rabi,Tamil Nadu,16518,1590,2756,6944,1650,2306,1272,16518,INR/Acre,CSIR-CIMAP Medicinal Guidelines,2024-2025
tulsi (holy basil),Rabi,Karnataka,16301,1590,2756,6820,1575,2288,1272,16301,INR/Acre,CSIR-CIMAP Medicinal Guidelines,2024-2025
tulsi (holy basil),Zaid,Uttar Pradesh,15345,1680,2912,5704,1575,2130,1344,15345,INR/Acre,CSIR-CIMAP Medicinal Guidelines,2024-2025
tulsi (holy basil),Zaid,Punjab,17870,1680,2912,7750,1764,2420,1344,17870,INR/Acre,CSIR-CIMAP Medicinal Guidelines,2024-2025
tulsi (holy basil),Zaid,Haryana,17658,1680,2912,7564,1764,2394,1344,17658,INR/Acre,CSIR-CIMAP Medicinal Guidelines,2024-2025
tulsi (holy basil),Zaid,Madhya Pradesh,15345,1680,2912,5704,1575,2130,1344,15345,INR/Acre,CSIR-CIMAP Medicinal Guidelines,2024-2025
tulsi (holy basil),Zaid,Rajasthan,16194,1680,2912,6200,1858,2200,1344,16194,INR/Acre,CSIR-CIMAP Medicinal Guidelines,2024-2025
tulsi (holy basil),Zaid,Gujarat,16572,1680,2912,6572,1811,2253,1344,16572,INR/Acre,CSIR-CIMAP Medicinal Guidelines,2024-2025
tulsi (holy basil),Zaid,Tamil Nadu,16919,1680,2912,6944,1733,2306,1344,16919,INR/Acre,CSIR-CIMAP Medicinal Guidelines,2024-2025
tulsi (holy basil),Zaid,Karnataka,16698,1680,2912,6820,1654,2288,1344,16698,INR/Acre,CSIR-CIMAP Medicinal Guidelines,2024-2025
sarpagandha,Kharif,Uttar Pradesh,24620,4500,4500,9200,2200,2420,1800,24620,INR/Acre,CSIR-CIMAP Medicinal Guidelines,2024-2025
sarpagandha,Kharif,Punjab,28514,4500,4500,12500,2464,2750,1800,28514,INR/Acre,CSIR-CIMAP Medicinal Guidelines,2024-2025
sarpagandha,Kharif,Haryana,28184,4500,4500,12200,2464,2720,1800,28184,INR/Acre,CSIR-CIMAP Medicinal Guidelines,2024-2025
sarpagandha,Kharif,Madhya Pradesh,24620,4500,4500,9200,2200,2420,1800,24620,INR/Acre,CSIR-CIMAP Medicinal Guidelines,2024-2025
sarpagandha,Kharif,Rajasthan,25896,4500,4500,10000,2596,2500,1800,25896,INR/Acre,CSIR-CIMAP Medicinal Guidelines,2024-2025
sarpagandha,Kharif,Gujarat,26490,4500,4500,10600,2530,2560,1800,26490,INR/Acre,CSIR-CIMAP Medicinal Guidelines,2024-2025
sarpagandha,Kharif,Tamil Nadu,27040,4500,4500,11200,2420,2620,1800,27040,INR/Acre,CSIR-CIMAP Medicinal Guidelines,2024-2025
sarpagandha,Kharif,Karnataka,26710,4500,4500,11000,2310,2600,1800,26710,INR/Acre,CSIR-CIMAP Medicinal Guidelines,2024-2025
sarpagandha,Rabi,Uttar Pradesh,25268,4770,4770,9200,2200,2420,1908,25268,INR/Acre,CSIR-CIMAP Medicinal Guidelines,2024-2025
sarpagandha,Rabi,Punjab,29162,4770,4770,12500,2464,2750,1908,29162,INR/Acre,CSIR-CIMAP Medicinal Guidelines,2024-2025
sarpagandha,Rabi,Haryana,28832,4770,4770,12200,2464,2720,1908,28832,INR/Acre,CSIR-CIMAP Medicinal Guidelines,2024-2025
sarpagandha,Rabi,Madhya Pradesh,25268,4770,4770,9200,2200,2420,1908,25268,INR/Acre,CSIR-CIMAP Medicinal Guidelines,2024-2025
sarpagandha,Rabi,Rajasthan,26544,4770,4770,10000,2596,2500,1908,26544,INR/Acre,CSIR-CIMAP Medicinal Guidelines,2024-2025
sarpagandha,Rabi,Gujarat,27138,4770,4770,10600,2530,2560,1908,27138,INR/Acre,CSIR-CIMAP Medicinal Guidelines,2024-2025
sarpagandha,Rabi,Tamil Nadu,27688,4770,4770,11200,2420,2620,1908,27688,INR/Acre,CSIR-CIMAP Medicinal Guidelines,2024-2025
sarpagandha,Rabi,Karnataka,27358,4770,4770,11000,2310,2600,1908,27358,INR/Acre,CSIR-CIMAP Medicinal Guidelines,2024-2025
sarpagandha,Zaid,Uttar Pradesh,26026,5040,5040,9200,2310,2420,2016,26026,INR/Acre,CSIR-CIMAP Medicinal Guidelines,2024-2025
sarpagandha,Zaid,Punjab,29933,5040,5040,12500,2587,2750,2016,29933,INR/Acre,CSIR-CIMAP Medicinal Guidelines,2024-2025
sarpagandha,Zaid,Haryana,29603,5040,5040,12200,2587,2720,2016,29603,INR/Acre,CSIR-CIMAP Medicinal Guidelines,2024-2025
sarpagandha,Zaid,Madhya Pradesh,26026,5040,5040,9200,2310,2420,2016,26026,INR/Acre,CSIR-CIMAP Medicinal Guidelines,2024-2025
sarpagandha,Zaid,Rajasthan,27322,5040,5040,10000,2726,2500,2016,27322,INR/Acre,CSIR-CIMAP Medicinal Guidelines,2024-2025
sarpagandha,Zaid,Gujarat,27912,5040,5040,10600,2656,2560,2016,27912,INR/Acre,CSIR-CIMAP Medicinal Guidelines,2024-2025
sarpagandha,Zaid,Tamil Nadu,28457,5040,5040,11200,2541,2620,2016,28457,INR/Acre,CSIR-CIMAP Medicinal Guidelines,2024-2025
sarpagandha,Zaid,Karnataka,28122,5040,5040,11000,2426,2600,2016,28122,INR/Acre,CSIR-CIMAP Medicinal Guidelines,2024-2025
kalmegh,Kharif,Uttar Pradesh,14153,1600,2500,5520,1400,2033,1100,14153,INR/Acre,CSIR-CIMAP Medicinal Guidelines,2024-2025
kalmegh,Kharif,Punjab,16578,1600,2500,7500,1568,2310,1100,16578,INR/Acre,CSIR-CIMAP Medicinal Guidelines,2024-2025
kalmegh,Kharif,Haryana,16373,1600,2500,7320,1568,2285,1100,16373,INR/Acre,CSIR-CIMAP Medicinal Guidelines,2024-2025
kalmegh,Kharif,Madhya Pradesh,14153,1600,2500,5520,1400,2033,1100,14153,INR/Acre,CSIR-CIMAP Medicinal Guidelines,2024-2025
kalmegh,Kharif,Rajasthan,14952,1600,2500,6000,1652,2100,1100,14952,INR/Acre,CSIR-CIMAP Medicinal Guidelines,2024-2025
kalmegh,Kharif,Gujarat,15320,1600,2500,6360,1610,2150,1100,15320,INR/Acre,CSIR-CIMAP Medicinal Guidelines,2024-2025
kalmegh,Kharif,Tamil Nadu,15661,1600,2500,6720,1540,2201,1100,15661,INR/Acre,CSIR-CIMAP Medicinal Guidelines,2024-2025
kalmegh,Kharif,Karnataka,15454,1600,2500,6600,1470,2184,1100,15454,INR/Acre,CSIR-CIMAP Medicinal Guidelines,2024-2025
kalmegh,Rabi,Uttar Pradesh,14465,1696,2650,5520,1400,2033,1166,14465,INR/Acre,CSIR-CIMAP Medicinal Guidelines,2024-2025
kalmegh,Rabi,Punjab,16890,1696,2650,7500,1568,2310,1166,16890,INR/Acre,CSIR-CIMAP Medicinal Guidelines,2024-2025
kalmegh,Rabi,Haryana,16685,1696,2650,7320,1568,2285,1166,16685,INR/Acre,CSIR-CIMAP Medicinal Guidelines,2024-2025
kalmegh,Rabi,Madhya Pradesh,14465,1696,2650,5520,1400,2033,1166,14465,INR/Acre,CSIR-CIMAP Medicinal Guidelines,2024-2025
kalmegh,Rabi,Rajasthan,15264,1696,2650,6000,1652,2100,1166,15264,INR/Acre,CSIR-CIMAP Medicinal Guidelines,2024-2025
kalmegh,Rabi,Gujarat,15632,1696,2650,6360,1610,2150,1166,15632,INR/Acre,CSIR-CIMAP Medicinal Guidelines,2024-2025
kalmegh,Rabi,Tamil Nadu,15973,1696,2650,6720,1540,2201,1166,15973,INR/Acre,CSIR-CIMAP Medicinal Guidelines,2024-2025
kalmegh,Rabi,Karnataka,15766,1696,2650,6600,1470,2184,1166,15766,INR/Acre,CSIR-CIMAP Medicinal Guidelines,2024-2025
kalmegh,Zaid,Uttar Pradesh,14847,1792,2800,5520,1470,2033,1232,14847,INR/Acre,CSIR-CIMAP Medicinal Guidelines,2024-2025
kalmegh,Zaid,Punjab,17280,1792,2800,7500,1646,2310,1232,17280,INR/Acre,CSIR-CIMAP Medicinal Guidelines,2024-2025
kalmegh,Zaid,Haryana,17075,1792,2800,7320,1646,2285,1232,17075,INR/Acre,CSIR-CIMAP Medicinal Guidelines,2024-2025
kalmegh,Zaid,Madhya Pradesh,14847,1792,2800,5520,1470,2033,1232,14847,INR/Acre,CSIR-CIMAP Medicinal Guidelines,2024-2025
kalmegh,Zaid,Rajasthan,15659,1792,2800,6000,1735,2100,1232,15659,INR/Acre,CSIR-CIMAP Medicinal Guidelines,2024-2025
kalmegh,Zaid,Gujarat,16024,1792,2800,6360,1690,2150,1232,16024,INR/Acre,CSIR-CIMAP Medicinal Guidelines,2024-2025
kalmegh,Zaid,Tamil Nadu,16362,1792,2800,6720,1617,2201,1232,16362,INR/Acre,CSIR-CIMAP Medicinal Guidelines,2024-2025
kalmegh,Zaid,Karnataka,16152,1792,2800,6600,1544,2184,1232,16152,INR/Acre,CSIR-CIMAP Medicinal Guidelines,2024-2025
safed musli,Kharif,Uttar Pradesh,44784,18000,5500,12880,3000,2904,2500,44784,INR/Acre,DMAPR Anand High-Value Medicinal,2024-2025
safed musli,Kharif,Punjab,50160,18000,5500,17500,3360,3300,2500,50160,INR/Acre,DMAPR Anand High-Value Medicinal,2024-2025
safed musli,Kharif,Haryana,49704,18000,5500,17080,3360,3264,2500,49704,INR/Acre,DMAPR Anand High-Value Medicinal,2024-2025
safed musli,Kharif,Madhya Pradesh,44784,18000,5500,12880,3000,2904,2500,44784,INR/Acre,DMAPR Anand High-Value Medicinal,2024-2025
safed musli,Kharif,Rajasthan,46540,18000,5500,14000,3540,3000,2500,46540,INR/Acre,DMAPR Anand High-Value Medicinal,2024-2025
safed musli,Kharif,Gujarat,47362,18000,5500,14840,3450,3072,2500,47362,INR/Acre,DMAPR Anand High-Value Medicinal,2024-2025
safed musli,Kharif,Tamil Nadu,48124,18000,5500,15680,3300,3144,2500,48124,INR/Acre,DMAPR Anand High-Value Medicinal,2024-2025
safed musli,Kharif,Karnataka,47670,18000,5500,15400,3150,3120,2500,47670,INR/Acre,DMAPR Anand High-Value Medicinal,2024-2025
safed musli,Rabi,Uttar Pradesh,46344,19080,5830,12880,3000,2904,2650,46344,INR/Acre,DMAPR Anand High-Value Medicinal,2024-2025
safed musli,Rabi,Punjab,51720,19080,5830,17500,3360,3300,2650,51720,INR/Acre,DMAPR Anand High-Value Medicinal,2024-2025
safed musli,Rabi,Haryana,51264,19080,5830,17080,3360,3264,2650,51264,INR/Acre,DMAPR Anand High-Value Medicinal,2024-2025
safed musli,Rabi,Madhya Pradesh,46344,19080,5830,12880,3000,2904,2650,46344,INR/Acre,DMAPR Anand High-Value Medicinal,2024-2025
safed musli,Rabi,Rajasthan,48100,19080,5830,14000,3540,3000,2650,48100,INR/Acre,DMAPR Anand High-Value Medicinal,2024-2025
safed musli,Rabi,Gujarat,48922,19080,5830,14840,3450,3072,2650,48922,INR/Acre,DMAPR Anand High-Value Medicinal,2024-2025
safed musli,Rabi,Tamil Nadu,49684,19080,5830,15680,3300,3144,2650,49684,INR/Acre,DMAPR Anand High-Value Medicinal,2024-2025
safed musli,Rabi,Karnataka,49230,19080,5830,15400,3150,3120,2650,49230,INR/Acre,DMAPR Anand High-Value Medicinal,2024-2025
safed musli,Zaid,Uttar Pradesh,48054,20160,6160,12880,3150,2904,2800,48054,INR/Acre,DMAPR Anand High-Value Medicinal,2024-2025
safed musli,Zaid,Punjab,53448,20160,6160,17500,3528,3300,2800,53448,INR/Acre,DMAPR Anand High-Value Medicinal,2024-2025
safed musli,Zaid,Haryana,52992,20160,6160,17080,3528,3264,2800,52992,INR/Acre,DMAPR Anand High-Value Medicinal,2024-2025
safed musli,Zaid,Madhya Pradesh,48054,20160,6160,12880,3150,2904,2800,48054,INR/Acre,DMAPR Anand High-Value Medicinal,2024-2025
safed musli,Zaid,Rajasthan,49837,20160,6160,14000,3717,3000,2800,49837,INR/Acre,DMAPR Anand High-Value Medicinal,2024-2025
safed musli,Zaid,Gujarat,50654,20160,6160,14840,3622,3072,2800,50654,INR/Acre,DMAPR Anand High-Value Medicinal,2024-2025
safed musli,Zaid,Tamil Nadu,51409,20160,6160,15680,3465,3144,2800,51409,INR/Acre,DMAPR Anand High-Value Medicinal,2024-2025
safed musli,Zaid,Karnataka,50948,20160,6160,15400,3308,3120,2800,50948,INR/Acre,DMAPR Anand High-Value Medicinal,2024-2025
artemisia,Kharif,Uttar Pradesh,16566,2000,3000,6440,1600,2226,1300,16566,INR/Acre,CSIR-CIMAP Medicinal Guidelines,2024-2025
artemisia,Kharif,Punjab,19372,2000,3000,8750,1792,2530,1300,19372,INR/Acre,CSIR-CIMAP Medicinal Guidelines,2024-2025
artemisia,Kharif,Haryana,19134,2000,3000,8540,1792,2502,1300,19134,INR/Acre,CSIR-CIMAP Medicinal Guidelines,2024-2025
artemisia,Kharif,Madhya Pradesh,16566,2000,3000,6440,1600,2226,1300,16566,INR/Acre,CSIR-CIMAP Medicinal Guidelines,2024-2025
artemisia,Kharif,Rajasthan,17488,2000,3000,7000,1888,2300,1300,17488,INR/Acre,CSIR-CIMAP Medicinal Guidelines,2024-2025
artemisia,Kharif,Gujarat,17915,2000,3000,7420,1840,2355,1300,17915,INR/Acre,CSIR-CIMAP Medicinal Guidelines,2024-2025
artemisia,Kharif,Tamil Nadu,18310,2000,3000,7840,1760,2410,1300,18310,INR/Acre,CSIR-CIMAP Medicinal Guidelines,2024-2025
artemisia,Kharif,Karnataka,18072,2000,3000,7700,1680,2392,1300,18072,INR/Acre,CSIR-CIMAP Medicinal Guidelines,2024-2025
artemisia,Rabi,Uttar Pradesh,16944,2120,3180,6440,1600,2226,1378,16944,INR/Acre,CSIR-CIMAP Medicinal Guidelines,2024-2025
artemisia,Rabi,Punjab,19750,2120,3180,8750,1792,2530,1378,19750,INR/Acre,CSIR-CIMAP Medicinal Guidelines,2024-2025
artemisia,Rabi,Haryana,19512,2120,3180,8540,1792,2502,1378,19512,INR/Acre,CSIR-CIMAP Medicinal Guidelines,2024-2025
artemisia,Rabi,Madhya Pradesh,16944,2120,3180,6440,1600,2226,1378,16944,INR/Acre,CSIR-CIMAP Medicinal Guidelines,2024-2025
artemisia,Rabi,Rajasthan,17866,2120,3180,7000,1888,2300,1378,17866,INR/Acre,CSIR-CIMAP Medicinal Guidelines,2024-2025
artemisia,Rabi,Gujarat,18293,2120,3180,7420,1840,2355,1378,18293,INR/Acre,CSIR-CIMAP Medicinal Guidelines,2024-2025
artemisia,Rabi,Tamil Nadu,18688,2120,3180,7840,1760,2410,1378,18688,INR/Acre,CSIR-CIMAP Medicinal Guidelines,2024-2025
artemisia,Rabi,Karnataka,18450,2120,3180,7700,1680,2392,1378,18450,INR/Acre,CSIR-CIMAP Medicinal Guidelines,2024-2025
artemisia,Zaid,Uttar Pradesh,17402,2240,3360,6440,1680,2226,1456,17402,INR/Acre,CSIR-CIMAP Medicinal Guidelines,2024-2025
artemisia,Zaid,Punjab,20218,2240,3360,8750,1882,2530,1456,20218,INR/Acre,CSIR-CIMAP Medicinal Guidelines,2024-2025
artemisia,Zaid,Haryana,19980,2240,3360,8540,1882,2502,1456,19980,INR/Acre,CSIR-CIMAP Medicinal Guidelines,2024-2025
artemisia,Zaid,Madhya Pradesh,17402,2240,3360,6440,1680,2226,1456,17402,INR/Acre,CSIR-CIMAP Medicinal Guidelines,2024-2025
artemisia,Zaid,Rajasthan,18338,2240,3360,7000,1982,2300,1456,18338,INR/Acre,CSIR-CIMAP Medicinal Guidelines,2024-2025
artemisia,Zaid,Gujarat,18763,2240,3360,7420,1932,2355,1456,18763,INR/Acre,CSIR-CIMAP Medicinal Guidelines,2024-2025
artemisia,Zaid,Tamil Nadu,19154,2240,3360,7840,1848,2410,1456,19154,INR/Acre,CSIR-CIMAP Medicinal Guidelines,2024-2025
artemisia,Zaid,Karnataka,18912,2240,3360,7700,1764,2392,1456,18912,INR/Acre,CSIR-CIMAP Medicinal Guidelines,2024-2025
shatavari,Kharif,Uttar Pradesh,27937,6000,4800,10120,2500,2517,2000,27937,INR/Acre,DMAPR Anand Medicinal Guidelines,2024-2025
shatavari,Kharif,Punjab,32210,6000,4800,13750,2800,2860,2000,32210,INR/Acre,DMAPR Anand Medicinal Guidelines,2024-2025
shatavari,Kharif,Haryana,31849,6000,4800,13420,2800,2829,2000,31849,INR/Acre,DMAPR Anand Medicinal Guidelines,2024-2025
shatavari,Kharif,Madhya Pradesh,27937,6000,4800,10120,2500,2517,2000,27937,INR/Acre,DMAPR Anand Medicinal Guidelines,2024-2025
shatavari,Kharif,Rajasthan,29350,6000,4800,11000,2950,2600,2000,29350,INR/Acre,DMAPR Anand Medicinal Guidelines,2024-2025
shatavari,Kharif,Gujarat,29997,6000,4800,11660,2875,2662,2000,29997,INR/Acre,DMAPR Anand Medicinal Guidelines,2024-2025
shatavari,Kharif,Tamil Nadu,30595,6000,4800,12320,2750,2725,2000,30595,INR/Acre,DMAPR Anand Medicinal Guidelines,2024-2025
shatavari,Kharif,Karnataka,30229,6000,4800,12100,2625,2704,2000,30229,INR/Acre,DMAPR Anand Medicinal Guidelines,2024-2025
shatavari,Rabi,Uttar Pradesh,28705,6360,5088,10120,2500,2517,2120,28705,INR/Acre,DMAPR Anand Medicinal Guidelines,2024-2025
shatavari,Rabi,Punjab,32978,6360,5088,13750,2800,2860,2120,32978,INR/Acre,DMAPR Anand Medicinal Guidelines,2024-2025
shatavari,Rabi,Haryana,32617,6360,5088,13420,2800,2829,2120,32617,INR/Acre,DMAPR Anand Medicinal Guidelines,2024-2025
shatavari,Rabi,Madhya Pradesh,28705,6360,5088,10120,2500,2517,2120,28705,INR/Acre,DMAPR Anand Medicinal Guidelines,2024-2025
shatavari,Rabi,Rajasthan,30118,6360,5088,11000,2950,2600,2120,30118,INR/Acre,DMAPR Anand Medicinal Guidelines,2024-2025
shatavari,Rabi,Gujarat,30765,6360,5088,11660,2875,2662,2120,30765,INR/Acre,DMAPR Anand Medicinal Guidelines,2024-2025
shatavari,Rabi,Tamil Nadu,31363,6360,5088,12320,2750,2725,2120,31363,INR/Acre,DMAPR Anand Medicinal Guidelines,2024-2025
shatavari,Rabi,Karnataka,30997,6360,5088,12100,2625,2704,2120,30997,INR/Acre,DMAPR Anand Medicinal Guidelines,2024-2025
shatavari,Zaid,Uttar Pradesh,29598,6720,5376,10120,2625,2517,2240,29598,INR/Acre,DMAPR Anand Medicinal Guidelines,2024-2025
shatavari,Zaid,Punjab,33886,6720,5376,13750,2940,2860,2240,33886,INR/Acre,DMAPR Anand Medicinal Guidelines,2024-2025
shatavari,Zaid,Haryana,33525,6720,5376,13420,2940,2829,2240,33525,INR/Acre,DMAPR Anand Medicinal Guidelines,2024-2025
shatavari,Zaid,Madhya Pradesh,29598,6720,5376,10120,2625,2517,2240,29598,INR/Acre,DMAPR Anand Medicinal Guidelines,2024-2025
shatavari,Zaid,Rajasthan,31034,6720,5376,11000,3098,2600,2240,31034,INR/Acre,DMAPR Anand Medicinal Guidelines,2024-2025
shatavari,Zaid,Gujarat,31677,6720,5376,11660,3019,2662,2240,31677,INR/Acre,DMAPR Anand Medicinal Guidelines,2024-2025
shatavari,Zaid,Tamil Nadu,32269,6720,5376,12320,2888,2725,2240,32269,INR/Acre,DMAPR Anand Medicinal Guidelines,2024-2025
shatavari,Zaid,Karnataka,31896,6720,5376,12100,2756,2704,2240,31896,INR/Acre,DMAPR Anand Medicinal Guidelines,2024-2025
brahmi,Kharif,Uttar Pradesh,17830,2200,3200,6900,2000,2130,1400,17830,INR/Acre,CSIR-CIMAP Medicinal Guidelines,2024-2025
brahmi,Kharif,Punjab,20835,2200,3200,9375,2240,2420,1400,20835,INR/Acre,CSIR-CIMAP Medicinal Guidelines,2024-2025
brahmi,Kharif,Haryana,20584,2200,3200,9150,2240,2394,1400,20584,INR/Acre,CSIR-CIMAP Medicinal Guidelines,2024-2025
brahmi,Kharif,Madhya Pradesh,17830,2200,3200,6900,2000,2130,1400,17830,INR/Acre,CSIR-CIMAP Medicinal Guidelines,2024-2025
brahmi,Kharif,Rajasthan,18860,2200,3200,7500,2360,2200,1400,18860,INR/Acre,CSIR-CIMAP Medicinal Guidelines,2024-2025
brahmi,Kharif,Gujarat,19303,2200,3200,7950,2300,2253,1400,19303,INR/Acre,CSIR-CIMAP Medicinal Guidelines,2024-2025
brahmi,Kharif,Tamil Nadu,19706,2200,3200,8400,2200,2306,1400,19706,INR/Acre,CSIR-CIMAP Medicinal Guidelines,2024-2025
brahmi,Kharif,Karnataka,19438,2200,3200,8250,2100,2288,1400,19438,INR/Acre,CSIR-CIMAP Medicinal Guidelines,2024-2025
brahmi,Rabi,Uttar Pradesh,18238,2332,3392,6900,2000,2130,1484,18238,INR/Acre,CSIR-CIMAP Medicinal Guidelines,2024-2025
brahmi,Rabi,Punjab,21243,2332,3392,9375,2240,2420,1484,21243,INR/Acre,CSIR-CIMAP Medicinal Guidelines,2024-2025
brahmi,Rabi,Haryana,20992,2332,3392,9150,2240,2394,1484,20992,INR/Acre,CSIR-CIMAP Medicinal Guidelines,2024-2025
brahmi,Rabi,Madhya Pradesh,18238,2332,3392,6900,2000,2130,1484,18238,INR/Acre,CSIR-CIMAP Medicinal Guidelines,2024-2025
brahmi,Rabi,Rajasthan,19268,2332,3392,7500,2360,2200,1484,19268,INR/Acre,CSIR-CIMAP Medicinal Guidelines,2024-2025
brahmi,Rabi,Gujarat,19711,2332,3392,7950,2300,2253,1484,19711,INR/Acre,CSIR-CIMAP Medicinal Guidelines,2024-2025
brahmi,Rabi,Tamil Nadu,20114,2332,3392,8400,2200,2306,1484,20114,INR/Acre,CSIR-CIMAP Medicinal Guidelines,2024-2025
brahmi,Rabi,Karnataka,19846,2332,3392,8250,2100,2288,1484,19846,INR/Acre,CSIR-CIMAP Medicinal Guidelines,2024-2025
brahmi,Zaid,Uttar Pradesh,18746,2464,3584,6900,2100,2130,1568,18746,INR/Acre,CSIR-CIMAP Medicinal Guidelines,2024-2025
brahmi,Zaid,Punjab,21763,2464,3584,9375,2352,2420,1568,21763,INR/Acre,CSIR-CIMAP Medicinal Guidelines,2024-2025
brahmi,Zaid,Haryana,21512,2464,3584,9150,2352,2394,1568,21512,INR/Acre,CSIR-CIMAP Medicinal Guidelines,2024-2025
brahmi,Zaid,Madhya Pradesh,18746,2464,3584,6900,2100,2130,1568,18746,INR/Acre,CSIR-CIMAP Medicinal Guidelines,2024-2025
brahmi,Zaid,Rajasthan,19794,2464,3584,7500,2478,2200,1568,19794,INR/Acre,CSIR-CIMAP Medicinal Guidelines,2024-2025
brahmi,Zaid,Gujarat,20234,2464,3584,7950,2415,2253,1568,20234,INR/Acre,CSIR-CIMAP Medicinal Guidelines,2024-2025
brahmi,Zaid,Tamil Nadu,20632,2464,3584,8400,2310,2306,1568,20632,INR/Acre,CSIR-CIMAP Medicinal Guidelines,2024-2025
brahmi,Zaid,Karnataka,20359,2464,3584,8250,2205,2288,1568,20359,INR/Acre,CSIR-CIMAP Medicinal Guidelines,2024-2025
giloy,Kharif,Uttar Pradesh,15786,1800,2800,6256,1600,2130,1200,15786,INR/Acre,CSIR-CIMAP Medicinal Guidelines,2024-2025
giloy,Kharif,Punjab,18512,1800,2800,8500,1792,2420,1200,18512,INR/Acre,CSIR-CIMAP Medicinal Guidelines,2024-2025
giloy,Kharif,Haryana,18282,1800,2800,8296,1792,2394,1200,18282,INR/Acre,CSIR-CIMAP Medicinal Guidelines,2024-2025
giloy,Kharif,Madhya Pradesh,15786,1800,2800,6256,1600,2130,1200,15786,INR/Acre,CSIR-CIMAP Medicinal Guidelines,2024-2025
giloy,Kharif,Rajasthan,16688,1800,2800,6800,1888,2200,1200,16688,INR/Acre,CSIR-CIMAP Medicinal Guidelines,2024-2025
giloy,Kharif,Gujarat,17101,1800,2800,7208,1840,2253,1200,17101,INR/Acre,CSIR-CIMAP Medicinal Guidelines,2024-2025
giloy,Kharif,Tamil Nadu,17482,1800,2800,7616,1760,2306,1200,17482,INR/Acre,CSIR-CIMAP Medicinal Guidelines,2024-2025
giloy,Kharif,Karnataka,17248,1800,2800,7480,1680,2288,1200,17248,INR/Acre,CSIR-CIMAP Medicinal Guidelines,2024-2025
giloy,Rabi,Uttar Pradesh,16134,1908,2968,6256,1600,2130,1272,16134,INR/Acre,CSIR-CIMAP Medicinal Guidelines,2024-2025
giloy,Rabi,Punjab,18860,1908,2968,8500,1792,2420,1272,18860,INR/Acre,CSIR-CIMAP Medicinal Guidelines,2024-2025
giloy,Rabi,Haryana,18630,1908,2968,8296,1792,2394,1272,18630,INR/Acre,CSIR-CIMAP Medicinal Guidelines,2024-2025
giloy,Rabi,Madhya Pradesh,16134,1908,2968,6256,1600,2130,1272,16134,INR/Acre,CSIR-CIMAP Medicinal Guidelines,2024-2025
giloy,Rabi,Rajasthan,17036,1908,2968,6800,1888,2200,1272,17036,INR/Acre,CSIR-CIMAP Medicinal Guidelines,2024-2025
giloy,Rabi,Gujarat,17449,1908,2968,7208,1840,2253,1272,17449,INR/Acre,CSIR-CIMAP Medicinal Guidelines,2024-2025
giloy,Rabi,Tamil Nadu,17830,1908,2968,7616,1760,2306,1272,17830,INR/Acre,CSIR-CIMAP Medicinal Guidelines,2024-2025
giloy,Rabi,Karnataka,17596,1908,2968,7480,1680,2288,1272,17596,INR/Acre,CSIR-CIMAP Medicinal Guidelines,2024-2025
giloy,Zaid,Uttar Pradesh,16562,2016,3136,6256,1680,2130,1344,16562,INR/Acre,CSIR-CIMAP Medicinal Guidelines,2024-2025
giloy,Zaid,Punjab,19298,2016,3136,8500,1882,2420,1344,19298,INR/Acre,CSIR-CIMAP Medicinal Guidelines,2024-2025
giloy,Zaid,Haryana,19068,2016,3136,8296,1882,2394,1344,19068,INR/Acre,CSIR-CIMAP Medicinal Guidelines,2024-2025
giloy,Zaid,Madhya Pradesh,16562,2016,3136,6256,1680,2130,1344,16562,INR/Acre,CSIR-CIMAP Medicinal Guidelines,2024-2025
giloy,Zaid,Rajasthan,17478,2016,3136,6800,1982,2200,1344,17478,INR/Acre,CSIR-CIMAP Medicinal Guidelines,2024-2025
giloy,Zaid,Gujarat,17889,2016,3136,7208,1932,2253,1344,17889,INR/Acre,CSIR-CIMAP Medicinal Guidelines,2024-2025
giloy,Zaid,Tamil Nadu,18266,2016,3136,7616,1848,2306,1344,18266,INR/Acre,CSIR-CIMAP Medicinal Guidelines,2024-2025
giloy,Zaid,Karnataka,18028,2016,3136,7480,1764,2288,1344,18028,INR/Acre,CSIR-CIMAP Medicinal Guidelines,2024-2025
chamomile,Kharif,Uttar Pradesh,17450,2200,3200,6624,1800,2226,1400,17450,INR/Acre,CSIR-CIMAP Herbal Guidelines,2024-2025
chamomile,Kharif,Punjab,20346,2200,3200,9000,2016,2530,1400,20346,INR/Acre,CSIR-CIMAP Herbal Guidelines,2024-2025
chamomile,Kharif,Haryana,20102,2200,3200,8784,2016,2502,1400,20102,INR/Acre,CSIR-CIMAP Herbal Guidelines,2024-2025
chamomile,Kharif,Madhya Pradesh,17450,2200,3200,6624,1800,2226,1400,17450,INR/Acre,CSIR-CIMAP Herbal Guidelines,2024-2025
chamomile,Kharif,Rajasthan,18424,2200,3200,7200,2124,2300,1400,18424,INR/Acre,CSIR-CIMAP Herbal Guidelines,2024-2025
chamomile,Kharif,Gujarat,18857,2200,3200,7632,2070,2355,1400,18857,INR/Acre,CSIR-CIMAP Herbal Guidelines,2024-2025
chamomile,Kharif,Tamil Nadu,19254,2200,3200,8064,1980,2410,1400,19254,INR/Acre,CSIR-CIMAP Herbal Guidelines,2024-2025
chamomile,Kharif,Karnataka,19002,2200,3200,7920,1890,2392,1400,19002,INR/Acre,CSIR-CIMAP Herbal Guidelines,2024-2025
chamomile,Rabi,Uttar Pradesh,17858,2332,3392,6624,1800,2226,1484,17858,INR/Acre,CSIR-CIMAP Herbal Guidelines,2024-2025
chamomile,Rabi,Punjab,20754,2332,3392,9000,2016,2530,1484,20754,INR/Acre,CSIR-CIMAP Herbal Guidelines,2024-2025
chamomile,Rabi,Haryana,20510,2332,3392,8784,2016,2502,1484,20510,INR/Acre,CSIR-CIMAP Herbal Guidelines,2024-2025
chamomile,Rabi,Madhya Pradesh,17858,2332,3392,6624,1800,2226,1484,17858,INR/Acre,CSIR-CIMAP Herbal Guidelines,2024-2025
chamomile,Rabi,Rajasthan,18832,2332,3392,7200,2124,2300,1484,18832,INR/Acre,CSIR-CIMAP Herbal Guidelines,2024-2025
chamomile,Rabi,Gujarat,19265,2332,3392,7632,2070,2355,1484,19265,INR/Acre,CSIR-CIMAP Herbal Guidelines,2024-2025
chamomile,Rabi,Tamil Nadu,19662,2332,3392,8064,1980,2410,1484,19662,INR/Acre,CSIR-CIMAP Herbal Guidelines,2024-2025
chamomile,Rabi,Karnataka,19410,2332,3392,7920,1890,2392,1484,19410,INR/Acre,CSIR-CIMAP Herbal Guidelines,2024-2025
chamomile,Zaid,Uttar Pradesh,18356,2464,3584,6624,1890,2226,1568,18356,INR/Acre,CSIR-CIMAP Herbal Guidelines,2024-2025
chamomile,Zaid,Punjab,21263,2464,3584,9000,2117,2530,1568,21263,INR/Acre,CSIR-CIMAP Herbal Guidelines,2024-2025
chamomile,Zaid,Haryana,21019,2464,3584,8784,2117,2502,1568,21019,INR/Acre,CSIR-CIMAP Herbal Guidelines,2024-2025
chamomile,Zaid,Madhya Pradesh,18356,2464,3584,6624,1890,2226,1568,18356,INR/Acre,CSIR-CIMAP Herbal Guidelines,2024-2025
chamomile,Zaid,Rajasthan,19346,2464,3584,7200,2230,2300,1568,19346,INR/Acre,CSIR-CIMAP Herbal Guidelines,2024-2025
chamomile,Zaid,Gujarat,19777,2464,3584,7632,2174,2355,1568,19777,INR/Acre,CSIR-CIMAP Herbal Guidelines,2024-2025
chamomile,Zaid,Tamil Nadu,20169,2464,3584,8064,2079,2410,1568,20169,INR/Acre,CSIR-CIMAP Herbal Guidelines,2024-2025
chamomile,Zaid,Karnataka,19912,2464,3584,7920,1984,2392,1568,19912,INR/Acre,CSIR-CIMAP Herbal Guidelines,2024-2025
lavender,Kharif,Uttar Pradesh,30444,6500,5000,11040,2800,2904,2200,30444,INR/Acre,CSIR-IIIM Jammu Lavender Guidelines,2024-2025
lavender,Kharif,Punjab,35136,6500,5000,15000,3136,3300,2200,35136,INR/Acre,CSIR-IIIM Jammu Lavender Guidelines,2024-2025
lavender,Kharif,Haryana,34740,6500,5000,14640,3136,3264,2200,34740,INR/Acre,CSIR-IIIM Jammu Lavender Guidelines,2024-2025
lavender,Kharif,Madhya Pradesh,30444,6500,5000,11040,2800,2904,2200,30444,INR/Acre,CSIR-IIIM Jammu Lavender Guidelines,2024-2025
lavender,Kharif,Rajasthan,32004,6500,5000,12000,3304,3000,2200,32004,INR/Acre,CSIR-IIIM Jammu Lavender Guidelines,2024-2025
lavender,Kharif,Gujarat,32712,6500,5000,12720,3220,3072,2200,32712,INR/Acre,CSIR-IIIM Jammu Lavender Guidelines,2024-2025
lavender,Kharif,Tamil Nadu,33364,6500,5000,13440,3080,3144,2200,33364,INR/Acre,CSIR-IIIM Jammu Lavender Guidelines,2024-2025
lavender,Kharif,Karnataka,32960,6500,5000,13200,2940,3120,2200,32960,INR/Acre,CSIR-IIIM Jammu Lavender Guidelines,2024-2025
lavender,Rabi,Uttar Pradesh,31266,6890,5300,11040,2800,2904,2332,31266,INR/Acre,CSIR-IIIM Jammu Lavender Guidelines,2024-2025
lavender,Rabi,Punjab,35958,6890,5300,15000,3136,3300,2332,35958,INR/Acre,CSIR-IIIM Jammu Lavender Guidelines,2024-2025
lavender,Rabi,Haryana,35562,6890,5300,14640,3136,3264,2332,35562,INR/Acre,CSIR-IIIM Jammu Lavender Guidelines,2024-2025
lavender,Rabi,Madhya Pradesh,31266,6890,5300,11040,2800,2904,2332,31266,INR/Acre,CSIR-IIIM Jammu Lavender Guidelines,2024-2025
lavender,Rabi,Rajasthan,32826,6890,5300,12000,3304,3000,2332,32826,INR/Acre,CSIR-IIIM Jammu Lavender Guidelines,2024-2025
lavender,Rabi,Gujarat,33534,6890,5300,12720,3220,3072,2332,33534,INR/Acre,CSIR-IIIM Jammu Lavender Guidelines,2024-2025
lavender,Rabi,Tamil Nadu,34186,6890,5300,13440,3080,3144,2332,34186,INR/Acre,CSIR-IIIM Jammu Lavender Guidelines,2024-2025
lavender,Rabi,Karnataka,33782,6890,5300,13200,2940,3120,2332,33782,INR/Acre,CSIR-IIIM Jammu Lavender Guidelines,2024-2025
lavender,Zaid,Uttar Pradesh,32228,7280,5600,11040,2940,2904,2464,32228,INR/Acre,CSIR-IIIM Jammu Lavender Guidelines,2024-2025
lavender,Zaid,Punjab,36937,7280,5600,15000,3293,3300,2464,36937,INR/Acre,CSIR-IIIM Jammu Lavender Guidelines,2024-2025
lavender,Zaid,Haryana,36541,7280,5600,14640,3293,3264,2464,36541,INR/Acre,CSIR-IIIM Jammu Lavender Guidelines,2024-2025
lavender,Zaid,Madhya Pradesh,32228,7280,5600,11040,2940,2904,2464,32228,INR/Acre,CSIR-IIIM Jammu Lavender Guidelines,2024-2025
lavender,Zaid,Rajasthan,33813,7280,5600,12000,3469,3000,2464,33813,INR/Acre,CSIR-IIIM Jammu Lavender Guidelines,2024-2025
lavender,Zaid,Gujarat,34517,7280,5600,12720,3381,3072,2464,34517,INR/Acre,CSIR-IIIM Jammu Lavender Guidelines,2024-2025
lavender,Zaid,Tamil Nadu,35162,7280,5600,13440,3234,3144,2464,35162,INR/Acre,CSIR-IIIM Jammu Lavender Guidelines,2024-2025
lavender,Zaid,Karnataka,34751,7280,5600,13200,3087,3120,2464,34751,INR/Acre,CSIR-IIIM Jammu Lavender Guidelines,2024-2025
marigold,Kharif,Tamil Nadu,30004,2500,4500,14560,3300,3144,2000,30004,INR/Acre,DFR Directorate of Floriculture Research,2024-2025
marigold,Kharif,Karnataka,29570,2500,4500,14300,3150,3120,2000,29570,INR/Acre,DFR Directorate of Floriculture Research,2024-2025
marigold,Kharif,Andhra Pradesh,29570,2500,4500,14300,3150,3120,2000,29570,INR/Acre,DFR Directorate of Floriculture Research,2024-2025
marigold,Kharif,Telangana,29570,2500,4500,14300,3150,3120,2000,29570,INR/Acre,DFR Directorate of Floriculture Research,2024-2025
marigold,Kharif,Maharashtra,29376,2500,4500,14040,3240,3096,2000,29376,INR/Acre,DFR Directorate of Floriculture Research,2024-2025
marigold,Kharif,West Bengal,27550,2500,4500,13000,2550,3000,2000,27550,INR/Acre,DFR Directorate of Floriculture Research,2024-2025
marigold,Kharif,Uttar Pradesh,26864,2500,4500,11960,3000,2904,2000,26864,INR/Acre,DFR Directorate of Floriculture Research,2024-2025
marigold,Kharif,Himachal Pradesh,30556,2500,4500,15340,3000,3216,2000,30556,INR/Acre,DFR Directorate of Floriculture Research,2024-2025
marigold,Rabi,Tamil Nadu,30544,2650,4770,14560,3300,3144,2120,30544,INR/Acre,DFR Directorate of Floriculture Research,2024-2025
marigold,Rabi,Karnataka,30110,2650,4770,14300,3150,3120,2120,30110,INR/Acre,DFR Directorate of Floriculture Research,2024-2025
marigold,Rabi,Andhra Pradesh,30110,2650,4770,14300,3150,3120,2120,30110,INR/Acre,DFR Directorate of Floriculture Research,2024-2025
marigold,Rabi,Telangana,30110,2650,4770,14300,3150,3120,2120,30110,INR/Acre,DFR Directorate of Floriculture Research,2024-2025
marigold,Rabi,Maharashtra,29916,2650,4770,14040,3240,3096,2120,29916,INR/Acre,DFR Directorate of Floriculture Research,2024-2025
marigold,Rabi,West Bengal,28090,2650,4770,13000,2550,3000,2120,28090,INR/Acre,DFR Directorate of Floriculture Research,2024-2025
marigold,Rabi,Uttar Pradesh,27404,2650,4770,11960,3000,2904,2120,27404,INR/Acre,DFR Directorate of Floriculture Research,2024-2025
marigold,Rabi,Himachal Pradesh,31096,2650,4770,15340,3000,3216,2120,31096,INR/Acre,DFR Directorate of Floriculture Research,2024-2025
marigold,Zaid,Tamil Nadu,31249,2800,5040,14560,3465,3144,2240,31249,INR/Acre,DFR Directorate of Floriculture Research,2024-2025
marigold,Zaid,Karnataka,30808,2800,5040,14300,3308,3120,2240,30808,INR/Acre,DFR Directorate of Floriculture Research,2024-2025
marigold,Zaid,Andhra Pradesh,30808,2800,5040,14300,3308,3120,2240,30808,INR/Acre,DFR Directorate of Floriculture Research,2024-2025
marigold,Zaid,Telangana,30808,2800,5040,14300,3308,3120,2240,30808,INR/Acre,DFR Directorate of Floriculture Research,2024-2025
marigold,Zaid,Maharashtra,30618,2800,5040,14040,3402,3096,2240,30618,INR/Acre,DFR Directorate of Floriculture Research,2024-2025
marigold,Zaid,West Bengal,28758,2800,5040,13000,2678,3000,2240,28758,INR/Acre,DFR Directorate of Floriculture Research,2024-2025
marigold,Zaid,Uttar Pradesh,28094,2800,5040,11960,3150,2904,2240,28094,INR/Acre,DFR Directorate of Floriculture Research,2024-2025
marigold,Zaid,Himachal Pradesh,31786,2800,5040,15340,3150,3216,2240,31786,INR/Acre,DFR Directorate of Floriculture Research,2024-2025
rose,Kharif,Tamil Nadu,45472,5500,7500,20160,4620,4192,3500,45472,INR/Acre,DFR Floriculture & NHB Guidelines,2024-2025
rose,Kharif,Karnataka,44870,5500,7500,19800,4410,4160,3500,44870,INR/Acre,DFR Floriculture & NHB Guidelines,2024-2025
rose,Kharif,Andhra Pradesh,44870,5500,7500,19800,4410,4160,3500,44870,INR/Acre,DFR Floriculture & NHB Guidelines,2024-2025
rose,Kharif,Telangana,44870,5500,7500,19800,4410,4160,3500,44870,INR/Acre,DFR Floriculture & NHB Guidelines,2024-2025
rose,Kharif,Maharashtra,44604,5500,7500,19440,4536,4128,3500,44604,INR/Acre,DFR Floriculture & NHB Guidelines,2024-2025
rose,Kharif,West Bengal,42070,5500,7500,18000,3570,4000,3500,42070,INR/Acre,DFR Floriculture & NHB Guidelines,2024-2025
rose,Kharif,Uttar Pradesh,41132,5500,7500,16560,4200,3872,3500,41132,INR/Acre,DFR Floriculture & NHB Guidelines,2024-2025
rose,Kharif,Himachal Pradesh,46228,5500,7500,21240,4200,4288,3500,46228,INR/Acre,DFR Floriculture & NHB Guidelines,2024-2025
rose,Rabi,Tamil Nadu,46462,5830,7950,20160,4620,4192,3710,46462,INR/Acre,DFR Floriculture & NHB Guidelines,2024-2025
rose,Rabi,Karnataka,45860,5830,7950,19800,4410,4160,3710,45860,INR/Acre,DFR Floriculture & NHB Guidelines,2024-2025
rose,Rabi,Andhra Pradesh,45860,5830,7950,19800,4410,4160,3710,45860,INR/Acre,DFR Floriculture & NHB Guidelines,2024-2025
rose,Rabi,Telangana,45860,5830,7950,19800,4410,4160,3710,45860,INR/Acre,DFR Floriculture & NHB Guidelines,2024-2025
rose,Rabi,Maharashtra,45594,5830,7950,19440,4536,4128,3710,45594,INR/Acre,DFR Floriculture & NHB Guidelines,2024-2025
rose,Rabi,West Bengal,43060,5830,7950,18000,3570,4000,3710,43060,INR/Acre,DFR Floriculture & NHB Guidelines,2024-2025
rose,Rabi,Uttar Pradesh,42122,5830,7950,16560,4200,3872,3710,42122,INR/Acre,DFR Floriculture & NHB Guidelines,2024-2025
rose,Rabi,Himachal Pradesh,47218,5830,7950,21240,4200,4288,3710,47218,INR/Acre,DFR Floriculture & NHB Guidelines,2024-2025
rose,Zaid,Tamil Nadu,47683,6160,8400,20160,4851,4192,3920,47683,INR/Acre,DFR Floriculture & NHB Guidelines,2024-2025
rose,Zaid,Karnataka,47070,6160,8400,19800,4630,4160,3920,47070,INR/Acre,DFR Floriculture & NHB Guidelines,2024-2025
rose,Zaid,Andhra Pradesh,47070,6160,8400,19800,4630,4160,3920,47070,INR/Acre,DFR Floriculture & NHB Guidelines,2024-2025
rose,Zaid,Telangana,47070,6160,8400,19800,4630,4160,3920,47070,INR/Acre,DFR Floriculture & NHB Guidelines,2024-2025
rose,Zaid,Maharashtra,46811,6160,8400,19440,4763,4128,3920,46811,INR/Acre,DFR Floriculture & NHB Guidelines,2024-2025
rose,Zaid,West Bengal,44228,6160,8400,18000,3748,4000,3920,44228,INR/Acre,DFR Floriculture & NHB Guidelines,2024-2025
rose,Zaid,Uttar Pradesh,43322,6160,8400,16560,4410,3872,3920,43322,INR/Acre,DFR Floriculture & NHB Guidelines,2024-2025
rose,Zaid,Himachal Pradesh,48418,6160,8400,21240,4410,4288,3920,48418,INR/Acre,DFR Floriculture & NHB Guidelines,2024-2025
jasmine,Kharif,Tamil Nadu,38568,3500,6500,17920,4180,3668,2800,38568,INR/Acre,TNAU Floriculture Guidelines,2024-2025
jasmine,Kharif,Karnataka,38030,3500,6500,17600,3990,3640,2800,38030,INR/Acre,TNAU Floriculture Guidelines,2024-2025
jasmine,Kharif,Andhra Pradesh,38030,3500,6500,17600,3990,3640,2800,38030,INR/Acre,TNAU Floriculture Guidelines,2024-2025
jasmine,Kharif,Telangana,38030,3500,6500,17600,3990,3640,2800,38030,INR/Acre,TNAU Floriculture Guidelines,2024-2025
jasmine,Kharif,Maharashtra,37796,3500,6500,17280,4104,3612,2800,37796,INR/Acre,TNAU Floriculture Guidelines,2024-2025
jasmine,Kharif,West Bengal,35530,3500,6500,16000,3230,3500,2800,35530,INR/Acre,TNAU Floriculture Guidelines,2024-2025
jasmine,Kharif,Uttar Pradesh,34708,3500,6500,14720,3800,3388,2800,34708,INR/Acre,TNAU Floriculture Guidelines,2024-2025
jasmine,Kharif,Himachal Pradesh,39232,3500,6500,18880,3800,3752,2800,39232,INR/Acre,TNAU Floriculture Guidelines,2024-2025
jasmine,Rabi,Tamil Nadu,39336,3710,6890,17920,4180,3668,2968,39336,INR/Acre,TNAU Floriculture Guidelines,2024-2025
jasmine,Rabi,Karnataka,38798,3710,6890,17600,3990,3640,2968,38798,INR/Acre,TNAU Floriculture Guidelines,2024-2025
jasmine,Rabi,Andhra Pradesh,38798,3710,6890,17600,3990,3640,2968,38798,INR/Acre,TNAU Floriculture Guidelines,2024-2025
jasmine,Rabi,Telangana,38798,3710,6890,17600,3990,3640,2968,38798,INR/Acre,TNAU Floriculture Guidelines,2024-2025
jasmine,Rabi,Maharashtra,38564,3710,6890,17280,4104,3612,2968,38564,INR/Acre,TNAU Floriculture Guidelines,2024-2025
jasmine,Rabi,West Bengal,36298,3710,6890,16000,3230,3500,2968,36298,INR/Acre,TNAU Floriculture Guidelines,2024-2025
jasmine,Rabi,Uttar Pradesh,35476,3710,6890,14720,3800,3388,2968,35476,INR/Acre,TNAU Floriculture Guidelines,2024-2025
jasmine,Rabi,Himachal Pradesh,40000,3710,6890,18880,3800,3752,2968,40000,INR/Acre,TNAU Floriculture Guidelines,2024-2025
jasmine,Zaid,Tamil Nadu,40313,3920,7280,17920,4389,3668,3136,40313,INR/Acre,TNAU Floriculture Guidelines,2024-2025
jasmine,Zaid,Karnataka,39766,3920,7280,17600,4190,3640,3136,39766,INR/Acre,TNAU Floriculture Guidelines,2024-2025
jasmine,Zaid,Andhra Pradesh,39766,3920,7280,17600,4190,3640,3136,39766,INR/Acre,TNAU Floriculture Guidelines,2024-2025
jasmine,Zaid,Telangana,39766,3920,7280,17600,4190,3640,3136,39766,INR/Acre,TNAU Floriculture Guidelines,2024-2025
jasmine,Zaid,Maharashtra,39537,3920,7280,17280,4309,3612,3136,39537,INR/Acre,TNAU Floriculture Guidelines,2024-2025
jasmine,Zaid,West Bengal,37228,3920,7280,16000,3392,3500,3136,37228,INR/Acre,TNAU Floriculture Guidelines,2024-2025
jasmine,Zaid,Uttar Pradesh,36434,3920,7280,14720,3990,3388,3136,36434,INR/Acre,TNAU Floriculture Guidelines,2024-2025
jasmine,Zaid,Himachal Pradesh,40958,3920,7280,18880,3990,3752,3136,40958,INR/Acre,TNAU Floriculture Guidelines,2024-2025
tuberose,Kharif,Tamil Nadu,40353,6000,6800,16800,4180,3773,2800,40353,INR/Acre,DFR Floriculture & BCKV Guidelines,2024-2025
tuberose,Kharif,Karnataka,39834,6000,6800,16500,3990,3744,2800,39834,INR/Acre,DFR Floriculture & BCKV Guidelines,2024-2025
tuberose,Kharif,Andhra Pradesh,39834,6000,6800,16500,3990,3744,2800,39834,INR/Acre,DFR Floriculture & BCKV Guidelines,2024-2025
tuberose,Kharif,Telangana,39834,6000,6800,16500,3990,3744,2800,39834,INR/Acre,DFR Floriculture & BCKV Guidelines,2024-2025
tuberose,Kharif,Maharashtra,39619,6000,6800,16200,4104,3715,2800,39619,INR/Acre,DFR Floriculture & BCKV Guidelines,2024-2025
tuberose,Kharif,West Bengal,37430,6000,6800,15000,3230,3600,2800,37430,INR/Acre,DFR Floriculture & BCKV Guidelines,2024-2025
tuberose,Kharif,Uttar Pradesh,36685,6000,6800,13800,3800,3485,2800,36685,INR/Acre,DFR Floriculture & BCKV Guidelines,2024-2025
tuberose,Kharif,Himachal Pradesh,40959,6000,6800,17700,3800,3859,2800,40959,INR/Acre,DFR Floriculture & BCKV Guidelines,2024-2025
tuberose,Rabi,Tamil Nadu,41289,6360,7208,16800,4180,3773,2968,41289,INR/Acre,DFR Floriculture & BCKV Guidelines,2024-2025
tuberose,Rabi,Karnataka,40770,6360,7208,16500,3990,3744,2968,40770,INR/Acre,DFR Floriculture & BCKV Guidelines,2024-2025
tuberose,Rabi,Andhra Pradesh,40770,6360,7208,16500,3990,3744,2968,40770,INR/Acre,DFR Floriculture & BCKV Guidelines,2024-2025
tuberose,Rabi,Telangana,40770,6360,7208,16500,3990,3744,2968,40770,INR/Acre,DFR Floriculture & BCKV Guidelines,2024-2025
tuberose,Rabi,Maharashtra,40555,6360,7208,16200,4104,3715,2968,40555,INR/Acre,DFR Floriculture & BCKV Guidelines,2024-2025
tuberose,Rabi,West Bengal,38366,6360,7208,15000,3230,3600,2968,38366,INR/Acre,DFR Floriculture & BCKV Guidelines,2024-2025
tuberose,Rabi,Uttar Pradesh,37621,6360,7208,13800,3800,3485,2968,37621,INR/Acre,DFR Floriculture & BCKV Guidelines,2024-2025
tuberose,Rabi,Himachal Pradesh,41895,6360,7208,17700,3800,3859,2968,41895,INR/Acre,DFR Floriculture & BCKV Guidelines,2024-2025
tuberose,Zaid,Tamil Nadu,42434,6720,7616,16800,4389,3773,3136,42434,INR/Acre,DFR Floriculture & BCKV Guidelines,2024-2025
tuberose,Zaid,Karnataka,41906,6720,7616,16500,4190,3744,3136,41906,INR/Acre,DFR Floriculture & BCKV Guidelines,2024-2025
tuberose,Zaid,Andhra Pradesh,41906,6720,7616,16500,4190,3744,3136,41906,INR/Acre,DFR Floriculture & BCKV Guidelines,2024-2025
tuberose,Zaid,Telangana,41906,6720,7616,16500,4190,3744,3136,41906,INR/Acre,DFR Floriculture & BCKV Guidelines,2024-2025
tuberose,Zaid,Maharashtra,41696,6720,7616,16200,4309,3715,3136,41696,INR/Acre,DFR Floriculture & BCKV Guidelines,2024-2025
tuberose,Zaid,West Bengal,39464,6720,7616,15000,3392,3600,3136,39464,INR/Acre,DFR Floriculture & BCKV Guidelines,2024-2025
tuberose,Zaid,Uttar Pradesh,38747,6720,7616,13800,3990,3485,3136,38747,INR/Acre,DFR Floriculture & BCKV Guidelines,2024-2025
tuberose,Zaid,Himachal Pradesh,43021,6720,7616,17700,3990,3859,3136,43021,INR/Acre,DFR Floriculture & BCKV Guidelines,2024-2025
gladiolus,Kharif,Tamil Nadu,44198,12000,6500,15680,3850,3668,2500,44198,INR/Acre,DFR Floriculture Cost Guidelines,2024-2025
gladiolus,Kharif,Karnataka,43715,12000,6500,15400,3675,3640,2500,43715,INR/Acre,DFR Floriculture Cost Guidelines,2024-2025
gladiolus,Kharif,Andhra Pradesh,43715,12000,6500,15400,3675,3640,2500,43715,INR/Acre,DFR Floriculture Cost Guidelines,2024-2025
gladiolus,Kharif,Telangana,43715,12000,6500,15400,3675,3640,2500,43715,INR/Acre,DFR Floriculture Cost Guidelines,2024-2025
gladiolus,Kharif,Maharashtra,43512,12000,6500,15120,3780,3612,2500,43512,INR/Acre,DFR Floriculture Cost Guidelines,2024-2025
gladiolus,Kharif,West Bengal,41475,12000,6500,14000,2975,3500,2500,41475,INR/Acre,DFR Floriculture Cost Guidelines,2024-2025
gladiolus,Kharif,Uttar Pradesh,40768,12000,6500,12880,3500,3388,2500,40768,INR/Acre,DFR Floriculture Cost Guidelines,2024-2025
gladiolus,Kharif,Himachal Pradesh,44772,12000,6500,16520,3500,3752,2500,44772,INR/Acre,DFR Floriculture Cost Guidelines,2024-2025
gladiolus,Rabi,Tamil Nadu,45458,12720,6890,15680,3850,3668,2650,45458,INR/Acre,DFR Floriculture Cost Guidelines,2024-2025
gladiolus,Rabi,Karnataka,44975,12720,6890,15400,3675,3640,2650,44975,INR/Acre,DFR Floriculture Cost Guidelines,2024-2025
gladiolus,Rabi,Andhra Pradesh,44975,12720,6890,15400,3675,3640,2650,44975,INR/Acre,DFR Floriculture Cost Guidelines,2024-2025
gladiolus,Rabi,Telangana,44975,12720,6890,15400,3675,3640,2650,44975,INR/Acre,DFR Floriculture Cost Guidelines,2024-2025
gladiolus,Rabi,Maharashtra,44772,12720,6890,15120,3780,3612,2650,44772,INR/Acre,DFR Floriculture Cost Guidelines,2024-2025
gladiolus,Rabi,West Bengal,42735,12720,6890,14000,2975,3500,2650,42735,INR/Acre,DFR Floriculture Cost Guidelines,2024-2025
gladiolus,Rabi,Uttar Pradesh,42028,12720,6890,12880,3500,3388,2650,42028,INR/Acre,DFR Floriculture Cost Guidelines,2024-2025
gladiolus,Rabi,Himachal Pradesh,46032,12720,6890,16520,3500,3752,2650,46032,INR/Acre,DFR Floriculture Cost Guidelines,2024-2025
gladiolus,Zaid,Tamil Nadu,46911,13440,7280,15680,4043,3668,2800,46911,INR/Acre,DFR Floriculture Cost Guidelines,2024-2025
gladiolus,Zaid,Karnataka,46419,13440,7280,15400,3859,3640,2800,46419,INR/Acre,DFR Floriculture Cost Guidelines,2024-2025
gladiolus,Zaid,Andhra Pradesh,46419,13440,7280,15400,3859,3640,2800,46419,INR/Acre,DFR Floriculture Cost Guidelines,2024-2025
gladiolus,Zaid,Telangana,46419,13440,7280,15400,3859,3640,2800,46419,INR/Acre,DFR Floriculture Cost Guidelines,2024-2025
gladiolus,Zaid,Maharashtra,46221,13440,7280,15120,3969,3612,2800,46221,INR/Acre,DFR Floriculture Cost Guidelines,2024-2025
gladiolus,Zaid,West Bengal,44144,13440,7280,14000,3124,3500,2800,44144,INR/Acre,DFR Floriculture Cost Guidelines,2024-2025
gladiolus,Zaid,Uttar Pradesh,43463,13440,7280,12880,3675,3388,2800,43463,INR/Acre,DFR Floriculture Cost Guidelines,2024-2025
gladiolus,Zaid,Himachal Pradesh,47467,13440,7280,16520,3675,3752,2800,47467,INR/Acre,DFR Floriculture Cost Guidelines,2024-2025
carnation,Kharif,Tamil Nadu,65356,18000,8500,24640,5500,4716,4000,65356,INR/Acre,NHB Polyhouse Cut-Flower Norms,2024-2025
carnation,Kharif,Karnataka,64630,18000,8500,24200,5250,4680,4000,64630,INR/Acre,NHB Polyhouse Cut-Flower Norms,2024-2025
carnation,Kharif,Andhra Pradesh,64630,18000,8500,24200,5250,4680,4000,64630,INR/Acre,NHB Polyhouse Cut-Flower Norms,2024-2025
carnation,Kharif,Telangana,64630,18000,8500,24200,5250,4680,4000,64630,INR/Acre,NHB Polyhouse Cut-Flower Norms,2024-2025
carnation,Kharif,Maharashtra,64304,18000,8500,23760,5400,4644,4000,64304,INR/Acre,NHB Polyhouse Cut-Flower Norms,2024-2025
carnation,Kharif,West Bengal,61250,18000,8500,22000,4250,4500,4000,61250,INR/Acre,NHB Polyhouse Cut-Flower Norms,2024-2025
carnation,Kharif,Uttar Pradesh,60096,18000,8500,20240,5000,4356,4000,60096,INR/Acre,NHB Polyhouse Cut-Flower Norms,2024-2025
carnation,Kharif,Himachal Pradesh,66284,18000,8500,25960,5000,4824,4000,66284,INR/Acre,NHB Polyhouse Cut-Flower Norms,2024-2025
carnation,Rabi,Tamil Nadu,67186,19080,9010,24640,5500,4716,4240,67186,INR/Acre,NHB Polyhouse Cut-Flower Norms,2024-2025
carnation,Rabi,Karnataka,66460,19080,9010,24200,5250,4680,4240,66460,INR/Acre,NHB Polyhouse Cut-Flower Norms,2024-2025
carnation,Rabi,Andhra Pradesh,66460,19080,9010,24200,5250,4680,4240,66460,INR/Acre,NHB Polyhouse Cut-Flower Norms,2024-2025
carnation,Rabi,Telangana,66460,19080,9010,24200,5250,4680,4240,66460,INR/Acre,NHB Polyhouse Cut-Flower Norms,2024-2025
carnation,Rabi,Maharashtra,66134,19080,9010,23760,5400,4644,4240,66134,INR/Acre,NHB Polyhouse Cut-Flower Norms,2024-2025
carnation,Rabi,West Bengal,63080,19080,9010,22000,4250,4500,4240,63080,INR/Acre,NHB Polyhouse Cut-Flower Norms,2024-2025
carnation,Rabi,Uttar Pradesh,61926,19080,9010,20240,5000,4356,4240,61926,INR/Acre,NHB Polyhouse Cut-Flower Norms,2024-2025
carnation,Rabi,Himachal Pradesh,68114,19080,9010,25960,5000,4824,4240,68114,INR/Acre,NHB Polyhouse Cut-Flower Norms,2024-2025
carnation,Zaid,Tamil Nadu,69291,20160,9520,24640,5775,4716,4480,69291,INR/Acre,NHB Polyhouse Cut-Flower Norms,2024-2025
carnation,Zaid,Karnataka,68552,20160,9520,24200,5512,4680,4480,68552,INR/Acre,NHB Polyhouse Cut-Flower Norms,2024-2025
carnation,Zaid,Andhra Pradesh,68552,20160,9520,24200,5512,4680,4480,68552,INR/Acre,NHB Polyhouse Cut-Flower Norms,2024-2025
carnation,Zaid,Telangana,68552,20160,9520,24200,5512,4680,4480,68552,INR/Acre,NHB Polyhouse Cut-Flower Norms,2024-2025
carnation,Zaid,Maharashtra,68234,20160,9520,23760,5670,4644,4480,68234,INR/Acre,NHB Polyhouse Cut-Flower Norms,2024-2025
carnation,Zaid,West Bengal,65122,20160,9520,22000,4462,4500,4480,65122,INR/Acre,NHB Polyhouse Cut-Flower Norms,2024-2025
carnation,Zaid,Uttar Pradesh,64006,20160,9520,20240,5250,4356,4480,64006,INR/Acre,NHB Polyhouse Cut-Flower Norms,2024-2025
carnation,Zaid,Himachal Pradesh,70194,20160,9520,25960,5250,4824,4480,70194,INR/Acre,NHB Polyhouse Cut-Flower Norms,2024-2025
gerbera,Kharif,Tamil Nadu,59882,16000,8000,22400,5280,4402,3800,59882,INR/Acre,NHB Polyhouse Cut-Flower Norms,2024-2025
gerbera,Kharif,Karnataka,59208,16000,8000,22000,5040,4368,3800,59208,INR/Acre,NHB Polyhouse Cut-Flower Norms,2024-2025
gerbera,Kharif,Andhra Pradesh,59208,16000,8000,22000,5040,4368,3800,59208,INR/Acre,NHB Polyhouse Cut-Flower Norms,2024-2025
gerbera,Kharif,Telangana,59208,16000,8000,22000,5040,4368,3800,59208,INR/Acre,NHB Polyhouse Cut-Flower Norms,2024-2025
gerbera,Kharif,Maharashtra,58918,16000,8000,21600,5184,4334,3800,58918,INR/Acre,NHB Polyhouse Cut-Flower Norms,2024-2025
gerbera,Kharif,West Bengal,56080,16000,8000,20000,4080,4200,3800,56080,INR/Acre,NHB Polyhouse Cut-Flower Norms,2024-2025
gerbera,Kharif,Uttar Pradesh,55066,16000,8000,18400,4800,4066,3800,55066,INR/Acre,NHB Polyhouse Cut-Flower Norms,2024-2025
gerbera,Kharif,Himachal Pradesh,60702,16000,8000,23600,4800,4502,3800,60702,INR/Acre,NHB Polyhouse Cut-Flower Norms,2024-2025
gerbera,Rabi,Tamil Nadu,61550,16960,8480,22400,5280,4402,4028,61550,INR/Acre,NHB Polyhouse Cut-Flower Norms,2024-2025
gerbera,Rabi,Karnataka,60876,16960,8480,22000,5040,4368,4028,60876,INR/Acre,NHB Polyhouse Cut-Flower Norms,2024-2025
gerbera,Rabi,Andhra Pradesh,60876,16960,8480,22000,5040,4368,4028,60876,INR/Acre,NHB Polyhouse Cut-Flower Norms,2024-2025
gerbera,Rabi,Telangana,60876,16960,8480,22000,5040,4368,4028,60876,INR/Acre,NHB Polyhouse Cut-Flower Norms,2024-2025
gerbera,Rabi,Maharashtra,60586,16960,8480,21600,5184,4334,4028,60586,INR/Acre,NHB Polyhouse Cut-Flower Norms,2024-2025
gerbera,Rabi,West Bengal,57748,16960,8480,20000,4080,4200,4028,57748,INR/Acre,NHB Polyhouse Cut-Flower Norms,2024-2025
gerbera,Rabi,Uttar Pradesh,56734,16960,8480,18400,4800,4066,4028,56734,INR/Acre,NHB Polyhouse Cut-Flower Norms,2024-2025
gerbera,Rabi,Himachal Pradesh,62370,16960,8480,23600,4800,4502,4028,62370,INR/Acre,NHB Polyhouse Cut-Flower Norms,2024-2025
gerbera,Zaid,Tamil Nadu,63482,17920,8960,22400,5544,4402,4256,63482,INR/Acre,NHB Polyhouse Cut-Flower Norms,2024-2025
gerbera,Zaid,Karnataka,62796,17920,8960,22000,5292,4368,4256,62796,INR/Acre,NHB Polyhouse Cut-Flower Norms,2024-2025
gerbera,Zaid,Andhra Pradesh,62796,17920,8960,22000,5292,4368,4256,62796,INR/Acre,NHB Polyhouse Cut-Flower Norms,2024-2025
gerbera,Zaid,Telangana,62796,17920,8960,22000,5292,4368,4256,62796,INR/Acre,NHB Polyhouse Cut-Flower Norms,2024-2025
gerbera,Zaid,Maharashtra,62513,17920,8960,21600,5443,4334,4256,62513,INR/Acre,NHB Polyhouse Cut-Flower Norms,2024-2025
gerbera,Zaid,West Bengal,59620,17920,8960,20000,4284,4200,4256,59620,INR/Acre,NHB Polyhouse Cut-Flower Norms,2024-2025
gerbera,Zaid,Uttar Pradesh,58642,17920,8960,18400,5040,4066,4256,58642,INR/Acre,NHB Polyhouse Cut-Flower Norms,2024-2025
gerbera,Zaid,Himachal Pradesh,64278,17920,8960,23600,5040,4502,4256,64278,INR/Acre,NHB Polyhouse Cut-Flower Norms,2024-2025
chrysanthemum,Kharif,Tamil Nadu,36198,4500,6000,15680,3850,3668,2500,36198,INR/Acre,DFR Floriculture Cost Guidelines,2024-2025
chrysanthemum,Kharif,Karnataka,35715,4500,6000,15400,3675,3640,2500,35715,INR/Acre,DFR Floriculture Cost Guidelines,2024-2025
chrysanthemum,Kharif,Andhra Pradesh,35715,4500,6000,15400,3675,3640,2500,35715,INR/Acre,DFR Floriculture Cost Guidelines,2024-2025
chrysanthemum,Kharif,Telangana,35715,4500,6000,15400,3675,3640,2500,35715,INR/Acre,DFR Floriculture Cost Guidelines,2024-2025
chrysanthemum,Kharif,Maharashtra,35512,4500,6000,15120,3780,3612,2500,35512,INR/Acre,DFR Floriculture Cost Guidelines,2024-2025
chrysanthemum,Kharif,West Bengal,33475,4500,6000,14000,2975,3500,2500,33475,INR/Acre,DFR Floriculture Cost Guidelines,2024-2025
chrysanthemum,Kharif,Uttar Pradesh,32768,4500,6000,12880,3500,3388,2500,32768,INR/Acre,DFR Floriculture Cost Guidelines,2024-2025
chrysanthemum,Kharif,Himachal Pradesh,36772,4500,6000,16520,3500,3752,2500,36772,INR/Acre,DFR Floriculture Cost Guidelines,2024-2025
chrysanthemum,Rabi,Tamil Nadu,36978,4770,6360,15680,3850,3668,2650,36978,INR/Acre,DFR Floriculture Cost Guidelines,2024-2025
chrysanthemum,Rabi,Karnataka,36495,4770,6360,15400,3675,3640,2650,36495,INR/Acre,DFR Floriculture Cost Guidelines,2024-2025
chrysanthemum,Rabi,Andhra Pradesh,36495,4770,6360,15400,3675,3640,2650,36495,INR/Acre,DFR Floriculture Cost Guidelines,2024-2025
chrysanthemum,Rabi,Telangana,36495,4770,6360,15400,3675,3640,2650,36495,INR/Acre,DFR Floriculture Cost Guidelines,2024-2025
chrysanthemum,Rabi,Maharashtra,36292,4770,6360,15120,3780,3612,2650,36292,INR/Acre,DFR Floriculture Cost Guidelines,2024-2025
chrysanthemum,Rabi,West Bengal,34255,4770,6360,14000,2975,3500,2650,34255,INR/Acre,DFR Floriculture Cost Guidelines,2024-2025
chrysanthemum,Rabi,Uttar Pradesh,33548,4770,6360,12880,3500,3388,2650,33548,INR/Acre,DFR Floriculture Cost Guidelines,2024-2025
chrysanthemum,Rabi,Himachal Pradesh,37552,4770,6360,16520,3500,3752,2650,37552,INR/Acre,DFR Floriculture Cost Guidelines,2024-2025
chrysanthemum,Zaid,Tamil Nadu,37951,5040,6720,15680,4043,3668,2800,37951,INR/Acre,DFR Floriculture Cost Guidelines,2024-2025
chrysanthemum,Zaid,Karnataka,37459,5040,6720,15400,3859,3640,2800,37459,INR/Acre,DFR Floriculture Cost Guidelines,2024-2025
chrysanthemum,Zaid,Andhra Pradesh,37459,5040,6720,15400,3859,3640,2800,37459,INR/Acre,DFR Floriculture Cost Guidelines,2024-2025
chrysanthemum,Zaid,Telangana,37459,5040,6720,15400,3859,3640,2800,37459,INR/Acre,DFR Floriculture Cost Guidelines,2024-2025
chrysanthemum,Zaid,Maharashtra,37261,5040,6720,15120,3969,3612,2800,37261,INR/Acre,DFR Floriculture Cost Guidelines,2024-2025
chrysanthemum,Zaid,West Bengal,35184,5040,6720,14000,3124,3500,2800,35184,INR/Acre,DFR Floriculture Cost Guidelines,2024-2025
chrysanthemum,Zaid,Uttar Pradesh,34503,5040,6720,12880,3675,3388,2800,34503,INR/Acre,DFR Floriculture Cost Guidelines,2024-2025
chrysanthemum,Zaid,Himachal Pradesh,38507,5040,6720,16520,3675,3752,2800,38507,INR/Acre,DFR Floriculture Cost Guidelines,2024-2025
orchid,Kharif,Tamil Nadu,75790,22000,9500,28000,6050,5240,5000,75790,INR/Acre,NRC Orchids Pakyong & NHB Guidelines,2024-2025
orchid,Kharif,Karnataka,74975,22000,9500,27500,5775,5200,5000,74975,INR/Acre,NRC Orchids Pakyong & NHB Guidelines,2024-2025
orchid,Kharif,Andhra Pradesh,74975,22000,9500,27500,5775,5200,5000,74975,INR/Acre,NRC Orchids Pakyong & NHB Guidelines,2024-2025
orchid,Kharif,Telangana,74975,22000,9500,27500,5775,5200,5000,74975,INR/Acre,NRC Orchids Pakyong & NHB Guidelines,2024-2025
orchid,Kharif,Maharashtra,74600,22000,9500,27000,5940,5160,5000,74600,INR/Acre,NRC Orchids Pakyong & NHB Guidelines,2024-2025
orchid,Kharif,West Bengal,71175,22000,9500,25000,4675,5000,5000,71175,INR/Acre,NRC Orchids Pakyong & NHB Guidelines,2024-2025
orchid,Kharif,Uttar Pradesh,69840,22000,9500,23000,5500,4840,5000,69840,INR/Acre,NRC Orchids Pakyong & NHB Guidelines,2024-2025
orchid,Kharif,Himachal Pradesh,76860,22000,9500,29500,5500,5360,5000,76860,INR/Acre,NRC Orchids Pakyong & NHB Guidelines,2024-2025
orchid,Rabi,Tamil Nadu,77980,23320,10070,28000,6050,5240,5300,77980,INR/Acre,NRC Orchids Pakyong & NHB Guidelines,2024-2025
orchid,Rabi,Karnataka,77165,23320,10070,27500,5775,5200,5300,77165,INR/Acre,NRC Orchids Pakyong & NHB Guidelines,2024-2025
orchid,Rabi,Andhra Pradesh,77165,23320,10070,27500,5775,5200,5300,77165,INR/Acre,NRC Orchids Pakyong & NHB Guidelines,2024-2025
orchid,Rabi,Telangana,77165,23320,10070,27500,5775,5200,5300,77165,INR/Acre,NRC Orchids Pakyong & NHB Guidelines,2024-2025
orchid,Rabi,Maharashtra,76790,23320,10070,27000,5940,5160,5300,76790,INR/Acre,NRC Orchids Pakyong & NHB Guidelines,2024-2025
orchid,Rabi,West Bengal,73365,23320,10070,25000,4675,5000,5300,73365,INR/Acre,NRC Orchids Pakyong & NHB Guidelines,2024-2025
orchid,Rabi,Uttar Pradesh,72030,23320,10070,23000,5500,4840,5300,72030,INR/Acre,NRC Orchids Pakyong & NHB Guidelines,2024-2025
orchid,Rabi,Himachal Pradesh,79050,23320,10070,29500,5500,5360,5300,79050,INR/Acre,NRC Orchids Pakyong & NHB Guidelines,2024-2025
orchid,Zaid,Tamil Nadu,80473,24640,10640,28000,6353,5240,5600,80473,INR/Acre,NRC Orchids Pakyong & NHB Guidelines,2024-2025
orchid,Zaid,Karnataka,79644,24640,10640,27500,6064,5200,5600,79644,INR/Acre,NRC Orchids Pakyong & NHB Guidelines,2024-2025
orchid,Zaid,Andhra Pradesh,79644,24640,10640,27500,6064,5200,5600,79644,INR/Acre,NRC Orchids Pakyong & NHB Guidelines,2024-2025
orchid,Zaid,Telangana,79644,24640,10640,27500,6064,5200,5600,79644,INR/Acre,NRC Orchids Pakyong & NHB Guidelines,2024-2025
orchid,Zaid,Maharashtra,79277,24640,10640,27000,6237,5160,5600,79277,INR/Acre,NRC Orchids Pakyong & NHB Guidelines,2024-2025
orchid,Zaid,West Bengal,75789,24640,10640,25000,4909,5000,5600,75789,INR/Acre,NRC Orchids Pakyong & NHB Guidelines,2024-2025
orchid,Zaid,Uttar Pradesh,74495,24640,10640,23000,5775,4840,5600,74495,INR/Acre,NRC Orchids Pakyong & NHB Guidelines,2024-2025
orchid,Zaid,Himachal Pradesh,81515,24640,10640,29500,5775,5360,5600,81515,INR/Acre,NRC Orchids Pakyong & NHB Guidelines,2024-2025
hybrid napier grass,Kharif,Punjab,21379,2200,3500,9375,2464,2640,1200,21379,INR/Acre,ICAR-IGFRI Fodder Cost Guidelines,2024-2025
hybrid napier grass,Kharif,Haryana,21125,2200,3500,9150,2464,2611,1200,21125,INR/Acre,ICAR-IGFRI Fodder Cost Guidelines,2024-2025
hybrid napier grass,Kharif,Rajasthan,19396,2200,3500,7500,2596,2400,1200,19396,INR/Acre,ICAR-IGFRI Fodder Cost Guidelines,2024-2025
hybrid napier grass,Kharif,Gujarat,19838,2200,3500,7950,2530,2458,1200,19838,INR/Acre,ICAR-IGFRI Fodder Cost Guidelines,2024-2025
hybrid napier grass,Kharif,Maharashtra,19853,2200,3500,8100,2376,2477,1200,19853,INR/Acre,ICAR-IGFRI Fodder Cost Guidelines,2024-2025
hybrid napier grass,Kharif,Karnataka,19956,2200,3500,8250,2310,2496,1200,19956,INR/Acre,ICAR-IGFRI Fodder Cost Guidelines,2024-2025
hybrid napier grass,Kharif,Tamil Nadu,20235,2200,3500,8400,2420,2515,1200,20235,INR/Acre,ICAR-IGFRI Fodder Cost Guidelines,2024-2025
hybrid napier grass,Kharif,Uttar Pradesh,18323,2200,3500,6900,2200,2323,1200,18323,INR/Acre,ICAR-IGFRI Fodder Cost Guidelines,2024-2025
hybrid napier grass,Rabi,Punjab,21793,2332,3710,9375,2464,2640,1272,21793,INR/Acre,ICAR-IGFRI Fodder Cost Guidelines,2024-2025
hybrid napier grass,Rabi,Haryana,21539,2332,3710,9150,2464,2611,1272,21539,INR/Acre,ICAR-IGFRI Fodder Cost Guidelines,2024-2025
hybrid napier grass,Rabi,Rajasthan,19810,2332,3710,7500,2596,2400,1272,19810,INR/Acre,ICAR-IGFRI Fodder Cost Guidelines,2024-2025
hybrid napier grass,Rabi,Gujarat,20252,2332,3710,7950,2530,2458,1272,20252,INR/Acre,ICAR-IGFRI Fodder Cost Guidelines,2024-2025
hybrid napier grass,Rabi,Maharashtra,20267,2332,3710,8100,2376,2477,1272,20267,INR/Acre,ICAR-IGFRI Fodder Cost Guidelines,2024-2025
hybrid napier grass,Rabi,Karnataka,20370,2332,3710,8250,2310,2496,1272,20370,INR/Acre,ICAR-IGFRI Fodder Cost Guidelines,2024-2025
hybrid napier grass,Rabi,Tamil Nadu,20649,2332,3710,8400,2420,2515,1272,20649,INR/Acre,ICAR-IGFRI Fodder Cost Guidelines,2024-2025
hybrid napier grass,Rabi,Uttar Pradesh,18737,2332,3710,6900,2200,2323,1272,18737,INR/Acre,ICAR-IGFRI Fodder Cost Guidelines,2024-2025
hybrid napier grass,Zaid,Punjab,22330,2464,3920,9375,2587,2640,1344,22330,INR/Acre,ICAR-IGFRI Fodder Cost Guidelines,2024-2025
hybrid napier grass,Zaid,Haryana,22076,2464,3920,9150,2587,2611,1344,22076,INR/Acre,ICAR-IGFRI Fodder Cost Guidelines,2024-2025
hybrid napier grass,Zaid,Rajasthan,20354,2464,3920,7500,2726,2400,1344,20354,INR/Acre,ICAR-IGFRI Fodder Cost Guidelines,2024-2025
hybrid napier grass,Zaid,Gujarat,20792,2464,3920,7950,2656,2458,1344,20792,INR/Acre,ICAR-IGFRI Fodder Cost Guidelines,2024-2025
hybrid napier grass,Zaid,Maharashtra,20800,2464,3920,8100,2495,2477,1344,20800,INR/Acre,ICAR-IGFRI Fodder Cost Guidelines,2024-2025
hybrid napier grass,Zaid,Karnataka,20900,2464,3920,8250,2426,2496,1344,20900,INR/Acre,ICAR-IGFRI Fodder Cost Guidelines,2024-2025
hybrid napier grass,Zaid,Tamil Nadu,21184,2464,3920,8400,2541,2515,1344,21184,INR/Acre,ICAR-IGFRI Fodder Cost Guidelines,2024-2025
hybrid napier grass,Zaid,Uttar Pradesh,19261,2464,3920,6900,2310,2323,1344,19261,INR/Acre,ICAR-IGFRI Fodder Cost Guidelines,2024-2025
sorghum fodder,Kharif,Punjab,15675,1200,2500,6875,1680,2420,1000,15675,INR/Acre,ICAR-IGFRI Fodder Cost Guidelines,2024-2025
sorghum fodder,Kharif,Haryana,15484,1200,2500,6710,1680,2394,1000,15484,INR/Acre,ICAR-IGFRI Fodder Cost Guidelines,2024-2025
sorghum fodder,Kharif,Rajasthan,14170,1200,2500,5500,1770,2200,1000,14170,INR/Acre,ICAR-IGFRI Fodder Cost Guidelines,2024-2025
sorghum fodder,Kharif,Gujarat,14508,1200,2500,5830,1725,2253,1000,14508,INR/Acre,ICAR-IGFRI Fodder Cost Guidelines,2024-2025
sorghum fodder,Kharif,Maharashtra,14530,1200,2500,5940,1620,2270,1000,14530,INR/Acre,ICAR-IGFRI Fodder Cost Guidelines,2024-2025
sorghum fodder,Kharif,Karnataka,14613,1200,2500,6050,1575,2288,1000,14613,INR/Acre,ICAR-IGFRI Fodder Cost Guidelines,2024-2025
sorghum fodder,Kharif,Tamil Nadu,14816,1200,2500,6160,1650,2306,1000,14816,INR/Acre,ICAR-IGFRI Fodder Cost Guidelines,2024-2025
sorghum fodder,Kharif,Uttar Pradesh,13390,1200,2500,5060,1500,2130,1000,13390,INR/Acre,ICAR-IGFRI Fodder Cost Guidelines,2024-2025
sorghum fodder,Rabi,Punjab,15957,1272,2650,6875,1680,2420,1060,15957,INR/Acre,ICAR-IGFRI Fodder Cost Guidelines,2024-2025
sorghum fodder,Rabi,Haryana,15766,1272,2650,6710,1680,2394,1060,15766,INR/Acre,ICAR-IGFRI Fodder Cost Guidelines,2024-2025
sorghum fodder,Rabi,Rajasthan,14452,1272,2650,5500,1770,2200,1060,14452,INR/Acre,ICAR-IGFRI Fodder Cost Guidelines,2024-2025
sorghum fodder,Rabi,Gujarat,14790,1272,2650,5830,1725,2253,1060,14790,INR/Acre,ICAR-IGFRI Fodder Cost Guidelines,2024-2025
sorghum fodder,Rabi,Maharashtra,14812,1272,2650,5940,1620,2270,1060,14812,INR/Acre,ICAR-IGFRI Fodder Cost Guidelines,2024-2025
sorghum fodder,Rabi,Karnataka,14895,1272,2650,6050,1575,2288,1060,14895,INR/Acre,ICAR-IGFRI Fodder Cost Guidelines,2024-2025
sorghum fodder,Rabi,Tamil Nadu,15098,1272,2650,6160,1650,2306,1060,15098,INR/Acre,ICAR-IGFRI Fodder Cost Guidelines,2024-2025
sorghum fodder,Rabi,Uttar Pradesh,13672,1272,2650,5060,1500,2130,1060,13672,INR/Acre,ICAR-IGFRI Fodder Cost Guidelines,2024-2025
sorghum fodder,Zaid,Punjab,16323,1344,2800,6875,1764,2420,1120,16323,INR/Acre,ICAR-IGFRI Fodder Cost Guidelines,2024-2025
sorghum fodder,Zaid,Haryana,16132,1344,2800,6710,1764,2394,1120,16132,INR/Acre,ICAR-IGFRI Fodder Cost Guidelines,2024-2025
sorghum fodder,Zaid,Rajasthan,14822,1344,2800,5500,1858,2200,1120,14822,INR/Acre,ICAR-IGFRI Fodder Cost Guidelines,2024-2025
sorghum fodder,Zaid,Gujarat,15158,1344,2800,5830,1811,2253,1120,15158,INR/Acre,ICAR-IGFRI Fodder Cost Guidelines,2024-2025
sorghum fodder,Zaid,Maharashtra,15175,1344,2800,5940,1701,2270,1120,15175,INR/Acre,ICAR-IGFRI Fodder Cost Guidelines,2024-2025
sorghum fodder,Zaid,Karnataka,15256,1344,2800,6050,1654,2288,1120,15256,INR/Acre,ICAR-IGFRI Fodder Cost Guidelines,2024-2025
sorghum fodder,Zaid,Tamil Nadu,15463,1344,2800,6160,1733,2306,1120,15463,INR/Acre,ICAR-IGFRI Fodder Cost Guidelines,2024-2025
sorghum fodder,Zaid,Uttar Pradesh,14029,1344,2800,5060,1575,2130,1120,14029,INR/Acre,ICAR-IGFRI Fodder Cost Guidelines,2024-2025
subabul,Kharif,Punjab,12549,1000,1800,5625,1344,1980,800,12549,INR/Acre,ICAR-IGFRI Fodder Cost Guidelines,2024-2025
subabul,Kharif,Haryana,12392,1000,1800,5490,1344,1958,800,12392,INR/Acre,ICAR-IGFRI Fodder Cost Guidelines,2024-2025
subabul,Kharif,Rajasthan,11316,1000,1800,4500,1416,1800,800,11316,INR/Acre,ICAR-IGFRI Fodder Cost Guidelines,2024-2025
subabul,Kharif,Gujarat,11593,1000,1800,4770,1380,1843,800,11593,INR/Acre,ICAR-IGFRI Fodder Cost Guidelines,2024-2025
subabul,Kharif,Maharashtra,11614,1000,1800,4860,1296,1858,800,11614,INR/Acre,ICAR-IGFRI Fodder Cost Guidelines,2024-2025
subabul,Kharif,Karnataka,11682,1000,1800,4950,1260,1872,800,11682,INR/Acre,ICAR-IGFRI Fodder Cost Guidelines,2024-2025
subabul,Kharif,Tamil Nadu,11846,1000,1800,5040,1320,1886,800,11846,INR/Acre,ICAR-IGFRI Fodder Cost Guidelines,2024-2025
subabul,Kharif,Uttar Pradesh,10682,1000,1800,4140,1200,1742,800,10682,INR/Acre,ICAR-IGFRI Fodder Cost Guidelines,2024-2025
subabul,Rabi,Punjab,12765,1060,1908,5625,1344,1980,848,12765,INR/Acre,ICAR-IGFRI Fodder Cost Guidelines,2024-2025
subabul,Rabi,Haryana,12608,1060,1908,5490,1344,1958,848,12608,INR/Acre,ICAR-IGFRI Fodder Cost Guidelines,2024-2025
subabul,Rabi,Rajasthan,11532,1060,1908,4500,1416,1800,848,11532,INR/Acre,ICAR-IGFRI Fodder Cost Guidelines,2024-2025
subabul,Rabi,Gujarat,11809,1060,1908,4770,1380,1843,848,11809,INR/Acre,ICAR-IGFRI Fodder Cost Guidelines,2024-2025
subabul,Rabi,Maharashtra,11830,1060,1908,4860,1296,1858,848,11830,INR/Acre,ICAR-IGFRI Fodder Cost Guidelines,2024-2025
subabul,Rabi,Karnataka,11898,1060,1908,4950,1260,1872,848,11898,INR/Acre,ICAR-IGFRI Fodder Cost Guidelines,2024-2025
subabul,Rabi,Tamil Nadu,12062,1060,1908,5040,1320,1886,848,12062,INR/Acre,ICAR-IGFRI Fodder Cost Guidelines,2024-2025
subabul,Rabi,Uttar Pradesh,10898,1060,1908,4140,1200,1742,848,10898,INR/Acre,ICAR-IGFRI Fodder Cost Guidelines,2024-2025
subabul,Zaid,Punjab,13048,1120,2016,5625,1411,1980,896,13048,INR/Acre,ICAR-IGFRI Fodder Cost Guidelines,2024-2025
subabul,Zaid,Haryana,12891,1120,2016,5490,1411,1958,896,12891,INR/Acre,ICAR-IGFRI Fodder Cost Guidelines,2024-2025
subabul,Zaid,Rajasthan,11819,1120,2016,4500,1487,1800,896,11819,INR/Acre,ICAR-IGFRI Fodder Cost Guidelines,2024-2025
subabul,Zaid,Gujarat,12094,1120,2016,4770,1449,1843,896,12094,INR/Acre,ICAR-IGFRI Fodder Cost Guidelines,2024-2025
subabul,Zaid,Maharashtra,12111,1120,2016,4860,1361,1858,896,12111,INR/Acre,ICAR-IGFRI Fodder Cost Guidelines,2024-2025
subabul,Zaid,Karnataka,12177,1120,2016,4950,1323,1872,896,12177,INR/Acre,ICAR-IGFRI Fodder Cost Guidelines,2024-2025
subabul,Zaid,Tamil Nadu,12344,1120,2016,5040,1386,1886,896,12344,INR/Acre,ICAR-IGFRI Fodder Cost Guidelines,2024-2025
subabul,Zaid,Uttar Pradesh,11174,1120,2016,4140,1260,1742,896,11174,INR/Acre,ICAR-IGFRI Fodder Cost Guidelines,2024-2025
berseem,Rabi,Punjab,17698,1484,2968,7750,2016,2420,1060,17698,INR/Acre,ICAR-IGFRI Fodder Cost Guidelines,2024-2025
berseem,Rabi,Haryana,17486,1484,2968,7564,2016,2394,1060,17486,INR/Acre,ICAR-IGFRI Fodder Cost Guidelines,2024-2025
berseem,Rabi,Uttar Pradesh,15146,1484,2968,5704,1800,2130,1060,15146,INR/Acre,ICAR-IGFRI Fodder Cost Guidelines,2024-2025
berseem,Rabi,Rajasthan,16036,1484,2968,6200,2124,2200,1060,16036,INR/Acre,ICAR-IGFRI Fodder Cost Guidelines,2024-2025
berseem,Rabi,Gujarat,16407,1484,2968,6572,2070,2253,1060,16407,INR/Acre,ICAR-IGFRI Fodder Cost Guidelines,2024-2025
berseem,Rabi,Madhya Pradesh,15146,1484,2968,5704,1800,2130,1060,15146,INR/Acre,ICAR-IGFRI Fodder Cost Guidelines,2024-2025
berseem,Rabi,Bihar,14682,1484,2968,5456,1620,2094,1060,14682,INR/Acre,ICAR-IGFRI Fodder Cost Guidelines,2024-2025
lucerne (alfalfa),Rabi,Punjab,19312,1696,3180,8500,2240,2530,1166,19312,INR/Acre,ICAR-IGFRI Fodder Cost Guidelines,2024-2025
lucerne (alfalfa),Rabi,Haryana,19080,1696,3180,8296,2240,2502,1166,19080,INR/Acre,ICAR-IGFRI Fodder Cost Guidelines,2024-2025
lucerne (alfalfa),Rabi,Uttar Pradesh,16524,1696,3180,6256,2000,2226,1166,16524,INR/Acre,ICAR-IGFRI Fodder Cost Guidelines,2024-2025
lucerne (alfalfa),Rabi,Rajasthan,17502,1696,3180,6800,2360,2300,1166,17502,INR/Acre,ICAR-IGFRI Fodder Cost Guidelines,2024-2025
lucerne (alfalfa),Rabi,Gujarat,17905,1696,3180,7208,2300,2355,1166,17905,INR/Acre,ICAR-IGFRI Fodder Cost Guidelines,2024-2025
lucerne (alfalfa),Rabi,Madhya Pradesh,16524,1696,3180,6256,2000,2226,1166,16524,INR/Acre,ICAR-IGFRI Fodder Cost Guidelines,2024-2025
lucerne (alfalfa),Rabi,Bihar,16016,1696,3180,5984,1800,2190,1166,16016,INR/Acre,ICAR-IGFRI Fodder Cost Guidelines,2024-2025
